x,y,z,pot
-241.3581,19.0532,-621.7271,0.000000
-242.2957,19.0830,-623.1176,0.000242
-243.2262,19.1125,-624.4968,0.000481
-244.1422,19.1416,-625.8542,0.000717
-245.0389,19.1700,-627.1834,0.000948
-245.9145,19.1977,-628.4825,0.001174
-246.7700,19.2248,-629.7532,0.001395
-247.6082,19.2513,-631.0005,0.001611
-248.4328,19.2774,-632.2300,0.001824
-249.2472,19.3032,-633.4468,0.002035
-250.0548,19.3288,-634.6555,0.002245
-250.8578,19.3543,-635.8600,0.002453
-251.6582,19.3797,-637.0624,0.002662
-252.4571,19.4051,-638.2641,0.002869
-253.2554,19.4305,-639.4662,0.003077
-254.0539,19.4559,-640.6696,0.003285
-254.8529,19.4815,-641.8746,0.003494
-255.6530,19.5071,-643.0814,0.003702
-256.4542,19.5327,-644.2901,0.003911
-257.2569,19.5585,-645.5013,0.004121
-258.0612,19.5843,-646.7147,0.004330
-258.8671,19.6102,-647.9305,0.004541
-259.6748,19.6361,-649.1489,0.004751
-260.4843,19.6620,-650.3698,0.004962
-261.2957,19.6879,-651.5933,0.005174
-264.6667,19.7958,-656.6758,0.006052
-265.5416,19.8261,-657.9951,0.006281
-266.4183,19.8573,-659.3174,0.006509
-267.2966,19.8887,-660.6430,0.006738
-268.1769,19.9201,-661.9716,0.006968
-269.0590,19.9517,-663.3034,0.007198
-269.9429,19.9833,-664.6383,0.007429
-270.8286,20.0150,-665.9765,0.007660
-271.7158,20.0459,-667.3177,0.007892
-272.6047,20.0769,-668.6619,0.008124
-273.4955,20.1075,-670.0096,0.008357
-274.3879,20.1387,-671.3603,0.008590
-275.2821,20.1694,-672.7140,0.008824
-276.1781,20.1985,-674.0710,0.009058
-277.0755,20.2261,-675.4308,0.009293
-277.9746,20.2529,-676.7937,0.009528
-278.8757,20.2805,-678.1600,0.009764
-279.7787,20.3096,-679.5292,0.010000
-280.6833,20.3397,-680.9012,0.010237
-281.5897,20.3699,-682.2763,0.010474
-282.4977,20.3999,-683.6544,0.010712
-283.4075,20.4302,-685.0353,0.010950
-284.3190,20.4605,-686.4196,0.011189
-285.2321,20.4909,-687.8065,0.011428
-286.1470,20.5213,-689.1961,0.011668
-287.0638,20.5527,-690.5889,0.011908
-287.9823,20.5859,-691.9843,0.012149
-288.9028,20.6199,-693.3826,0.012390
-289.8251,20.6539,-694.7835,0.012632
-290.7493,20.6868,-696.1870,0.012874
-291.6755,20.7194,-697.5934,0.013116
-292.6037,20.7520,-699.0023,0.013359
-293.4304,20.7804,-700.2569,0.013576
-294.2584,20.8091,-701.5137,0.013793
-295.0880,20.8378,-702.7726,0.014010
-295.9177,20.8669,-704.0312,0.014227
-296.7463,20.8963,-705.2878,0.014444
-297.5736,20.9254,-706.5427,0.014661
-298.3997,20.9539,-707.7961,0.014877
-299.3281,20.9857,-709.2048,0.015120
-300.1539,21.0129,-710.4575,0.015336
-300.9806,21.0405,-711.7115,0.015553
-301.8082,21.0694,-712.9669,0.015769
-302.6368,21.1000,-714.2239,0.015986
-303.4665,21.1328,-715.4825,0.016203
-304.2973,21.1654,-716.7428,0.016421
-305.1292,21.1972,-718.0045,0.016639
-305.9621,21.2272,-719.2678,0.016857
-306.7963,21.2554,-720.5334,0.017075
-307.6312,21.2832,-721.8004,0.017294
-308.4672,21.3107,-723.0695,0.017513
-309.3042,21.3393,-724.3407,0.017732
-310.1422,21.3691,-725.6138,0.017951
-310.9809,21.3997,-726.8890,0.018171
-311.8206,21.4301,-728.1663,0.018392
-312.6616,21.4582,-729.4457,0.018612
-313.5033,21.4845,-730.7263,0.018833
-314.3462,21.5104,-732.0085,0.019054
-315.1908,21.5379,-733.2931,0.019276
-316.0366,21.5675,-734.5795,0.019497
-316.8831,21.5981,-735.8677,0.019719
-317.7305,21.6280,-737.1578,0.019942
-318.5793,21.6577,-738.4494,0.020165
-319.4294,21.6879,-739.7429,0.020388
-320.2806,21.7205,-741.0380,0.020611
-321.1328,21.7555,-742.3351,0.020834
-321.9859,21.7909,-743.6342,0.021058
-322.8402,21.8259,-744.9346,0.021283
-323.6955,21.8596,-746.2367,0.021507
-324.5519,21.8919,-747.5411,0.021732
-325.4094,21.9231,-748.8471,0.021957
-326.2682,21.9523,-750.1545,0.022182
-327.1282,21.9806,-751.4634,0.022408
-327.9898,22.0089,-752.7741,0.022634
-328.8526,22.0382,-754.0864,0.022860
-329.7164,22.0690,-755.4002,0.023087
-330.5816,22.1011,-756.7156,0.023314
-331.4482,22.1336,-758.0327,0.023541
-332.3159,22.1653,-759.3511,0.023768
-333.1849,22.1958,-760.6711,0.023996
-334.0551,22.2265,-761.9926,0.024224
-334.9265,22.2580,-763.3158,0.024452
-335.7990,22.2911,-764.6406,0.024681
-336.6725,22.3252,-765.9669,0.024910
-337.5471,22.3596,-767.2949,0.025139
-338.4230,22.3931,-768.6243,0.025368
-339.3002,22.4258,-769.9551,0.025598
-340.1786,22.4575,-771.2874,0.025828
-341.0582,22.4888,-772.6215,0.026058
-341.9389,22.5196,-773.9568,0.026288
-342.8207,22.5501,-775.2938,0.026519
-343.7039,22.5807,-776.6321,0.026750
-344.5881,22.6126,-777.9719,0.026982
-345.4735,22.6465,-779.3130,0.027213
-346.3600,22.6820,-780.6558,0.027445
-347.2477,22.7180,-781.9999,0.027677
-348.1364,22.7528,-783.3456,0.027909
-349.0262,22.7854,-784.6927,0.028142
-349.9173,22.8169,-786.0411,0.028375
-350.8098,22.8479,-787.3909,0.028608
-351.7036,22.8799,-788.7420,0.028841
-352.5984,22.9131,-790.0944,0.029075
-353.4945,22.9471,-791.4483,0.029309
-354.3920,22.9817,-792.8034,0.029543
-355.2907,23.0155,-794.1597,0.029778
-356.1907,23.0482,-795.5174,0.030012
-357.0918,23.0798,-796.8765,0.030247
-357.9941,23.1105,-798.2368,0.030482
-358.8978,23.1409,-799.5984,0.030718
-359.8028,23.1719,-800.9612,0.030954
-360.7091,23.2041,-802.3251,0.031190
-361.6166,23.2378,-803.6902,0.031426
-362.5256,23.2728,-805.0565,0.031662
-363.4358,23.3079,-806.4241,0.031899
-364.3472,23.3420,-807.7928,0.032136
-365.2599,23.3747,-809.1627,0.032373
-366.1740,23.4067,-810.5338,0.032610
-367.0893,23.4394,-811.9059,0.032848
-368.0058,23.4727,-813.2795,0.033086
-368.9236,23.5067,-814.6542,0.033324
-369.8423,23.5398,-816.0302,0.033563
-370.7617,23.5720,-817.4070,0.033801
-371.6814,23.6036,-818.7845,0.034040
-372.6008,23.6359,-820.1611,0.034278
-373.5185,23.6679,-821.5347,0.034516
-374.4337,23.6994,-822.9037,0.034753
-375.3452,23.7285,-824.2669,0.034990
-376.2513,23.7572,-825.6216,0.035225
-377.1499,23.7874,-826.9655,0.035457
-378.0405,23.8216,-828.2972,0.035688
-378.9226,23.8596,-829.6159,0.035917
-379.7967,23.8986,-830.9221,0.036143
-380.6617,23.9366,-832.2155,0.036368
-381.5171,23.9728,-833.4947,0.036589
-382.3621,24.0082,-834.7588,0.036808
-383.1961,24.0438,-836.0063,0.037025
-384.1211,24.0844,-837.3901,0.037265
-385.0321,24.1241,-838.7533,0.037501
-385.9288,24.1625,-840.0954,0.037733
-386.8102,24.2011,-841.4150,0.037962
-387.6757,24.2412,-842.7115,0.038187
-388.5263,24.2831,-843.9861,0.038408
-389.3624,24.3264,-845.2396,0.038625
-390.2739,24.3763,-846.6074,0.038862
-391.1674,24.4279,-847.9490,0.039094
-392.0434,24.4800,-849.2661,0.039322
-392.9028,24.5317,-850.5592,0.039546
-393.7462,24.5820,-851.8296,0.039765
-394.6551,24.6371,-853.2002,0.040002
-395.5456,24.6908,-854.5446,0.040235
-396.4174,24.7441,-855.8621,0.040463
-397.2708,24.7977,-857.1537,0.040686
-398.1067,24.8512,-858.4211,0.040905
-398.9982,24.9100,-859.7748,0.041138
-399.8732,24.9672,-861.1052,0.041368
-400.7342,25.0254,-862.4163,0.041594
-401.5775,25.0822,-863.7012,0.041815
-402.4048,25.1405,-864.9631,0.042033
-403.2856,25.2017,-866.3074,0.042265
-404.1507,25.2646,-867.6291,0.042492
-405.0018,25.3274,-868.9303,0.042717
-405.8385,25.3910,-870.2104,0.042937
-406.6634,25.4523,-871.4734,0.043154
-407.5438,25.5198,-872.8231,0.043387
-408.4057,25.5855,-874.1456,0.043614
-409.2504,25.6538,-875.4429,0.043838
-410.0789,25.7195,-876.7159,0.044057
-410.9480,25.7920,-878.0524,0.044287
-411.7986,25.8614,-879.3615,0.044512
-412.6303,25.9311,-880.6428,0.044732
-413.4976,26.0012,-881.9793,0.044962
-414.3469,26.0726,-883.2891,0.045187
-415.1846,26.1387,-884.5817,0.045409
-416.0144,26.2090,-885.8640,0.045629
-416.8402,26.2746,-887.1401,0.045848
-417.7024,26.3457,-888.4727,0.046077
-418.5502,26.4135,-889.7837,0.046302
-419.3832,26.4835,-891.0728,0.046524
-420.2023,26.5522,-892.3414,0.046741
-421.0537,26.6281,-893.6618,0.046968
-421.8899,26.7005,-894.9589,0.047191
-422.7094,26.7749,-896.2336,0.047409
-423.5586,26.8476,-897.5551,0.047636
-424.3904,26.9215,-898.8510,0.047858
-425.2061,26.9882,-900.1223,0.048075
-426.0466,27.0623,-901.4336,0.048300
-426.8708,27.1286,-902.7195,0.048520
-427.6820,27.1993,-903.9843,0.048737
-428.5237,27.2650,-905.2925,0.048961
-429.3565,27.3351,-906.5809,0.049183
-430.1816,27.3991,-907.8506,0.049401
-431.0369,27.4707,-909.1611,0.049627
-431.8828,27.5354,-910.4532,0.049849
-432.7205,27.6040,-911.7247,0.050069
-433.5504,27.6633,-912.9794,0.050286
-434.4091,27.7298,-914.2784,0.050510
-435.2575,27.7891,-915.5671,0.050733
-436.0937,27.8511,-916.8463,0.050953
-436.9183,27.9067,-918.1168,0.051171
-437.7302,27.9670,-919.3784,0.051388
-438.5653,28.0234,-920.6855,0.051611
-439.3828,28.0844,-921.9854,0.051833
-440.1717,28.1377,-923.2842,0.052052
-440.9128,28.1911,-924.5917,0.052268
-441.6204,28.2374,-925.9692,0.052491
-442.2502,28.2795,-927.3660,0.052712
-442.7973,28.3085,-928.7802,0.052931
-443.2467,28.3318,-930.2114,0.053147
-443.6159,28.3445,-931.7111,0.053369
-443.8768,28.3546,-933.2173,0.053589
-444.0409,28.3568,-934.7223,0.053808
-444.0985,28.3538,-936.2776,0.054032
-444.0508,28.3422,-937.8188,0.054254
-443.8982,28.3222,-939.3391,0.054474
-443.6493,28.2923,-940.8340,0.054692
-443.3079,28.2511,-942.2981,0.054909
-442.8625,28.2018,-943.7820,0.055132
-442.3344,28.1459,-945.2324,0.055355
-441.7271,28.0878,-946.6479,0.055577
-441.0430,28.0233,-948.0248,0.055799
-440.2768,27.9535,-949.3538,0.056020
-439.4236,27.8768,-950.6245,0.056241
-438.4843,27.7974,-951.8297,0.056461
-437.4666,27.7227,-952.9665,0.056681
-436.3730,27.6596,-954.0269,0.056901
-435.2092,27.6208,-955.0134,0.057120
-433.9819,27.5997,-955.9277,0.057341
-432.7001,27.6011,-956.7701,0.057562
-431.3708,27.6042,-957.5409,0.057783
-429.9966,27.6134,-958.2330,0.058005
-428.5865,27.6184,-958.8567,0.058227
-427.1436,27.6211,-959.4092,0.058450
-425.6740,27.6129,-959.9001,0.058673
-424.2321,27.5917,-960.3151,0.058889
-422.7646,27.5648,-960.6683,0.059106
-421.2695,27.5314,-960.9636,0.059326
-419.7418,27.4911,-961.2034,0.059549
-418.2372,27.4504,-961.3812,0.059767
-416.6973,27.3995,-961.5062,0.059990
-415.1808,27.3508,-961.5674,0.060209
-413.6298,27.3003,-961.5737,0.060432
-412.1067,27.2449,-961.5314,0.060652
-410.5500,27.1873,-961.4432,0.060877
-409.0240,27.1267,-961.3162,0.061097
-407.4651,27.0638,-961.1461,0.061323
-405.9411,26.9994,-960.9429,0.061545
-404.4583,26.9330,-960.7120,0.061761
-402.9470,26.8611,-960.4392,0.061983
-401.4118,26.7846,-960.1205,0.062209
-399.9253,26.7083,-959.7720,0.062429
-398.4184,26.6284,-959.3806,0.062654
-396.9673,26.5472,-958.9700,0.062871
-395.4981,26.4628,-958.5212,0.063093
-394.0109,26.3744,-958.0372,0.063319
-392.5851,26.2889,-957.5460,0.063536
-391.1433,26.2008,-957.0267,0.063757
-389.6850,26.1109,-956.4796,0.063982
-388.2083,26.0182,-955.9078,0.064211
-386.7945,25.9286,-955.3465,0.064430
-385.3575,25.8368,-954.7631,0.064654
-383.8948,25.7439,-954.1571,0.064882
-382.4944,25.6545,-953.5673,0.065102
-381.0700,25.5625,-952.9603,0.065325
-379.6230,25.4677,-952.3363,0.065553
-378.2440,25.3762,-951.7363,0.065770
-376.8440,25.2836,-951.1234,0.065990
-375.4232,25.1893,-950.4971,0.066214
-373.9809,25.0936,-949.8575,0.066442
-372.5186,24.9959,-949.2039,0.066673
-371.1355,24.9024,-948.5822,0.066892
-369.7343,24.8083,-947.9495,0.067114
-368.3150,24.7131,-947.3072,0.067339
-366.8762,24.6163,-946.6559,0.067567
-365.4204,24.5196,-945.9972,0.067797
-364.0518,24.4288,-945.3788,0.068014
-362.6673,24.3376,-944.7538,0.068233
-361.2676,24.2452,-944.1206,0.068455
-359.8557,24.1516,-943.4782,0.068679
-358.4306,24.0561,-942.8266,0.068905
-356.9909,23.9605,-942.1645,0.069134
-355.5385,23.8638,-941.4923,0.069365
-354.0744,23.7659,-940.8092,0.069598
-352.7134,23.6717,-940.1691,0.069815
-351.3408,23.5791,-939.5188,0.070034
-349.9564,23.4836,-938.8563,0.070256
-348.5641,23.3889,-938.1835,0.070479
-347.1637,23.2912,-937.5007,0.070704
-345.7578,23.1917,-936.8086,0.070930
-344.3567,23.0906,-936.1105,0.071156
-342.9602,22.9905,-935.4054,0.071382
-341.5603,22.8896,-934.6911,0.071608
-340.1544,22.7880,-933.9670,0.071837
-338.7422,22.6872,-933.2314,0.072067
-337.3238,22.5864,-932.4843,0.072298
-335.8990,22.4834,-931.7261,0.072531
-334.4673,22.3776,-930.9568,0.072766
-333.0290,22.2699,-930.1756,0.073002
-331.7048,22.1699,-929.4490,0.073220
-330.3749,22.0680,-928.7123,0.073439
-329.0393,21.9642,-927.9658,0.073660
-327.6982,21.8588,-927.2097,0.073883
-326.3509,21.7528,-926.4440,0.074106
-324.9974,21.6466,-925.6689,0.074332
-323.6379,21.5397,-924.8854,0.074558
-322.2718,21.4317,-924.0945,0.074786
-320.8988,21.3216,-923.2963,0.075015
-319.5185,21.2105,-922.4918,0.075246
-318.1307,21.0976,-921.6815,0.075478
-316.7355,20.9840,-920.8657,0.075712
-315.3324,20.8706,-920.0446,0.075946
-313.9211,20.7579,-919.2183,0.076182
-312.5021,20.6461,-918.3869,0.076420
-311.2056,20.5434,-917.6271,0.076637
-309.9025,20.4403,-916.8632,0.076855
-308.5931,20.3375,-916.0954,0.077074
-307.2768,20.2347,-915.3235,0.077294
-305.9541,20.1306,-914.5484,0.077516
-304.6256,20.0250,-913.7704,0.077738
-303.2903,19.9181,-912.9888,0.077962
-301.9476,19.8112,-912.2032,0.078186
-300.5988,19.7051,-911.4147,0.078412
-299.2435,19.5980,-910.6234,0.078638
-297.8813,19.4898,-909.8288,0.078866
-296.5126,19.3813,-909.0308,0.079095
-295.1399,19.2731,-908.2303,0.079324
-293.7684,19.1657,-907.4301,0.079553
-292.3983,19.0578,-906.6301,0.079783
-291.0289,18.9491,-905.8300,0.080012
-289.6577,18.8395,-905.0278,0.080241
-288.2826,18.7289,-904.2222,0.080471
-286.9030,18.6188,-903.4124,0.080702
-285.5190,18.5091,-902.5985,0.080934
-284.1310,18.3989,-901.7810,0.081167
-282.7392,18.2861,-900.9600,0.081400
-281.3436,18.1739,-900.1351,0.081634
-279.9438,18.0630,-899.3063,0.081869
-278.5400,17.9547,-898.4734,0.082104
-277.1323,17.8466,-897.6368,0.082341
-275.7216,17.7367,-896.7968,0.082578
-274.3081,17.6266,-895.9521,0.082816
-272.8919,17.5183,-895.1021,0.083054
-271.4735,17.4134,-894.2466,0.083293
-270.0533,17.3107,-893.3868,0.083533
-268.6308,17.2064,-892.5228,0.083773
-267.3490,17.1126,-891.7413,0.083990
-266.0655,17.0194,-890.9570,0.084207
-264.7797,16.9249,-890.1694,0.084424
-263.4923,16.8284,-889.3792,0.084643
-262.2035,16.7278,-888.5868,0.084861
-260.9126,16.6242,-887.7917,0.085080
-259.6197,16.5203,-886.9931,0.085299
-258.3256,16.4188,-886.1904,0.085519
-257.0305,16.3206,-885.3830,0.085739
-255.7345,16.2243,-884.5711,0.085960
-254.4375,16.1276,-883.7549,0.086181
-253.1397,16.0298,-882.9345,0.086403
-251.8410,15.9301,-882.1102,0.086625
-250.5418,15.8286,-881.2820,0.086847
-249.2421,15.7256,-880.4495,0.087070
-247.9418,15.6215,-879.6127,0.087294
-246.6411,15.5173,-878.7720,0.087517
-245.3399,15.4138,-877.9270,0.087741
-244.0380,15.3108,-877.0780,0.087966
-242.7352,15.2083,-876.2255,0.088190
-241.4316,15.1046,-875.3698,0.088415
-240.1272,14.9998,-874.5107,0.088641
-238.8221,14.8947,-873.6483,0.088867
-237.5163,14.7909,-872.7824,0.089093
-236.2096,14.6890,-871.9132,0.089320
-234.9022,14.5899,-871.0409,0.089546
-233.5939,14.4923,-870.1656,0.089774
-232.2851,14.3955,-869.2879,0.090001
-230.9760,14.2979,-868.4083,0.090229
-229.6674,14.1994,-867.5269,0.090456
-228.3601,14.1010,-866.6433,0.090684
-227.0541,14.0033,-865.7579,0.090912
-225.7498,13.9059,-864.8704,0.091140
-224.4470,13.8069,-863.9813,0.091367
-223.1456,13.7053,-863.0908,0.091595
-221.8462,13.6019,-862.1985,0.091822
-220.5491,13.4984,-861.3038,0.092050
-219.2540,13.3966,-860.4066,0.092277
-217.9610,13.2975,-859.5070,0.092505
-216.6700,13.2008,-858.6049,0.092732
-215.3809,13.1060,-857.7003,0.092959
-214.0936,13.0119,-856.7936,0.093186
-212.8083,12.9177,-855.8848,0.093414
-211.5249,12.8235,-854.9738,0.093641
-210.2436,12.7302,-854.0607,0.093868
-208.9641,12.6379,-853.1455,0.094095
-207.6867,12.5464,-852.2281,0.094322
-206.4114,12.4569,-851.3084,0.094549
-205.1381,12.3689,-850.3865,0.094775
-203.8667,12.2826,-849.4625,0.095002
-202.5974,12.1966,-848.5362,0.095229
-201.3301,12.1109,-847.6077,0.095456
-200.0646,12.0249,-846.6774,0.095682
-198.8012,11.9392,-845.7452,0.095909
-197.5397,11.8528,-844.8109,0.096135
-196.2806,11.7672,-843.8741,0.096361
-195.0238,11.6824,-842.9349,0.096588
-193.7694,11.5977,-841.9933,0.096814
-192.5172,11.5121,-841.0492,0.097040
-191.2674,11.4253,-840.1028,0.097267
-190.0204,11.3399,-839.1536,0.097493
-188.7762,11.2566,-838.2014,0.097719
-187.5346,11.1753,-837.2462,0.097945
-186.2953,11.0938,-836.2883,0.098171
-185.0583,11.0108,-835.3283,0.098396
-183.8238,10.9283,-834.3662,0.098622
-182.5916,10.8461,-833.4017,0.098848
-181.3618,10.7659,-832.4346,0.099074
-180.1344,10.6851,-831.4651,0.099299
-178.9091,10.6038,-830.4935,0.099525
-177.6861,10.5220,-829.5198,0.099750
-176.4655,10.4399,-828.5438,0.099976
-175.2476,10.3580,-827.5652,0.100201
-174.0325,10.2773,-826.5838,0.100426
-172.8200,10.1979,-825.5999,0.100652
-171.6101,10.1199,-824.6131,0.100877
-170.4027,10.0429,-823.6239,0.101102
-169.1977,9.9662,-822.6325,0.101327
-167.9954,9.8902,-821.6385,0.101552
-166.7959,9.8152,-820.6418,0.101777
-165.5990,9.7411,-819.6425,0.102002
-164.4055,9.6705,-818.6405,0.102227
-163.2147,9.6014,-817.6354,0.102451
-162.0262,9.5326,-816.6279,0.102676
-160.8398,9.4610,-815.6188,0.102900
-159.6556,9.3855,-814.6080,0.103125
-158.4743,9.3084,-813.5948,0.103349
-157.2966,9.2328,-812.5783,0.103574
-156.1223,9.1597,-811.5584,0.103798
-154.9512,9.0883,-810.5353,0.104022
-153.7831,9.0165,-809.5092,0.104247
-152.6180,8.9448,-808.4805,0.104471
-151.4556,8.8728,-807.4492,0.104695
-150.2963,8.8014,-806.4153,0.104919
-149.1399,8.7294,-805.3787,0.105143
-147.9865,8.6567,-804.3395,0.105367
-146.8366,8.5847,-803.2972,0.105590
-145.6898,8.5120,-802.2520,0.105814
-144.5466,8.4400,-801.2035,0.106038
-143.4068,8.3671,-800.1519,0.106262
-142.2707,8.2940,-799.0970,0.106485
-141.1382,8.2201,-798.0388,0.106709
-140.0093,8.1455,-796.9774,0.106932
-138.8841,8.0711,-795.9128,0.107156
-137.7628,7.9972,-794.8449,0.107379
-136.6451,7.9244,-793.7736,0.107602
-135.5307,7.8516,-792.6993,0.107825
-134.4195,7.7791,-791.6225,0.108049
-133.3109,7.7059,-790.5434,0.108272
-132.2052,7.6332,-789.4619,0.108495
-131.1022,7.5604,-788.3783,0.108718
-130.0017,7.4876,-787.2926,0.108941
-128.9037,7.4143,-786.2048,0.109164
-127.8081,7.3404,-785.1152,0.109386
-126.7149,7.2660,-784.0239,0.109609
-125.6242,7.1916,-782.9307,0.109832
-124.5360,7.1175,-781.8354,0.110055
-123.4500,7.0432,-780.7383,0.110277
-122.3665,6.9688,-779.6393,0.110500
-121.2851,6.8934,-778.5388,0.110722
-120.2060,6.8176,-777.4365,0.110945
-119.1292,6.7411,-776.3326,0.111167
-118.0545,6.6638,-775.2270,0.111390
-116.9822,6.5867,-774.1196,0.111612
-115.9121,6.5090,-773.0106,0.111834
-114.8444,6.4320,-771.8998,0.112056
-113.7788,6.3549,-770.7874,0.112279
-112.7155,6.2778,-769.6732,0.112501
-111.6544,6.2009,-768.5574,0.112723
-110.5955,6.1236,-767.4399,0.112945
-109.5385,6.0459,-766.3210,0.113167
-108.4834,5.9673,-765.2007,0.113389
-107.4307,5.8881,-764.0789,0.113611
-106.3801,5.8081,-762.9552,0.113833
-105.3318,5.7282,-761.8300,0.114054
-104.2856,5.6484,-760.7034,0.114276
-103.2415,5.5692,-759.5751,0.114498
-102.1995,5.4902,-758.4451,0.114720
-101.1596,5.4106,-757.3137,0.114941
-100.1219,5.3306,-756.1806,0.115163
-99.0863,5.2506,-755.0460,0.115385
-98.0529,5.1718,-753.9100,0.115606
-97.0213,5.0937,-752.7725,0.115828
-95.9918,5.0163,-751.6335,0.116049
-94.9641,4.9384,-750.4932,0.116270
-93.9386,4.8605,-749.3514,0.116492
-92.9150,4.7821,-748.2086,0.116713
-91.8932,4.7033,-747.0646,0.116934
-90.8731,4.6239,-745.9199,0.117156
-89.8547,4.5434,-744.7745,0.117377
-88.8379,4.4630,-743.6287,0.117598
-87.8225,4.3824,-742.4825,0.117819
-86.8084,4.3018,-741.3365,0.118039
-85.7951,4.2212,-740.1910,0.118260
-84.7825,4.1400,-739.0460,0.118480
-83.7708,4.0601,-737.9015,0.118701
-82.7597,3.9805,-736.7576,0.118921
-81.7492,3.9020,-735.6146,0.119141
-80.7392,3.8235,-734.4722,0.119361
-79.7300,3.7451,-733.3304,0.119581
-78.7215,3.6668,-732.1893,0.119800
-77.7138,3.5881,-731.0486,0.120020
-76.7070,3.5093,-729.9086,0.120239
-75.7010,3.4299,-728.7692,0.120459
-74.6959,3.3506,-727.6305,0.120678
-73.6915,3.2724,-726.4923,0.120897
-72.6879,3.1942,-725.3547,0.121116
-71.6850,3.1152,-724.2178,0.121334
-70.6827,3.0348,-723.0816,0.121553
-69.6809,2.9542,-721.9465,0.121771
-68.6794,2.8744,-720.8125,0.121989
-67.6782,2.7958,-719.6796,0.122208
-66.6772,2.7174,-718.5475,0.122426
-65.6765,2.6394,-717.4167,0.122643
-64.6760,2.5615,-716.2869,0.122861
-63.6757,2.4840,-715.1583,0.123079
-62.6754,2.4066,-714.0309,0.123296
-61.6752,2.3287,-712.9048,0.123513
-60.6754,2.2510,-711.7798,0.123730
-59.6761,2.1732,-710.6556,0.123947
-58.6774,2.0955,-709.5322,0.124164
-57.6795,2.0170,-708.4094,0.124381
-56.6826,1.9380,-707.2871,0.124597
-55.6868,1.8587,-706.1652,0.124814
-54.5815,1.7710,-704.9190,0.125054
-53.4775,1.6840,-703.6733,0.125294
-52.3747,1.5977,-702.4282,0.125534
-51.2731,1.5126,-701.1837,0.125774
-50.1723,1.4287,-699.9399,0.126013
-49.0724,1.3456,-698.6970,0.126253
-47.9733,1.2625,-697.4547,0.126492
-46.8752,1.1791,-696.2133,0.126731
-45.7780,1.0958,-694.9727,0.126970
-44.6817,1.0127,-693.7328,0.127209
-43.5862,0.9301,-692.4940,0.127447
-42.4916,0.8484,-691.2560,0.127685
-41.3978,0.7677,-690.0187,0.127924
-40.3048,0.6872,-688.7823,0.128162
-39.2126,0.6071,-687.5469,0.128399
-38.1210,0.5273,-686.3125,0.128637
-37.0302,0.4481,-685.0790,0.128875
-35.9400,0.3687,-683.8464,0.129112
-34.8501,0.2889,-682.6154,0.129349
-33.7603,0.2095,-681.3858,0.129586
-32.6708,0.1316,-680.1576,0.129823
-31.5815,0.0546,-678.9307,0.130059
-30.4923,-0.0225,-677.7053,0.130296
-29.4029,-0.0996,-676.4817,0.130532
-28.3131,-0.1770,-675.2601,0.130768
-27.2229,-0.2545,-674.0403,0.131004
-26.1323,-0.3323,-672.8225,0.131240
-25.0410,-0.4101,-671.6071,0.131475
-23.9486,-0.4863,-670.3943,0.131711
-22.8553,-0.5607,-669.1839,0.131946
-21.7610,-0.6331,-667.9759,0.132181
-20.6659,-0.7045,-666.7701,0.132416
-19.5706,-0.7758,-665.5661,0.132651
-18.4752,-0.8466,-664.3638,0.132885
-17.3796,-0.9169,-663.1633,0.133120
-16.2842,-0.9869,-661.9642,0.133354
-15.1887,-1.0570,-660.7667,0.133588
-14.0931,-1.1273,-659.5712,0.133822
-12.9969,-1.1973,-658.3777,0.134055
-11.9000,-1.2669,-657.1866,0.134289
-10.8020,-1.3359,-655.9981,0.134522
-9.7028,-1.4049,-654.8122,0.134755
-8.6023,-1.4734,-653.6293,0.134988
-7.5001,-1.5422,-652.4495,0.135221
-6.3963,-1.6104,-651.2729,0.135453
-5.2910,-1.6793,-650.0994,0.135686
-4.1837,-1.7472,-648.9296,0.135918
-3.0744,-1.8143,-647.7631,0.136150
-1.9632,-1.8805,-646.6002,0.136382
-0.8502,-1.9471,-645.4406,0.136614
0.2647,-2.0130,-644.2846,0.136845
1.3817,-2.0779,-643.1323,0.137077
2.5007,-2.1415,-641.9835,0.137308
3.6215,-2.2050,-640.8381,0.137539
4.7441,-2.2694,-639.6960,0.137770
5.8684,-2.3345,-638.5575,0.138001
6.9947,-2.4000,-637.4226,0.138231
8.1230,-2.4652,-636.2914,0.138461
9.2531,-2.5303,-635.1638,0.138692
10.3851,-2.5960,-634.0397,0.138922
11.5189,-2.6619,-632.9191,0.139151
12.6545,-2.7278,-631.8019,0.139381
13.7917,-2.7930,-630.6882,0.139611
14.9305,-2.8574,-629.5778,0.139840
16.0706,-2.9211,-628.4703,0.140069
17.2118,-2.9848,-627.3654,0.140298
18.3540,-3.0489,-626.2632,0.140527
19.4971,-3.1131,-625.1638,0.140756
20.6410,-3.1778,-624.0669,0.140984
21.7859,-3.2423,-622.9727,0.141212
22.9316,-3.3077,-621.8807,0.141441
24.0777,-3.3743,-620.7910,0.141669
25.2246,-3.4422,-619.7036,0.141897
26.3721,-3.5106,-618.6187,0.142124
27.5204,-3.5788,-617.5363,0.142352
28.6694,-3.6467,-616.4562,0.142579
29.8192,-3.7150,-615.3784,0.142806
30.9698,-3.7834,-614.3031,0.143033
32.1211,-3.8517,-613.2302,0.143260
33.2732,-3.9202,-612.1597,0.143487
34.4260,-3.9893,-611.0916,0.143714
35.5796,-4.0585,-610.0258,0.143940
36.7338,-4.1271,-608.9625,0.144166
37.8890,-4.1949,-607.9017,0.144393
39.0448,-4.2624,-606.8430,0.144619
40.2012,-4.3300,-605.7867,0.144844
41.3586,-4.3972,-604.7330,0.145070
42.5170,-4.4636,-603.6820,0.145296
43.6766,-4.5289,-602.6339,0.145521
44.8374,-4.5936,-601.5887,0.145746
45.9993,-4.6576,-600.5463,0.145971
47.1622,-4.7210,-599.5067,0.146196
48.3263,-4.7831,-598.4702,0.146421
49.4919,-4.8431,-597.4368,0.146645
50.6587,-4.9012,-596.4067,0.146870
51.8272,-4.9580,-595.3798,0.147094
52.9971,-5.0141,-594.3563,0.147318
54.1686,-5.0697,-593.3363,0.147542
55.3418,-5.1243,-592.3201,0.147766
56.5168,-5.1778,-591.3076,0.147989
57.6933,-5.2296,-590.2988,0.148213
58.8713,-5.2800,-589.2935,0.148436
60.0509,-5.3285,-588.2917,0.148659
61.2321,-5.3742,-587.2940,0.148882
62.4157,-5.4163,-586.3010,0.149104
63.6014,-5.4542,-585.3127,0.149327
64.7896,-5.4878,-584.3290,0.149549
65.9802,-5.5174,-583.3504,0.149771
67.1735,-5.5458,-582.3773,0.149993
68.3692,-5.5688,-581.4102,0.150215
69.5672,-5.5881,-580.4484,0.150436
70.7670,-5.6033,-579.4928,0.150657
71.9698,-5.6135,-578.5439,0.150878
73.1758,-5.6229,-577.6011,0.151098
74.3852,-5.6321,-576.6658,0.151318
75.5988,-5.6401,-575.7401,0.151538
76.8169,-5.6439,-574.8240,0.151758
78.0377,-5.6409,-573.9175,0.151977
79.2626,-5.6336,-573.0187,0.152196
80.4919,-5.6242,-572.1296,0.152414
81.7249,-5.6131,-571.2479,0.152633
82.9610,-5.5989,-570.3741,0.152851
84.2000,-5.5829,-569.5078,0.153068
85.4411,-5.5644,-568.6476,0.153286
86.6838,-5.5407,-567.7934,0.153503
87.9280,-5.5110,-566.9447,0.153720
89.1732,-5.4765,-566.1007,0.153937
90.4185,-5.4393,-565.2602,0.154153
91.6632,-5.4001,-564.4223,0.154370
93.0314,-5.3525,-563.5034,0.154607
94.3983,-5.3017,-562.5868,0.154844
95.7635,-5.2488,-561.6717,0.155081
97.1266,-5.1951,-560.7576,0.155318
98.4871,-5.1402,-559.8441,0.155554
99.8437,-5.0819,-558.9296,0.155790
101.1955,-5.0188,-558.0128,0.156025
102.5413,-4.9504,-557.0924,0.156260
103.8802,-4.8754,-556.1672,0.156495
105.2116,-4.7953,-555.2361,0.156729
106.5352,-4.7107,-554.2989,0.156963
107.8515,-4.6240,-553.3562,0.157197
109.1589,-4.5324,-552.4070,0.157430
110.4572,-4.4353,-551.4509,0.157663
111.7454,-4.3302,-550.4874,0.157895
113.0240,-4.2171,-549.5170,0.158127
114.2930,-4.0968,-548.5400,0.158358
115.5531,-3.9707,-547.5570,0.158589
116.8040,-3.8387,-546.5684,0.158820
118.0458,-3.7016,-545.5741,0.159050
119.2776,-3.5587,-544.5734,0.159279
120.4996,-3.4106,-543.5662,0.159508
121.7115,-3.2575,-542.5527,0.159737
122.9134,-3.1005,-541.5328,0.159965
124.1045,-2.9391,-540.5063,0.160193
125.2844,-2.7728,-539.4726,0.160420
126.4527,-2.6019,-538.4319,0.160647
127.6085,-2.4257,-537.3837,0.160873
128.7516,-2.2449,-536.3282,0.161099
129.8823,-2.0607,-535.2654,0.161324
131.0009,-1.8755,-534.1957,0.161548
132.1073,-1.6902,-533.1192,0.161772
133.2005,-1.5039,-532.0355,0.161996
134.2797,-1.3153,-530.9441,0.162218
135.3453,-1.1249,-529.8457,0.162440
136.3971,-0.9325,-528.7400,0.162662
137.4350,-0.7388,-527.6275,0.162883
138.4585,-0.5432,-526.5076,0.163103
139.4673,-0.3453,-525.3808,0.163323
140.4611,-0.1454,-524.2468,0.163542
141.4394,0.0592,-523.1063,0.163761
142.4897,0.2881,-521.8555,0.163998
143.5224,0.5240,-520.5976,0.164235
144.5389,0.7660,-519.3331,0.164471
145.5417,1.0113,-518.0621,0.164707
146.5312,1.2594,-516.7845,0.164943
147.5086,1.5082,-515.4993,0.165178
148.4725,1.7596,-514.2059,0.165413
149.4241,2.0122,-512.9051,0.165648
150.3644,2.2647,-511.5963,0.165883
151.2921,2.5179,-510.2790,0.166118
152.2068,2.7723,-508.9530,0.166353
153.1094,3.0273,-507.6181,0.166588
154.0002,3.2833,-506.2750,0.166823
154.8801,3.5393,-504.9239,0.167058
155.7495,3.7942,-503.5648,0.167294
156.6096,4.0463,-502.1980,0.167529
157.4599,4.2973,-500.8236,0.167765
158.3002,4.5482,-499.4421,0.168001
159.1308,4.7988,-498.0536,0.168236
159.9517,5.0493,-496.6581,0.168472
160.7619,5.3014,-495.2557,0.168708
161.5615,5.5558,-493.8465,0.168945
162.3511,5.8131,-492.4310,0.169181
163.1319,6.0730,-491.0099,0.169418
163.9051,6.3335,-489.5835,0.169654
164.6715,6.5938,-488.1523,0.169891
165.4314,6.8522,-486.7159,0.170128
166.1835,7.1095,-485.2742,0.170365
166.9266,7.3668,-483.8264,0.170603
167.6605,7.6246,-482.3730,0.170840
168.3862,7.8818,-480.9140,0.171078
169.1038,8.1378,-479.4498,0.171316
169.8140,8.3914,-477.9802,0.171554
170.5166,8.6424,-476.5051,0.171792
171.2116,8.8903,-475.0247,0.172030
171.8419,9.1148,-473.6630,0.172249
172.4663,9.3362,-472.2966,0.172467
173.0847,9.5553,-470.9260,0.172686
173.6971,9.7715,-469.5513,0.172905
174.3030,9.9866,-468.1721,0.173124
174.9023,10.2010,-466.7887,0.173344
175.4956,10.4147,-465.4012,0.173563
176.0835,10.6271,-464.0101,0.173783
176.6671,10.8375,-462.6156,0.174003
177.2452,11.0471,-461.2174,0.174223
177.8175,11.2561,-459.8152,0.174443
178.3843,11.4645,-458.4096,0.174664
178.9458,11.6723,-457.0005,0.174884
179.5026,11.8787,-455.5879,0.175105
180.0546,12.0839,-454.1718,0.175326
180.6024,12.2858,-452.7524,0.175547
181.1461,12.4830,-451.3292,0.175768
181.6852,12.6751,-449.9023,0.175990
182.2188,12.8629,-448.4713,0.176211
182.7456,13.0478,-447.0359,0.176433
183.2658,13.2288,-445.5957,0.176655
183.7798,13.4047,-444.1515,0.176878
184.2878,13.5746,-442.7028,0.177100
184.7887,13.7391,-441.2496,0.177323
185.2813,13.9000,-439.7911,0.177546
185.7649,14.0581,-438.3277,0.177769
186.2396,14.2128,-436.8596,0.177992
186.7058,14.3638,-435.3862,0.178216
187.1627,14.5127,-433.9083,0.178440
187.6104,14.6594,-432.4253,0.178664
188.0493,14.8034,-430.9377,0.178888
188.4806,14.9437,-429.4457,0.179113
188.9046,15.0806,-427.9492,0.179338
189.3207,15.2160,-426.4486,0.179563
189.7287,15.3503,-424.9437,0.179789
190.1285,15.4851,-423.4348,0.180014
190.5215,15.6203,-421.9221,0.180240
190.9089,15.7564,-420.4061,0.180467
191.2929,15.8924,-418.8872,0.180693
191.6763,16.0278,-417.3661,0.180920
192.0611,16.1615,-415.8433,0.181147
192.4486,16.2943,-414.3189,0.181374
192.8391,16.4271,-412.7935,0.181602
193.2334,16.5605,-411.2673,0.181830
193.6320,16.6944,-409.7401,0.182058
194.0369,16.8276,-408.2125,0.182287
194.4495,16.9596,-406.6855,0.182515
194.8707,17.0890,-405.1583,0.182744
195.2999,17.2146,-403.6306,0.182973
195.7363,17.3379,-402.1041,0.183203
196.1814,17.4587,-400.5786,0.183432
196.6374,17.5777,-399.0528,0.183662
197.1041,17.6945,-397.5276,0.183893
197.5804,17.8089,-396.0043,0.184123
198.0656,17.9195,-394.4808,0.184354
198.5606,18.0271,-392.9579,0.184585
199.0696,18.1357,-391.4384,0.184817
199.5932,18.2457,-389.9215,0.185049
200.1303,18.3575,-388.4075,0.185280
200.6787,18.4674,-386.8952,0.185513
201.2396,18.5770,-385.3860,0.185745
201.8111,18.6803,-383.8776,0.185978
202.3942,18.7786,-382.3719,0.186211
202.9904,18.8714,-380.8690,0.186444
203.6025,18.9622,-379.3696,0.186678
204.2308,19.0518,-377.8753,0.186912
204.8748,19.1401,-376.3852,0.187146
205.5334,19.2271,-374.8995,0.187381
206.2056,19.3124,-373.4172,0.187615
206.8906,19.3971,-371.9386,0.187850
207.5872,19.4809,-370.4630,0.188086
208.2945,19.5642,-368.9901,0.188321
209.0117,19.6472,-367.5194,0.188557
209.7384,19.7304,-366.0511,0.188794
210.4740,19.8135,-364.5846,0.189030
211.2181,19.8963,-363.1200,0.189267
211.9706,19.9779,-361.6572,0.189505
212.7314,20.0596,-360.1962,0.189742
213.5007,20.1413,-358.7371,0.189980
214.2073,20.2151,-357.4123,0.190197
214.9203,20.2879,-356.0890,0.190413
215.6398,20.3591,-354.7671,0.190631
216.3661,20.4302,-353.4466,0.190848
217.0991,20.5012,-352.1277,0.191065
217.8382,20.5718,-350.8103,0.191283
218.5830,20.6411,-349.4939,0.191501
219.3338,20.7102,-348.1788,0.191720
220.0906,20.7801,-346.8651,0.191938
220.8534,20.8505,-345.5527,0.192157
221.6218,20.9210,-344.2416,0.192376
222.3953,20.9906,-342.9314,0.192596
223.1740,21.0603,-341.6220,0.192816
223.9582,21.1299,-340.3138,0.193035
224.7476,21.1994,-339.0067,0.193256
225.5422,21.2683,-337.7007,0.193476
226.3422,21.3370,-336.3957,0.193697
227.1470,21.4047,-335.0915,0.193918
227.9564,21.4720,-333.7885,0.194139
228.7706,21.5389,-332.4858,0.194361
229.5896,21.6073,-331.1843,0.194582
230.4132,21.6769,-329.8836,0.194804
231.2411,21.7470,-328.5836,0.195027
232.0732,21.8170,-327.2842,0.195249
232.9092,21.8860,-325.9850,0.195472
233.7485,21.9540,-324.6859,0.195695
234.5910,22.0216,-323.3867,0.195918
235.4363,22.0880,-322.0873,0.196142
236.2843,22.1537,-320.7872,0.196365
237.1354,22.2193,-319.4873,0.196589
237.9899,22.2845,-318.1874,0.196814
238.8478,22.3500,-316.8876,0.197038
239.7093,22.4158,-315.5882,0.197263
240.5740,22.4819,-314.2887,0.197488
241.4418,22.5479,-312.9893,0.197713
242.3124,22.6142,-311.6897,0.197939
243.1857,22.6801,-310.3897,0.198165
244.0612,22.7461,-309.0893,0.198391
244.9391,22.8119,-307.7883,0.198617
245.8190,22.8788,-306.4867,0.198844
246.7009,22.9466,-305.1843,0.199070
247.5846,23.0153,-303.8813,0.199297
248.4705,23.0843,-302.5777,0.199525
249.3586,23.1538,-301.2735,0.199752
250.2492,23.2236,-299.9690,0.199980
251.1423,23.2930,-298.6642,0.200208
252.0382,23.3617,-297.3592,0.200436
252.9371,23.4297,-296.0543,0.200665
253.8392,23.4980,-294.7497,0.200893
254.7448,23.5665,-293.4454,0.201122
255.6535,23.6350,-292.1412,0.201351
256.5655,23.7023,-290.8373,0.201581
257.4810,23.7676,-289.5337,0.201811
258.4001,23.8305,-288.2304,0.202040
259.3225,23.8936,-286.9281,0.202271
260.2487,23.9591,-285.6266,0.202501
261.1791,24.0286,-284.3260,0.202731
262.1130,24.1013,-283.0264,0.202962
263.0493,24.1744,-281.7268,0.203193
263.9874,24.2460,-280.4262,0.203424
264.9266,24.3172,-279.1245,0.203656
265.8670,24.3888,-277.8217,0.203888
266.8083,24.4613,-276.5179,0.204119
267.7504,24.5339,-275.2126,0.204352
268.6928,24.6065,-273.9056,0.204584
269.6358,24.6786,-272.5970,0.204816
270.5797,24.7497,-271.2872,0.205049
271.5246,24.8204,-269.9763,0.205282
272.4703,24.8917,-268.6641,0.205516
273.4167,24.9635,-267.3505,0.205749
274.3637,25.0358,-266.0356,0.205983
275.3116,25.1079,-264.7195,0.206217
276.2602,25.1803,-263.4020,0.206451
277.2095,25.2527,-262.0834,0.206685
278.1592,25.3254,-260.7631,0.206919
279.1101,25.3982,-259.4418,0.207154
280.0624,25.4715,-258.1198,0.207389
281.0158,25.5461,-256.7970,0.207624
281.9702,25.6220,-255.4731,0.207860
282.9251,25.6997,-254.1481,0.208095
283.8810,25.7777,-252.8219,0.208331
284.8379,25.8553,-251.4947,0.208567
285.7958,25.9316,-250.1666,0.208803
286.7550,26.0062,-248.8373,0.209039
287.7158,26.0799,-247.5077,0.209276
288.6792,26.1529,-246.1780,0.209513
289.6451,26.2257,-244.8486,0.209750
290.6143,26.2990,-243.5200,0.209987
291.5866,26.3723,-242.1919,0.210224
292.5625,26.4464,-240.8649,0.210462
293.5419,26.5204,-239.5386,0.210699
294.5242,26.5945,-238.2130,0.210937
295.5093,26.6683,-236.8877,0.211175
296.4968,26.7429,-235.5627,0.211414
297.4865,26.8179,-234.2377,0.211652
298.4778,26.8937,-232.9122,0.211891
299.4700,26.9696,-231.5859,0.212130
300.4629,27.0453,-230.2583,0.212369
301.4560,27.1216,-228.9294,0.212608
302.4489,27.1980,-227.5987,0.212847
303.4414,27.2750,-226.2663,0.213087
304.4336,27.3518,-224.9319,0.213327
305.4250,27.4282,-223.5953,0.213567
306.4152,27.5042,-222.2564,0.213807
307.4039,27.5802,-220.9148,0.214047
308.2924,27.6486,-219.7050,0.214264
309.1796,27.7171,-218.4930,0.214480
310.0654,27.7853,-217.2788,0.214697
310.9501,27.8526,-216.0624,0.214914
311.8335,27.9193,-214.8439,0.215131
312.7156,27.9858,-213.6232,0.215348
313.5960,28.0525,-212.4000,0.215565
314.4747,28.1196,-211.1746,0.215783
315.3519,28.1869,-209.9468,0.216000
316.2273,28.2546,-208.7165,0.216218
317.1008,28.3228,-207.4838,0.216436
317.9725,28.3912,-206.2487,0.216654
318.8423,28.4598,-205.0109,0.216872
319.7103,28.5283,-203.7708,0.217091
320.5768,28.5958,-202.5284,0.217309
321.4415,28.6626,-201.2836,0.217527
322.3044,28.7289,-200.0362,0.217746
323.1655,28.7946,-198.7865,0.217965
324.0248,28.8597,-197.5345,0.218184
324.8823,28.9246,-196.2800,0.218403
325.7379,28.9891,-195.0229,0.218622
326.5916,29.0534,-193.7635,0.218842
327.4436,29.1170,-192.5019,0.219061
328.2939,29.1804,-191.2378,0.219281
329.1422,29.2439,-189.9713,0.219501
329.9885,29.3079,-188.7025,0.219721
330.8329,29.3721,-187.4312,0.219941
331.6753,29.4364,-186.1574,0.220161
332.5156,29.5003,-184.8812,0.220381
333.3540,29.5633,-183.6026,0.220601
334.1901,29.6260,-182.3214,0.220822
335.0237,29.6885,-181.0375,0.221043
335.8548,29.7512,-179.7508,0.221264
336.6835,29.8137,-178.4617,0.221485
337.5100,29.8765,-177.1700,0.221706
338.3340,29.9391,-175.8756,0.221927
339.1559,30.0010,-174.5788,0.222148
339.9756,30.0620,-173.2798,0.222370
340.7928,30.1226,-171.9786,0.222591
341.6073,30.1838,-170.6753,0.222813
342.4193,30.2458,-169.3704,0.223034
343.2290,30.3081,-168.0640,0.223256
344.0368,30.3703,-166.7565,0.223477
344.8427,30.4319,-165.4481,0.223699
345.6466,30.4932,-164.1385,0.223921
346.4489,30.5544,-162.8280,0.224142
347.2502,30.6152,-161.5171,0.224364
348.0504,30.6755,-160.2056,0.224585
348.8490,30.7353,-158.8934,0.224807
349.6459,30.7965,-157.5805,0.225028
350.4408,30.8589,-156.2665,0.225249
351.2329,30.9233,-154.9514,0.225471
352.0225,30.9883,-153.6349,0.225692
352.8088,31.0542,-152.3167,0.225913
353.5924,31.1207,-150.9971,0.226135
354.3736,31.1867,-149.6763,0.226356
355.1527,31.2516,-148.3544,0.226577
355.9294,31.3159,-147.0313,0.226798
356.7037,31.3808,-145.7070,0.227020
357.4755,31.4471,-144.3817,0.227241
358.2444,31.5153,-143.0550,0.227462
359.0105,31.5849,-141.7269,0.227683
359.7736,31.6559,-140.3974,0.227904
360.5341,31.7275,-139.0667,0.228125
361.2928,31.7996,-137.7352,0.228346
362.0507,31.8721,-136.4034,0.228567
362.8072,31.9445,-135.0710,0.228788
363.5611,32.0158,-133.7374,0.229009
364.3116,32.0862,-132.4022,0.229230
365.0585,32.1568,-131.0651,0.229451
365.8017,32.2278,-129.7263,0.229671
366.5410,32.2998,-128.3857,0.229892
367.2765,32.3729,-127.0435,0.230113
368.0084,32.4471,-125.6996,0.230334
368.7366,32.5225,-124.3540,0.230554
369.4615,32.5984,-123.0069,0.230775
370.1826,32.6746,-121.6582,0.230995
370.8999,32.7517,-120.3078,0.231216
371.6136,32.8295,-118.9558,0.231437
372.3234,32.9086,-117.6023,0.231657
373.0296,32.9872,-116.2470,0.231877
373.7322,33.0653,-114.8900,0.232098
374.4310,33.1422,-113.5313,0.232318
375.1257,33.2184,-112.1709,0.232539
375.8162,33.2950,-110.8085,0.232759
376.5025,33.3721,-109.4445,0.232979
377.1845,33.4496,-108.0786,0.233199
377.8624,33.5272,-106.7109,0.233419
378.5360,33.6054,-105.3414,0.233640
379.2051,33.6844,-103.9702,0.233860
379.8696,33.7646,-102.5970,0.234080
380.5294,33.8459,-101.2221,0.234300
381.1846,33.9277,-99.8453,0.234520
381.8353,34.0096,-98.4666,0.234740
382.4815,34.0921,-97.0862,0.234960
383.1234,34.1742,-95.7040,0.235179
383.7608,34.2569,-94.3201,0.235399
384.3940,34.3392,-92.9346,0.235619
385.0232,34.4221,-91.5477,0.235839
385.6483,34.5056,-90.1592,0.236058
386.2697,34.5895,-88.7694,0.236278
386.8877,34.6731,-87.3783,0.236498
387.5024,34.7556,-85.9860,0.236717
388.1136,34.8379,-84.5924,0.236937
388.7214,34.9195,-83.1975,0.237156
389.3257,35.0014,-81.8015,0.237376
389.9270,35.0821,-80.4043,0.237595
390.5247,35.1639,-79.0061,0.237814
391.1191,35.2461,-77.6068,0.238034
391.7105,35.3290,-76.2063,0.238253
392.2991,35.4111,-74.8049,0.238472
392.8853,35.4915,-73.4027,0.238692
393.4692,35.5706,-71.9996,0.238911
394.0504,35.6496,-70.5957,0.239130
394.6289,35.7290,-69.1910,0.239349
395.2048,35.8087,-67.7854,0.239568
395.7783,35.8877,-66.3790,0.239787
396.3493,35.9663,-64.9718,0.240006
396.9180,36.0441,-63.5638,0.240225
397.4843,36.1217,-62.1551,0.240444
398.0482,36.1987,-60.7456,0.240663
398.6099,36.2745,-59.3352,0.240882
399.1693,36.3495,-57.9242,0.241101
399.7263,36.4238,-56.5124,0.241320
400.2812,36.4978,-55.0998,0.241539
400.8336,36.5715,-53.6866,0.241758
401.3840,36.6443,-52.2726,0.241977
401.9325,36.7165,-50.8580,0.242196
402.4790,36.7882,-49.4427,0.242414
403.0236,36.8592,-48.0269,0.242633
403.5661,36.9296,-46.6104,0.242852
404.1063,37.0000,-45.1932,0.243071
404.6447,37.0700,-43.7754,0.243289
405.1818,37.1392,-42.3571,0.243508
405.7172,37.2067,-40.9383,0.243727
406.2511,37.2731,-39.5189,0.243945
406.7840,37.3401,-38.0995,0.244164
407.3164,37.4077,-36.6799,0.244383
407.8481,37.4761,-35.2602,0.244601
408.3794,37.5433,-33.8404,0.244820
408.9106,37.6097,-32.4205,0.245038
409.4419,37.6751,-31.0008,0.245257
409.9733,37.7408,-29.5813,0.245475
410.5043,37.8065,-28.1618,0.245694
411.0351,37.8725,-26.7423,0.245913
411.5658,37.9386,-25.3228,0.246131
412.0964,38.0050,-23.9031,0.246350
412.6268,38.0713,-22.4831,0.246568
413.1570,38.1367,-21.0623,0.246787
413.6866,38.2010,-19.6414,0.247005
414.2161,38.2641,-18.2199,0.247224
414.7451,38.3282,-16.7979,0.247443
415.2735,38.3933,-15.3755,0.247662
415.8010,38.4598,-13.9525,0.247881
416.3278,38.5263,-12.5289,0.248099
416.8538,38.5925,-11.1046,0.248318
417.3792,38.6584,-9.6798,0.248537
417.9034,38.7236,-8.2541,0.248756
418.4265,38.7889,-6.8278,0.248975
418.9485,38.8539,-5.4008,0.249194
419.4696,38.9194,-3.9731,0.249414
419.9895,38.9855,-2.5448,0.249633
420.5082,39.0512,-1.1156,0.249852
421.0257,39.1163,0.3144,0.250071
421.5421,39.1805,1.7451,0.250291
422.0571,39.2448,3.1765,0.250510
422.5710,39.3093,4.6087,0.250729
423.0834,39.3747,6.0416,0.250949
423.5942,39.4408,7.4753,0.251168
424.1035,39.5080,8.9099,0.251388
424.6113,39.5757,10.3452,0.251607
425.1181,39.6429,11.7812,0.251827
425.6237,39.7094,13.2180,0.252046
426.1281,39.7758,14.6554,0.252266
426.6314,39.8424,16.0935,0.252486
427.1334,39.9101,17.5322,0.252705
427.6343,39.9777,18.9717,0.252925
428.1342,40.0458,20.4117,0.253145
428.6335,40.1143,21.8521,0.253365
429.1320,40.1837,23.2930,0.253585
429.6296,40.2537,24.7345,0.253805
430.1266,40.3232,26.1765,0.254025
430.6231,40.3915,27.6189,0.254245
431.1193,40.4590,29.0619,0.254465
431.6151,40.5264,30.5052,0.254685
432.1105,40.5937,31.9489,0.254905
432.6054,40.6610,33.3930,0.255125
433.0998,40.7283,34.8376,0.255345
433.5934,40.7962,36.2827,0.255565
434.0864,40.8643,37.7282,0.255785
434.5789,40.9326,39.1741,0.256006
435.0708,41.0011,40.6204,0.256226
435.5621,41.0703,42.0672,0.256446
436.0527,41.1400,43.5144,0.256667
436.5428,41.2096,44.9621,0.256887
437.0322,41.2793,46.4102,0.257107
437.5210,41.3489,47.8587,0.257328
438.0092,41.4188,49.3077,0.257548
438.4966,41.4883,50.7572,0.257769
438.9834,41.5576,52.2072,0.257990
439.4695,41.6263,53.6575,0.258210
439.9551,41.6954,55.1084,0.258431
440.4401,41.7651,56.5596,0.258651
440.9247,41.8351,58.0111,0.258872
441.4089,41.9047,59.4631,0.259093
441.8927,41.9738,60.9155,0.259313
442.3761,42.0431,62.3681,0.259534
442.8592,42.1122,63.8211,0.259755
443.3418,42.1819,65.2745,0.259976
443.8242,42.2518,66.7281,0.260197
444.3062,42.3220,68.1821,0.260418
444.7876,42.3929,69.6364,0.260639
445.2686,42.4637,71.0911,0.260859
445.7491,42.5351,72.5461,0.261080
446.2291,42.6065,74.0015,0.261301
446.7088,42.6779,75.4573,0.261523
447.1880,42.7487,76.9134,0.261744
447.6668,42.8184,78.3700,0.261965
448.1453,42.8878,79.8268,0.262186
448.6234,42.9571,81.2840,0.262407
449.1012,43.0270,82.7415,0.262628
449.5786,43.0969,84.1993,0.262849
450.0555,43.1666,85.6574,0.263071
450.5320,43.2370,87.1159,0.263292
451.0082,43.3079,88.5747,0.263513
451.4842,43.3785,90.0338,0.263734
451.9599,43.4480,91.4933,0.263956
452.4353,43.5165,92.9530,0.264177
452.9105,43.5852,94.4130,0.264399
453.3854,43.6550,95.8733,0.264620
453.8601,43.7255,97.3337,0.264841
454.3348,43.7954,98.7945,0.265063
454.8092,43.8656,100.2555,0.265284
455.2834,43.9352,101.7168,0.265506
455.7575,44.0056,103.1783,0.265728
456.2313,44.0762,104.6400,0.265949
456.7049,44.1461,106.1021,0.266171
457.1784,44.2159,107.5644,0.266392
457.6519,44.2855,109.0268,0.266614
458.1254,44.3559,110.4895,0.266836
458.5987,44.4275,111.9522,0.267057
459.0720,44.5001,113.4151,0.267279
459.5450,44.5728,114.8784,0.267501
460.0179,44.6446,116.3420,0.267723
460.4909,44.7147,117.8056,0.267945
460.9637,44.7831,119.2698,0.268166
461.4365,44.8514,120.7340,0.268388
461.9092,44.9200,122.1985,0.268610
462.3816,44.9892,123.6632,0.268832
462.8540,45.0585,125.1282,0.269054
463.3264,45.1271,126.5933,0.269276
463.7988,45.1949,128.0587,0.269498
464.2710,45.2620,129.5246,0.269720
464.7430,45.3296,130.9904,0.269942
465.2151,45.3970,132.4565,0.270164
465.6869,45.4655,133.9228,0.270386
466.1585,45.5353,135.3892,0.270609
466.6301,45.6058,136.8559,0.270831
467.1015,45.6767,138.3228,0.271053
467.5728,45.7470,139.7899,0.271275
468.0438,45.8181,141.2571,0.271497
468.5147,45.8888,142.7247,0.271720
468.9854,45.9594,144.1926,0.271942
469.4562,46.0288,145.6606,0.272164
469.9271,46.0968,147.1288,0.272387
470.3980,46.1643,148.5974,0.272609
470.8688,46.2322,150.0660,0.272831
471.3398,46.2995,151.5349,0.273054
471.8104,46.3680,153.0038,0.273276
472.2810,46.4370,154.4729,0.273499
472.7513,46.5072,155.9423,0.273721
473.2215,46.5778,157.4119,0.273944
473.6917,46.6475,158.8817,0.274166
474.1618,46.7169,160.3518,0.274389
474.6316,46.7858,161.8221,0.274611
475.1013,46.8547,163.2927,0.274834
475.5711,46.9229,164.7635,0.275056
476.0410,46.9903,166.2344,0.275279
476.5109,47.0575,167.7055,0.275502
476.9805,47.1258,169.1767,0.275724
477.4498,47.1959,170.6480,0.275947
477.9188,47.2673,172.1196,0.276170
478.3879,47.3381,173.5915,0.276393
478.8568,47.4083,175.0635,0.276615
479.3261,47.4777,176.5356,0.276838
479.7953,47.5476,178.0079,0.277061
480.2644,47.6175,179.4804,0.277284
480.7334,47.6872,180.9531,0.277507
481.2025,47.7568,182.4258,0.277730
481.6716,47.8271,183.8987,0.277953
482.1409,47.8975,185.3718,0.278175
482.6104,47.9695,186.8444,0.278398
483.0797,48.0404,188.3177,0.278621
483.5491,48.1119,189.7910,0.278844
484.0180,48.1823,191.2641,0.279067
484.4868,48.2517,192.7380,0.279290
484.9557,48.3214,194.2120,0.279513
485.4245,48.3920,195.6857,0.279736
485.8935,48.4645,197.1595,0.279959
486.3630,48.5389,198.6334,0.280182
486.8329,48.6135,200.1072,0.280406
487.3031,48.6863,201.5812,0.280629
487.7737,48.7576,203.0553,0.280852
488.2447,48.8281,204.5294,0.281075
488.7162,48.8988,206.0035,0.281298
489.1881,48.9691,207.4776,0.281521
489.6605,49.0385,208.9515,0.281745
490.1332,49.1076,210.4252,0.281968
490.6062,49.1766,211.8988,0.282191
491.0794,49.2462,213.3719,0.282414
491.5529,49.3158,214.8445,0.282637
492.0265,49.3858,216.3165,0.282860
492.5005,49.4563,217.7878,0.283083
492.9745,49.5270,219.2584,0.283306
493.4486,49.5982,220.7283,0.283528
493.9225,49.6698,222.1972,0.283751
494.3963,49.7416,223.6652,0.283974
494.8698,49.8134,225.1321,0.284196
495.3433,49.8848,226.5979,0.284418
495.8166,49.9557,228.0626,0.284640
496.2896,50.0259,229.5262,0.284862
496.7626,50.0960,230.9883,0.285083
497.2356,50.1661,232.4489,0.285305
497.7085,50.2366,233.9078,0.285526
498.1814,50.3077,235.3649,0.285747
498.6540,50.3787,236.8197,0.285967
499.1263,50.4501,238.2718,0.286188
499.5981,50.5212,239.7206,0.286407
500.0694,50.5917,241.1654,0.286626
500.5401,50.6611,242.6059,0.286845
501.0099,50.7301,244.0418,0.287063
501.4792,50.7993,245.4730,0.287280
501.9477,50.8693,246.8996,0.287497
502.4676,50.9471,248.4796,0.287736
502.9867,51.0245,250.0541,0.287976
503.5048,51.1012,251.6232,0.288214
504.0220,51.1774,253.1870,0.288451
504.5382,51.2529,254.7454,0.288688
505.0535,51.3288,256.2983,0.288924
505.5677,51.4047,257.8459,0.289159
506.0808,51.4806,259.3883,0.289394
506.5926,51.5556,260.9257,0.289627
507.1031,51.6301,262.4579,0.289860
507.6123,51.7042,263.9849,0.290092
508.1202,51.7783,265.5069,0.290324
508.6266,51.8522,267.0238,0.290554
509.1317,51.9259,268.5357,0.290784
509.6355,51.9992,270.0427,0.291013
510.1377,52.0723,271.5447,0.291242
510.6384,52.1454,273.0417,0.291469
511.1379,52.2191,274.5338,0.291696
511.6360,52.2919,276.0211,0.291922
512.1327,52.3646,277.5034,0.292148
512.6281,52.4366,278.9811,0.292373
513.1220,52.5086,280.4537,0.292597
513.6148,52.5805,281.9215,0.292820
514.1061,52.6523,283.3846,0.293043
514.5963,52.7240,284.8428,0.293264
515.0855,52.7956,286.2961,0.293486
515.5734,52.8666,287.7447,0.293706
516.0602,52.9372,289.1887,0.293926
516.5459,53.0067,290.6279,0.294145
517.0303,53.0763,292.0623,0.294363
517.5135,53.1463,293.4921,0.294581
517.9953,53.2159,294.9172,0.294798
518.5237,53.2924,296.4796,0.295035
519.0502,53.3687,298.0365,0.295273
519.5748,53.4451,299.5879,0.295509
520.0978,53.5212,301.1340,0.295744
520.6193,53.5967,302.6746,0.295979
521.1390,53.6718,304.2099,0.296212
521.6569,53.7459,305.7399,0.296445
522.1732,53.8197,307.2644,0.296677
522.6877,53.8932,308.7838,0.296909
523.2003,53.9668,310.2978,0.297139
523.7112,54.0404,311.8066,0.297369
524.2203,54.1133,313.3104,0.297598
524.7278,54.1849,314.8091,0.297826
525.2335,54.2560,316.3026,0.298053
525.7375,54.3271,317.7908,0.298280
526.2397,54.3983,319.2740,0.298506
526.7405,54.4693,320.7520,0.298731
527.2399,54.5393,322.2250,0.298955
527.7375,54.6090,323.6930,0.299179
528.2334,54.6780,325.1561,0.299401
528.7275,54.7464,326.6141,0.299623
529.2199,54.8146,328.0673,0.299845
529.7108,54.8827,329.5155,0.300065
530.1998,54.9513,330.9586,0.300285
530.6874,55.0197,332.3970,0.300504
531.1733,55.0877,333.8304,0.300722
531.6578,55.1560,335.2590,0.300940
532.1406,55.2229,336.6828,0.301156
532.6656,55.2969,338.2304,0.301392
533.1888,55.3702,339.7723,0.301627
533.7095,55.4436,341.3086,0.301861
534.2286,55.5169,342.8394,0.302094
534.7454,55.5899,344.3645,0.302326
535.2599,55.6628,345.8843,0.302557
535.7725,55.7347,347.3986,0.302788
536.2830,55.8067,348.9074,0.303018
536.7915,55.8774,350.4109,0.303247
537.2979,55.9481,351.9089,0.303475
537.8023,56.0187,353.4016,0.303702
538.3046,56.0883,354.8889,0.303928
538.8049,56.1586,356.3708,0.304154
539.3031,56.2286,357.8475,0.304378
539.7993,56.2982,359.3190,0.304602
540.2936,56.3679,360.7851,0.304825
540.7857,56.4370,362.2461,0.305048
541.2757,56.5071,363.7018,0.305269
541.7637,56.5763,365.1525,0.305490
542.2495,56.6454,366.5981,0.305710
542.7331,56.7138,368.0387,0.305929
543.2148,56.7816,369.4740,0.306147
543.6946,56.8494,370.9045,0.306365
544.1722,56.9168,372.3299,0.306582
544.6871,56.9885,373.8687,0.306816
545.1998,57.0611,375.4019,0.307049
545.7105,57.1327,376.9305,0.307281
546.2190,57.2054,378.4546,0.307513
546.7255,57.2782,379.9742,0.307744
547.2301,57.3507,381.4897,0.307974
547.7327,57.4233,383.0012,0.308204
548.2335,57.4954,384.5089,0.308433
548.7326,57.5683,386.0126,0.308661
549.2301,57.6402,387.5128,0.308889
549.7258,57.7122,389.0093,0.309117
550.2200,57.7837,390.5022,0.309343
550.7126,57.8550,391.9913,0.309570
551.2036,57.9257,393.4770,0.309795
551.6929,57.9965,394.9590,0.310020
552.1804,58.0667,396.4376,0.310245
552.6661,58.1376,397.9128,0.310469
553.1504,58.2092,399.3854,0.310692
553.6334,58.2808,400.8561,0.310916
554.1155,58.3524,402.3258,0.311139
554.5972,58.4236,403.7954,0.311362
555.0791,58.4944,405.2656,0.311585
555.5615,58.5655,406.7365,0.311808
556.0440,58.6365,408.2085,0.312031
556.5276,58.7078,409.6815,0.312255
557.0123,58.7795,411.1559,0.312479
557.4984,58.8515,412.6320,0.312703
557.9859,58.9235,414.1099,0.312927
558.4750,58.9959,415.5898,0.313152
558.9662,59.0680,417.0724,0.313377
559.4595,59.1408,418.5576,0.313603
559.9548,59.2141,420.0458,0.313829
560.4528,59.2872,421.5371,0.314056
560.9537,59.3614,423.0312,0.314283
561.4583,59.4343,424.5284,0.314511
561.9669,59.5082,426.0280,0.314739
562.4794,59.5814,427.5305,0.314968
562.9957,59.6553,429.0356,0.315198
563.5156,59.7292,430.5436,0.315428
564.0382,59.8032,432.0545,0.315658
564.5627,59.8776,433.5686,0.315889
565.0887,59.9510,435.0864,0.316121
565.6159,60.0255,436.6073,0.316353
566.1440,60.0993,438.1319,0.316586
566.6728,60.1744,439.6594,0.316819
567.2023,60.2490,441.1900,0.317052
567.7324,60.3249,442.7231,0.317286
568.2624,60.4002,444.2590,0.317521
568.7516,60.4706,445.6787,0.317737
569.2409,60.5416,447.1003,0.317954
569.7297,60.6126,448.5238,0.318171
570.2182,60.6839,449.9489,0.318388
570.7060,60.7550,451.3758,0.318606
571.1931,60.8266,452.8042,0.318823
571.6800,60.8981,454.2340,0.319041
572.1663,60.9697,455.6648,0.319259
572.6519,61.0418,457.0966,0.319477
573.1367,61.1135,458.5293,0.319695
573.6208,61.1864,459.9625,0.319914
574.1044,61.2591,461.3961,0.320132
574.5872,61.3316,462.8303,0.320350
575.0692,61.4035,464.2649,0.320568
575.5505,61.4746,465.6997,0.320787
576.0311,61.5459,467.1342,0.321005
576.5107,61.6166,468.5685,0.321223
576.9893,61.6878,470.0016,0.321441
577.4666,61.7583,471.4331,0.321658
577.9427,61.8294,472.8619,0.321875
578.4176,61.9003,474.2880,0.322092
578.9302,61.9770,475.8289,0.322326
579.4413,62.0538,477.3650,0.322560
579.9505,62.1306,478.8954,0.322793
580.4578,62.2076,480.4198,0.323024
580.9629,62.2837,481.9384,0.323255
581.4660,62.3588,483.4511,0.323485
581.9670,62.4339,484.9580,0.323714
582.4658,62.5077,486.4591,0.323942
582.9626,62.5823,487.9545,0.324169
583.4575,62.6558,489.4440,0.324396
583.9503,62.7301,490.9277,0.324621
584.4408,62.8043,492.4058,0.324846
584.9292,62.8784,493.8782,0.325069
585.4156,62.9521,495.3451,0.325292
585.9003,63.0255,496.8063,0.325514
586.3833,63.0982,498.2617,0.325735
586.8651,63.1704,499.7114,0.325956
587.3457,63.2417,501.1553,0.326175
587.8248,63.3128,502.5935,0.326394
588.3024,63.3833,504.0262,0.326612
588.7784,63.4535,505.4533,0.326829
589.2896,63.5284,506.9847,0.327061
589.7996,63.6027,508.5122,0.327294
590.3080,63.6763,510.0362,0.327525
590.8155,63.7507,511.5591,0.327757
591.3231,63.8258,513.0854,0.327989
591.8276,63.9011,514.6035,0.328219
592.3291,63.9752,516.1140,0.328449
592.8279,64.0478,517.6172,0.328677
593.3238,64.1189,519.1130,0.328905
593.8171,64.1908,520.6014,0.329131
594.3078,64.2609,522.0826,0.329356
594.7957,64.3310,523.5565,0.329580
595.2811,64.4008,525.0239,0.329803
595.7653,64.4699,526.4879,0.330025
596.2479,64.5398,527.9484,0.330247
596.7294,64.6088,529.4072,0.330468
597.2098,64.6786,530.8658,0.330690
597.6865,64.7471,532.3145,0.330910
598.1592,64.8165,533.7535,0.331128
598.6288,64.8856,535.1835,0.331345
599.1281,64.9584,536.7052,0.331576
599.6239,65.0321,538.2164,0.331805
600.1160,65.1039,539.7174,0.332033
600.6050,65.1757,541.2076,0.332259
601.0905,65.2465,542.6878,0.332484
601.5725,65.3169,544.1575,0.332707
602.0513,65.3876,545.6171,0.332928
602.5266,65.4581,547.0665,0.333148
602.9987,65.5287,548.5061,0.333367
603.4673,65.5980,549.9358,0.333584
603.9637,65.6721,551.4499,0.333814
604.4562,65.7455,552.9531,0.334042
604.9450,65.8174,554.4454,0.334268
605.4301,65.8895,555.9268,0.334493
605.9113,65.9589,557.3977,0.334716
606.3889,66.0293,558.8578,0.334938
606.8628,66.0982,560.3074,0.335158
607.3328,66.1682,561.7465,0.335376
607.7991,66.2370,563.1755,0.335593
608.2902,66.3085,564.6827,0.335821
608.7773,66.3795,566.1786,0.336048
609.2605,66.4486,567.6631,0.336273
609.7401,66.5180,569.1364,0.336497
610.2159,66.5852,570.5986,0.336718
610.6880,66.6518,572.0497,0.336938
611.1567,66.7177,573.4899,0.337157
611.6219,66.7824,574.9188,0.337373
612.1109,66.8507,576.4194,0.337601
612.5959,66.9176,577.9075,0.337827
613.0773,66.9846,579.3833,0.338051
613.5547,67.0501,580.8477,0.338273
614.0281,67.1170,582.3004,0.338493
614.4974,67.1835,583.7417,0.338712
614.9620,67.2497,585.1721,0.338928
615.4459,67.3195,586.6707,0.339155
615.9208,67.3880,588.1582,0.339381
616.3860,67.4548,589.6353,0.339604
616.8396,67.5210,591.1029,0.339825
617.2802,67.5863,592.5610,0.340045
617.7073,67.6496,594.0103,0.340263
618.1407,67.7157,595.5266,0.340490
618.5563,67.7796,597.0338,0.340716
618.9510,67.8441,598.5327,0.340939
619.3245,67.9065,600.0233,0.341161
619.6763,67.9681,601.5058,0.341380
620.0070,68.0274,602.9800,0.341598
620.3297,68.0889,604.5189,0.341825
620.6266,68.1496,606.0486,0.342049
620.8981,68.2098,607.5692,0.342272
621.1428,68.2688,609.0804,0.342493
621.3617,68.3247,610.5818,0.342712
621.5549,68.3795,612.0736,0.342928
621.7306,68.4333,613.6253,0.343153
621.8801,68.4874,615.1660,0.343377
622.0031,68.5405,616.6941,0.343598
622.1000,68.5955,618.2106,0.343817
622.1734,68.6495,619.7147,0.344034
622.2229,68.7054,621.2735,0.344258
622.2457,68.7607,622.8184,0.344481
622.2419,68.8144,624.3490,0.344702
622.2109,68.8681,625.8648,0.344920
622.1531,68.9218,627.3658,0.345137
622.0613,68.9764,628.9155,0.345361
621.9376,69.0324,630.4478,0.345582
621.7823,69.0869,631.9618,0.345802
621.5978,69.1425,633.4578,0.346019
621.3771,69.1991,634.9966,0.346243
621.1281,69.2545,636.5154,0.346465
620.8507,69.3104,638.0136,0.346685
620.5465,69.3652,639.4910,0.346902
620.1992,69.4236,641.0042,0.347126
619.8199,69.4796,642.4931,0.347347
619.4089,69.5385,643.9569,0.347566
618.9673,69.5940,645.3951,0.347783
618.4728,69.6547,646.8594,0.348006
617.9454,69.7136,648.2943,0.348226
617.3844,69.7738,649.6985,0.348444
616.7698,69.8363,651.1224,0.348668
616.1243,69.8996,652.5132,0.348889
615.4497,69.9631,653.8708,0.349108
614.7206,70.0277,655.2411,0.349332
613.9641,70.0932,656.5756,0.349553
613.1813,70.1589,657.8744,0.349771
612.3738,70.2257,659.1385,0.349988
611.5134,70.2941,660.4096,0.350209
610.6293,70.3615,661.6439,0.350428
609.7248,70.4274,662.8427,0.350644
608.7711,70.4944,664.0472,0.350866
607.7943,70.5603,665.2247,0.351087
606.7920,70.6261,666.3820,0.351307
605.7635,70.6910,667.5225,0.351529
604.7098,70.7543,668.6492,0.351751
603.6672,70.8139,669.7280,0.351967
602.6032,70.8707,670.7969,0.352185
601.5192,70.9276,671.8572,0.352403
600.4160,70.9814,672.9102,0.352623
599.2961,71.0355,673.9583,0.352844
598.1623,71.0876,675.0049,0.353067
597.0545,71.1375,676.0172,0.353283
595.9381,71.1856,677.0329,0.353501
594.8151,71.2320,678.0551,0.353719
593.6876,71.2780,679.0858,0.353940
592.5570,71.3225,680.1267,0.354161
591.4276,71.3672,681.1824,0.354384
590.3411,71.4088,682.2189,0.354600
589.2638,71.4490,683.2776,0.354818
588.1995,71.4876,684.3616,0.355037
587.1516,71.5245,685.4738,0.355257
586.1222,71.5605,686.6153,0.355479
585.1144,71.5946,687.7878,0.355701
584.1320,71.6296,688.9931,0.355925
583.2081,71.6625,690.1851,0.356143
582.3074,71.6943,691.4056,0.356361
581.4325,71.7277,692.6550,0.356581
580.5858,71.7587,693.9339,0.356802
579.7722,71.7924,695.2441,0.357024
578.9896,71.8249,696.5831,0.357248
578.2645,71.8572,697.8981,0.357464
577.5677,71.8885,699.2375,0.357682
576.8990,71.9202,700.6003,0.357900
576.2589,71.9494,701.9859,0.358120
575.6490,71.9814,703.3940,0.358341
575.0704,72.0119,704.8242,0.358564
574.5251,72.0451,706.2759,0.358787
574.0125,72.0772,707.7484,0.359012
573.5521,72.1101,709.1832,0.359229
573.1240,72.1442,710.6356,0.359447
572.7292,72.1779,712.1053,0.359666
572.3698,72.2146,713.5914,0.359887
572.0459,72.2516,715.0932,0.360108
571.7546,72.2881,716.6094,0.360330
571.4983,72.3257,718.1393,0.360554
571.2755,72.3615,719.6822,0.360779
571.0925,72.3975,721.1744,0.360995
570.9397,72.4325,722.6774,0.361213
570.8174,72.4698,724.1901,0.361432
570.7236,72.5047,725.7121,0.361651
570.6547,72.5415,727.2427,0.361872
570.6088,72.5781,728.7814,0.362094
570.5872,72.6156,730.3281,0.362317
570.5892,72.6547,731.8820,0.362541
570.6139,72.6926,733.4434,0.362766
570.6595,72.7306,734.9457,0.362982
570.7244,72.7686,736.4544,0.363200
570.8087,72.8060,737.9690,0.363418
570.9124,72.8440,739.4891,0.363638
571.0349,72.8796,741.0150,0.363859
571.1765,72.9156,742.5461,0.364080
571.3377,72.9491,744.0825,0.364303
571.5190,72.9820,745.6236,0.364526
571.7196,73.0143,747.1696,0.364751
571.9403,73.0451,748.7201,0.364977
572.1696,73.0733,750.2073,0.365193
572.4170,73.1008,751.6984,0.365411
572.6826,73.1276,753.1932,0.365630
572.9668,73.1543,754.6914,0.365850
573.2703,73.1796,756.1927,0.366070
573.5934,73.2038,757.6968,0.366292
573.9375,73.2271,759.2032,0.366515
574.3029,73.2492,760.7119,0.366738
574.6893,73.2703,762.2225,0.366963
575.0963,73.2893,763.7349,0.367188
575.5043,73.3064,765.1798,0.367405
575.9321,73.3226,766.6256,0.367622
576.3788,73.3392,768.0727,0.367840
576.8450,73.3547,769.5203,0.368059
577.3306,73.3704,770.9670,0.368279
577.8337,73.3864,772.4064,0.368499
578.3504,73.4020,773.8297,0.368717
578.8778,73.4172,775.2368,0.368933
579.4391,73.4308,776.6944,0.369158
580.0081,73.4455,778.1354,0.369382
580.5824,73.4583,779.5614,0.369603
581.1629,73.4728,780.9717,0.369823
581.7496,73.4864,782.3664,0.370041
582.3417,73.5008,783.7460,0.370257
582.9644,73.5165,785.1730,0.370481
583.5889,73.5323,786.5856,0.370704
584.2145,73.5484,787.9837,0.370924
584.8391,73.5648,789.3686,0.371143
585.4611,73.5810,790.7413,0.371360
586.1040,73.5986,792.1624,0.371585
586.7382,73.6156,793.5730,0.371808
587.3599,73.6336,794.9749,0.372029
587.9656,73.6507,796.3698,0.372248
588.5522,73.6683,797.7592,0.372465
589.1376,73.6856,799.2025,0.372690
589.6943,73.7015,800.6427,0.372912
590.2206,73.7177,802.0798,0.373133
590.7153,73.7312,803.5145,0.373351
591.1768,73.7451,804.9465,0.373568
591.6240,73.7572,806.4375,0.373792
592.0356,73.7677,807.9333,0.374016
592.4117,73.7770,809.4332,0.374238
592.7516,73.7830,810.9365,0.374460
593.0560,73.7868,812.4427,0.374682
593.3243,73.7892,813.9512,0.374902
593.5615,73.7878,815.4604,0.375123
593.7670,73.7859,816.9701,0.375342
593.9434,73.7798,818.4794,0.375561
594.0923,73.7744,819.9883,0.375779
594.2131,73.7660,821.4958,0.375997
594.3060,73.7572,823.0018,0.376215
594.3712,73.7465,824.5063,0.376432
594.4080,73.7342,826.0085,0.376648
594.4167,73.7191,827.5659,0.376872
594.3951,73.7033,829.1200,0.377096
594.3431,73.6863,830.6705,0.377320
594.2621,73.6690,832.2168,0.377543
594.1512,73.6524,833.7583,0.377765
594.0110,73.6353,835.2947,0.377988
593.8398,73.6199,836.8249,0.378210
593.6395,73.6035,838.3488,0.378431
593.4099,73.5880,839.8657,0.378652
593.1515,73.5712,841.3751,0.378873
592.8634,73.5551,842.8763,0.379093
592.5464,73.5387,844.3689,0.379313
592.2006,73.5233,845.8522,0.379532
591.8254,73.5077,847.3255,0.379751
591.4214,73.4935,848.7885,0.379970
590.9895,73.4800,850.2405,0.380188
590.5295,73.4659,851.6810,0.380406
590.0412,73.4513,853.1095,0.380623
589.5260,73.4365,854.5256,0.380840
588.9847,73.4199,855.9294,0.381057
588.4175,73.4035,857.3221,0.381274
587.8240,73.3863,858.7037,0.381490
587.2050,73.3697,860.0748,0.381707
586.5593,73.3536,861.4355,0.381924
585.8876,73.3376,862.7858,0.382141
585.1898,73.3218,864.1262,0.382359
584.4678,73.3052,865.4589,0.382577
583.7234,73.2872,866.7869,0.382797
582.9563,73.2697,868.1121,0.383017
582.1649,73.2519,869.4370,0.383240
581.3783,73.2377,870.7148,0.383456
580.5670,73.2259,871.9961,0.383674
579.7303,73.2179,873.2821,0.383895
578.8683,73.2115,874.5742,0.384119
578.0150,73.2062,875.8230,0.384337
577.1354,73.1999,877.0776,0.384558
576.2277,73.1927,878.3372,0.384781
575.3289,73.1863,879.5512,0.384999
574.4037,73.1790,880.7711,0.385219
573.4515,73.1719,881.9965,0.385443
572.5134,73.1647,883.1766,0.385660
571.5493,73.1574,884.3618,0.385880
570.5587,73.1500,885.5519,0.386103
569.5865,73.1432,886.6952,0.386320
568.5892,73.1349,887.8427,0.386539
567.5667,73.1274,888.9943,0.386760
566.5184,73.1177,890.1502,0.386985
565.4944,73.1090,891.2581,0.387202
564.4479,73.0989,892.3710,0.387423
563.3787,73.0874,893.4891,0.387645
562.2866,73.0757,894.6123,0.387871
561.2244,73.0619,895.6864,0.388089
560.1399,73.0478,896.7643,0.388309
559.0331,73.0313,897.8458,0.388532
557.9028,73.0133,898.9297,0.388758
556.8069,72.9951,899.9617,0.388974
555.6903,72.9753,900.9960,0.389194
554.5535,72.9534,902.0336,0.389415
553.3966,72.9307,903.0745,0.389640
552.2204,72.9072,904.1191,0.389866
551.0892,72.8829,905.1127,0.390083
549.9419,72.8581,906.1101,0.390302
548.7795,72.8320,907.1120,0.390523
547.6026,72.8042,908.1190,0.390746
546.4124,72.7767,909.1317,0.390972
545.2095,72.7479,910.1506,0.391199
544.0613,72.7207,911.1182,0.391415
542.9017,72.6926,912.0908,0.391633
541.7305,72.6621,913.0682,0.391853
540.5480,72.6304,914.0506,0.392074
539.3539,72.5978,915.0374,0.392298
538.1478,72.5634,916.0283,0.392523
536.9296,72.5291,917.0231,0.392749
535.6994,72.4930,918.0214,0.392977
534.5298,72.4583,918.9634,0.393194
533.3486,72.4234,919.9071,0.393412
532.1556,72.3866,920.8523,0.393631
530.9507,72.3499,921.7989,0.393852
529.7342,72.3126,922.7466,0.394074
528.5060,72.2741,923.6957,0.394298
527.2661,72.2360,924.6456,0.394523
526.0139,72.1967,925.5958,0.394749
524.7496,72.1568,926.5460,0.394977
523.4734,72.1160,927.4965,0.395206
522.2664,72.0764,928.3882,0.395423
521.0496,72.0351,929.2811,0.395640
519.8240,71.9930,930.1758,0.395859
518.5900,71.9492,931.0735,0.396079
517.3479,71.9052,931.9742,0.396300
516.0980,71.8614,932.8782,0.396522
514.8398,71.8185,933.7853,0.396746
513.5751,71.7732,934.6967,0.396970
512.3036,71.7265,935.6132,0.397196
511.0250,71.6791,936.5336,0.397423
509.7396,71.6315,937.4581,0.397652
508.4469,71.5805,938.3867,0.397881
507.1474,71.5302,939.3192,0.398111
505.9283,71.4816,940.1934,0.398328
504.7034,71.4317,941.0714,0.398545
503.4733,71.3820,941.9532,0.398763
502.2379,71.3297,942.8394,0.398982
500.9983,71.2782,943.7294,0.399202
499.7548,71.2267,944.6229,0.399423
498.5079,71.1751,945.5193,0.399644
497.2587,71.1255,946.4184,0.399866
496.0077,71.0750,947.3197,0.400088
494.7553,71.0220,948.2224,0.400311
493.5022,70.9674,949.1257,0.400533
492.2491,70.9133,950.0302,0.400756
490.9961,70.8600,950.9361,0.400979
489.7431,70.8096,951.8430,0.401202
488.4897,70.7552,952.7504,0.401425
487.2361,70.6994,953.6579,0.401648
485.9826,70.6428,954.5660,0.401871
484.7287,70.5854,955.4741,0.402094
483.4744,70.5288,956.3816,0.402318
482.2200,70.4714,957.2892,0.402541
480.9652,70.4145,958.1969,0.402764
479.7104,70.3568,959.1044,0.402987
478.4559,70.2982,960.0122,0.403210
477.2014,70.2400,960.9202,0.403434
475.9466,70.1802,961.8278,0.403657
474.6920,70.1195,962.7353,0.403880
473.4377,70.0585,963.6428,0.404103
472.1833,69.9975,964.5503,0.404327
470.9294,69.9375,965.4586,0.404550
469.6756,69.8762,966.3669,0.404773
468.4222,69.8150,967.2753,0.404996
467.1695,69.7536,968.1845,0.405219
465.9171,69.6917,969.0940,0.405442
464.6656,69.6297,970.0045,0.405666
463.4153,69.5676,970.9161,0.405889
462.1667,69.5061,971.8296,0.406112
460.9199,69.4451,972.7451,0.406335
459.6752,69.3838,973.6628,0.406558
458.4342,69.3224,974.5826,0.406780
457.1976,69.2604,975.5035,0.407003
455.9659,69.1995,976.4254,0.407224
454.7397,69.1373,977.3476,0.407446
453.5208,69.0765,978.2690,0.407666
452.3102,69.0150,979.1887,0.407885
451.1078,68.9532,980.1061,0.408103
449.9131,68.8906,981.0215,0.408320
448.6421,68.8230,981.9996,0.408551
447.3796,68.7557,982.9748,0.408781
446.1248,68.6879,983.9459,0.409010
444.8774,68.6199,984.9126,0.409238
443.6369,68.5522,985.8746,0.409464
442.4028,68.4844,986.8314,0.409689
441.1751,68.4158,987.7833,0.409913
439.9545,68.3470,988.7308,0.410136
438.7407,68.2787,989.6738,0.410358
437.5336,68.2110,990.6124,0.410578
436.3332,68.1445,991.5466,0.410798
435.1389,68.0774,992.4761,0.411016
433.9510,68.0092,993.4014,0.411233
432.6910,67.9365,994.3834,0.411463
431.4379,67.8641,995.3599,0.411692
430.1916,67.7921,996.3311,0.411920
428.9518,67.7212,997.2971,0.412147
427.7187,67.6494,998.2579,0.412372
426.4920,67.5767,999.2135,0.412596
425.2718,67.5035,1000.1640,0.412820
424.0580,67.4293,1001.1091,0.413041
422.8502,67.3558,1002.0490,0.413262
421.6481,67.2828,1002.9832,0.413482
420.4519,67.2103,1003.9117,0.413700
419.2611,67.1391,1004.8349,0.413917
418.0020,67.0623,1005.8096,0.414147
416.7493,66.9847,1006.7786,0.414375
415.5029,66.9069,1007.7415,0.414603
414.2628,66.8283,1008.6988,0.414829
413.0289,66.7500,1009.6502,0.415053
411.8011,66.6717,1010.5962,0.415277
410.5798,66.5923,1011.5369,0.415499
409.3644,66.5145,1012.4719,0.415720
408.1549,66.4365,1013.4015,0.415940
406.9512,66.3593,1014.3257,0.416159
405.7533,66.2827,1015.2444,0.416377
404.5608,66.2053,1016.1574,0.416594
403.3040,66.1243,1017.1180,0.416822
402.0533,66.0439,1018.0723,0.417049
400.8084,65.9625,1019.0203,0.417274
399.5692,65.8821,1019.9619,0.417499
398.3362,65.8010,1020.8978,0.417722
397.1095,65.7193,1021.8286,0.417944
395.8885,65.6388,1022.7535,0.418165
394.6735,65.5562,1023.6730,0.418385
393.4639,65.4739,1024.5867,0.418604
392.2604,65.3906,1025.4952,0.418821
391.0629,65.3061,1026.3990,0.419038
389.8057,65.2177,1027.3478,0.419265
388.5552,65.1277,1028.2919,0.419491
387.3116,65.0397,1029.2310,0.419716
386.0750,64.9510,1030.1655,0.419940
384.8453,64.8626,1031.0957,0.420162
383.6227,64.7748,1032.0211,0.420383
382.4066,64.6870,1032.9420,0.420604
381.1980,64.5993,1033.8586,0.420822
379.9971,64.5118,1034.7709,0.421040
378.7417,64.4189,1035.7267,0.421268
377.4954,64.3272,1036.6777,0.421494
376.2565,64.2366,1037.6248,0.421719
375.0245,64.1476,1038.5671,0.421943
373.7986,64.0588,1039.5046,0.422165
372.5786,63.9684,1040.4369,0.422387
371.3652,63.8766,1041.3649,0.422607
370.1579,63.7821,1042.2882,0.422827
368.9570,63.6884,1043.2073,0.423045
367.7623,63.5933,1044.1219,0.423262
366.5156,63.4973,1045.0773,0.423489
365.2818,63.4004,1046.0225,0.423713
364.0640,63.3063,1046.9546,0.423935
362.8625,63.2135,1047.8737,0.424153
361.6205,63.1165,1048.8215,0.424378
360.3861,63.0190,1049.7614,0.424602
359.1565,62.9207,1050.6945,0.424825
357.9308,62.8217,1051.6202,0.425047
356.7072,62.7221,1052.5371,0.425268
355.4853,62.6210,1053.4436,0.425487
354.2625,62.5205,1054.3374,0.425706
353.0381,62.4190,1055.2162,0.425924
351.8104,62.3200,1056.0787,0.426140
350.5233,62.2136,1056.9625,0.426366
349.2318,62.1087,1057.8269,0.426590
347.9366,61.9987,1058.6716,0.426813
346.6345,61.8907,1059.4926,0.427036
345.3260,61.7808,1060.2893,0.427257
344.0091,61.6723,1061.0583,0.427477
342.6855,61.5627,1061.8021,0.427696
341.3538,61.4515,1062.5165,0.427915
340.0139,61.3413,1063.2008,0.428132
338.6060,61.2254,1063.8789,0.428358
337.1881,61.1115,1064.5178,0.428582
335.7613,60.9980,1065.1188,0.428806
334.3266,60.8872,1065.6816,0.429029
332.8844,60.7757,1066.2040,0.429250
331.4351,60.6639,1066.6847,0.429471
329.9800,60.5510,1067.1244,0.429690
328.5200,60.4389,1067.5220,0.429909
327.0565,60.3250,1067.8798,0.430126
325.5904,60.2132,1068.1978,0.430343
324.0617,60.0948,1068.4875,0.430568
322.5323,59.9806,1068.7328,0.430792
321.0035,59.8637,1068.9338,0.431014
319.4759,59.7504,1069.0907,0.431236
317.9515,59.6330,1069.2043,0.431457
316.4308,59.5171,1069.2734,0.431677
314.9152,59.4011,1069.2992,0.431896
313.4056,59.2866,1069.2821,0.432114
311.9034,59.1706,1069.2224,0.432331
310.3495,59.0522,1069.1179,0.432556
308.8055,58.9288,1068.9718,0.432780
307.2723,58.8084,1068.7828,0.433004
305.7509,58.6872,1068.5531,0.433226
304.2423,58.5668,1068.2831,0.433447
302.7468,58.4486,1067.9736,0.433668
301.2660,58.3304,1067.6256,0.433888
299.8005,58.2116,1067.2399,0.434107
298.3516,58.0947,1066.8157,0.434325
296.9198,57.9771,1066.3544,0.434542
295.4521,57.8577,1065.8367,0.434767
294.0053,57.7384,1065.2797,0.434991
292.5802,57.6193,1064.6846,0.435214
291.1787,57.5014,1064.0496,0.435437
289.8021,57.3849,1063.3760,0.435658
288.4510,57.2665,1062.6646,0.435879
287.1272,57.1507,1061.9147,0.436098
285.8293,57.0323,1061.1315,0.436317
284.5580,56.9157,1060.3154,0.436536
283.3157,56.8001,1059.4656,0.436753
282.0595,56.6783,1058.5483,0.436978
280.8388,56.5622,1057.5934,0.437202
279.6548,56.4416,1056.6027,0.437425
278.5090,56.3238,1055.5759,0.437647
277.4024,56.2052,1054.5155,0.437869
276.3352,56.0897,1053.4224,0.438089
275.3051,55.9745,1052.3014,0.438309
274.3130,55.8598,1051.1534,0.438528
273.3592,55.7441,1049.9797,0.438747
272.4432,55.6313,1048.7797,0.438965
271.5648,55.5153,1047.5549,0.439183
270.7252,55.4022,1046.3055,0.439400
269.9257,55.2873,1045.0330,0.439617
269.1667,55.1734,1043.7383,0.439834
268.4253,55.0552,1042.3750,0.440058
267.7286,54.9385,1040.9906,0.440282
267.0772,54.8228,1039.5870,0.440506
266.4723,54.7084,1038.1654,0.440729
265.9142,54.5944,1036.7271,0.440952
265.4022,54.4794,1035.2744,0.441174
264.9375,54.3652,1033.8082,0.441397
264.5179,54.2485,1032.3302,0.441618
264.1447,54.1339,1030.8364,0.441841
263.8160,54.0166,1029.3229,0.442065
263.5428,53.9028,1027.8400,0.442282
263.3131,53.7875,1026.3369,0.442502
263.1287,53.6744,1024.8146,0.442724
262.9892,53.5609,1023.2747,0.442947
262.8983,53.4522,1021.7741,0.443164
262.8497,53.3431,1020.2597,0.443383
262.8459,53.2326,1018.7327,0.443603
262.8867,53.1221,1017.1941,0.443826
262.9722,53.0077,1015.6454,0.444050
263.0990,52.8989,1014.1458,0.444267
263.2678,52.7859,1012.6391,0.444486
263.4812,52.6755,1011.1266,0.444707
263.7379,52.5632,1009.6097,0.444929
264.0392,52.4502,1008.0895,0.445153
264.3708,52.3439,1006.6260,0.445370
264.7426,52.2343,1005.1616,0.445588
265.1573,52.1263,1003.6984,0.445807
265.6130,52.0176,1002.2369,0.446028
266.1093,51.9092,1000.7780,0.446251
266.6460,51.8019,999.3226,0.446475
267.2220,51.6973,997.8714,0.446700
267.8116,51.5997,996.4834,0.446918
268.4343,51.5001,995.0998,0.447137
269.0908,51.4038,993.7220,0.447357
269.7799,51.3051,992.3508,0.447579
270.5065,51.2096,990.9890,0.447802
271.2693,51.1163,989.6373,0.448026
272.0677,51.0242,988.2963,0.448251
272.8660,50.9353,987.0224,0.448468
273.6990,50.8468,985.7617,0.448686
274.5659,50.7586,984.5153,0.448905
275.4664,50.6670,983.2833,0.449125
276.4016,50.5785,982.0680,0.449347
277.3692,50.4870,980.8690,0.449569
278.3692,50.3959,979.6868,0.449792
279.4006,50.3041,978.5220,0.450017
280.4637,50.2102,977.3761,0.450242
281.5087,50.1192,976.2969,0.450459
282.5802,50.0269,975.2344,0.450677
283.6773,49.9307,974.1884,0.450896
284.7984,49.8331,973.1578,0.451116
285.9413,49.7302,972.1408,0.451336
287.1053,49.6266,971.1370,0.451558
288.2892,49.5200,970.1452,0.451781
289.4915,49.4123,969.1641,0.452005
290.7105,49.3023,968.1920,0.452231
291.9458,49.1913,967.2290,0.452457
293.1389,49.0825,966.3168,0.452674
294.3449,48.9708,965.4106,0.452892
295.5629,48.8589,964.5107,0.453110
296.7931,48.7463,963.6175,0.453330
298.0361,48.6333,962.7322,0.453550
299.2930,48.5223,961.8567,0.453772
300.5595,48.4062,960.9846,0.453994
301.8359,48.2916,960.1173,0.454217
303.1240,48.1757,959.2567,0.454441
304.4256,48.0624,958.4063,0.454665
305.7370,47.9423,957.5601,0.454891
307.0590,47.8246,956.7194,0.455117
308.3924,47.7031,955.8847,0.455344
309.6737,47.5936,955.0971,0.455561
310.9638,47.4766,954.3126,0.455780
312.2644,47.3644,953.5339,0.455999
313.5754,47.2504,952.7608,0.456218
314.8952,47.1373,951.9908,0.456439
316.2238,47.0223,951.2241,0.456661
317.5627,46.9080,950.4634,0.456883
318.9116,46.7929,949.7082,0.457106
320.2700,46.6784,948.9594,0.457331
321.6328,46.5637,948.2196,0.457554
322.9948,46.4502,947.4916,0.457778
324.3553,46.3383,946.7761,0.458000
325.7131,46.2275,946.0715,0.458221
327.0694,46.1193,945.3788,0.458440
328.4231,46.0119,944.6970,0.458659
329.7744,45.9056,944.0261,0.458877
331.1232,45.8012,943.3656,0.459094
332.5363,45.6918,942.6834,0.459321
333.9461,45.5856,942.0112,0.459546
335.3520,45.4778,941.3486,0.459771
336.7532,45.3731,940.6934,0.459994
338.1487,45.2670,940.0438,0.460216
339.5388,45.1637,939.3997,0.460437
340.9231,45.0603,938.7601,0.460658
342.3014,44.9576,938.1251,0.460877
343.6729,44.8581,937.4923,0.461095
345.0377,44.7584,936.8618,0.461312
346.4599,44.6555,936.2028,0.461538
347.8746,44.5529,935.5460,0.461763
349.2818,44.4512,934.8907,0.461987
350.6814,44.3513,934.2373,0.462210
352.0721,44.2527,933.5825,0.462432
353.4518,44.1564,932.9216,0.462653
354.8196,44.0587,932.2536,0.462873
356.1747,43.9641,931.5763,0.463091
357.5166,43.8687,930.8895,0.463309
358.8455,43.7745,930.1929,0.463526
360.2209,43.6735,929.4550,0.463751
361.5818,43.5716,928.7062,0.463975
362.9268,43.4691,927.9449,0.464198
364.2562,43.3667,927.1714,0.464420
365.5695,43.2669,926.3842,0.464641
366.8663,43.1666,925.5845,0.464861
368.1469,43.0656,924.7726,0.465080
369.4094,42.9635,923.9456,0.465298
370.6521,42.8618,923.1017,0.465515
371.9267,42.7522,922.2023,0.465740
373.1772,42.6447,921.2823,0.465964
374.4012,42.5372,920.3397,0.466188
375.5972,42.4320,919.3730,0.466410
376.7651,42.3248,918.3839,0.466631
377.9045,42.2163,917.3727,0.466851
379.0159,42.1049,916.3409,0.467070
380.0975,41.9913,915.2878,0.467288
381.1487,41.8757,914.2135,0.467505
382.2100,41.7551,913.0717,0.467730
383.2382,41.6344,911.9089,0.467954
384.2361,41.5121,910.7281,0.468178
385.2039,41.3901,909.5308,0.468400
386.1428,41.2663,908.3182,0.468622
387.0522,41.1439,907.0909,0.468843
387.9316,41.0205,905.8491,0.469063
388.7807,40.8984,904.5931,0.469282
389.6002,40.7753,903.3245,0.469500
390.3914,40.6507,902.0444,0.469717
391.1832,40.5223,900.7010,0.469943
391.9407,40.3929,899.3450,0.470167
392.6645,40.2663,897.9766,0.470391
393.3550,40.1399,896.5976,0.470614
394.0125,40.0129,895.2085,0.470836
394.6373,39.8885,893.8104,0.471058
395.2301,39.7640,892.4045,0.471278
395.7919,39.6420,890.9914,0.471498
396.3226,39.5220,889.5714,0.471717
396.8221,39.4014,888.1452,0.471935
397.2911,39.2804,886.7131,0.472153
397.7295,39.1616,885.2751,0.472370
398.1392,39.0419,883.8311,0.472587
398.5185,38.9276,882.3793,0.472804
398.8680,38.8110,880.9180,0.473021
399.1853,38.6984,879.4448,0.473239
399.4753,38.5847,877.9606,0.473457
399.7417,38.4698,876.4659,0.473677
399.9852,38.3558,874.9608,0.473897
400.2117,38.2424,873.4457,0.474118
400.4146,38.1326,871.9200,0.474340
400.5919,38.0249,870.3840,0.474564
400.7450,37.9208,868.8380,0.474788
400.8670,37.8221,867.3428,0.475004
400.9655,37.7238,865.8397,0.475222
401.0413,37.6273,864.3290,0.475440
401.0939,37.5319,862.8115,0.475659
401.1251,37.4315,861.2871,0.475880
401.1319,37.3388,859.7567,0.476100
401.1180,37.2403,858.2207,0.476322
401.0753,37.1544,856.6793,0.476545
401.0071,37.0684,855.1327,0.476768
400.9213,36.9782,853.5820,0.476992
400.8065,36.8891,852.0275,0.477217
400.6738,36.8015,850.5320,0.477434
400.5179,36.7154,849.0336,0.477651
400.3394,36.6278,847.5327,0.477869
400.1386,36.5405,846.0294,0.478088
399.9161,36.4509,844.5242,0.478308
399.6717,36.3602,843.0172,0.478528
399.4044,36.2664,841.5089,0.478749
399.1151,36.1711,839.9998,0.478971
398.8032,36.0743,838.4896,0.479193
398.4698,35.9757,836.9786,0.479417
398.1184,35.8742,835.4664,0.479641
397.7483,35.7711,833.9532,0.479866
397.3622,35.6659,832.4383,0.480091
396.9794,35.5634,830.9844,0.480308
396.5841,35.4610,829.5286,0.480526
396.1756,35.3558,828.0712,0.480745
395.7549,35.2525,826.6119,0.480964
395.3222,35.1464,825.1508,0.481184
394.8775,35.0404,823.6880,0.481405
394.4207,34.9330,822.2236,0.481626
393.9512,34.8228,820.7581,0.481849
393.4688,34.7125,819.2911,0.482072
392.9739,34.6015,817.8232,0.482295
392.4673,34.4888,816.3536,0.482520
391.9495,34.3749,814.8827,0.482745
391.4216,34.2598,813.4099,0.482971
390.9074,34.1497,811.9994,0.483188
390.3859,34.0385,810.5866,0.483406
389.8592,33.9270,809.1708,0.483624
389.3267,33.8142,807.7522,0.483843
388.7887,33.7009,806.3306,0.484062
388.2463,33.5865,804.9058,0.484282
387.6992,33.4717,803.4778,0.484503
387.1476,33.3564,802.0467,0.484725
386.5919,33.2406,800.6122,0.484947
386.0342,33.1259,799.1735,0.485170
385.4740,33.0093,797.7311,0.485394
384.9111,32.8925,796.2849,0.485618
384.3452,32.7758,794.8350,0.485843
383.7760,32.6580,793.3817,0.486068
383.2035,32.5400,791.9248,0.486294
382.6273,32.4214,790.4647,0.486521
382.0743,32.3085,789.0677,0.486738
381.5185,32.1961,787.6677,0.486956
380.9605,32.0829,786.2643,0.487174
380.4008,31.9703,784.8572,0.487393
379.8389,31.8542,783.4470,0.487612
379.2748,31.7383,782.0336,0.487832
378.7080,31.6226,780.6171,0.488052
378.1373,31.5090,779.1982,0.488273
377.5626,31.3981,777.7747,0.488495
376.9860,31.2851,776.3449,0.488717
376.4064,31.1722,774.9081,0.488941
375.8241,31.0590,773.4636,0.489166
375.2380,30.9445,772.0115,0.489392
374.6479,30.8300,770.5515,0.489620
374.0815,30.7197,769.1539,0.489838
373.5110,30.6089,767.7493,0.490057
372.9362,30.4991,766.3373,0.490277
372.3578,30.3884,764.9178,0.490498
371.7759,30.2777,763.4908,0.490721
371.1903,30.1661,762.0562,0.490944
370.6006,30.0558,760.6142,0.491169
370.0080,29.9447,759.1646,0.491396
369.4128,29.8352,757.7070,0.491623
368.8440,29.7288,756.3154,0.491840
368.2728,29.6230,754.9170,0.492058
367.7000,29.5154,753.5115,0.492277
367.1263,29.4084,752.0983,0.492498
366.5509,29.3015,750.6780,0.492719
365.9758,29.1937,749.2501,0.492941
365.4015,29.0866,747.8140,0.493165
364.8286,28.9782,746.3698,0.493389
364.2574,28.8698,744.9174,0.493614
363.6874,28.7609,743.4571,0.493841
363.1190,28.6513,741.9888,0.494068
362.5526,28.5412,740.5123,0.494296
362.0178,28.4381,739.1061,0.494514
361.4842,28.3331,737.6929,0.494732
360.9528,28.2297,736.2726,0.494951
360.4234,28.1248,734.8450,0.495171
359.8956,28.0204,733.4105,0.495391
359.3698,27.9149,731.9691,0.495613
358.8465,27.8085,730.5206,0.495835
358.3260,27.7011,729.0649,0.496058
357.8082,27.5940,727.6021,0.496282
357.2932,27.4856,726.1323,0.496507
356.7805,27.3777,724.6555,0.496733
356.2708,27.2684,723.1719,0.496960
355.7635,27.1589,721.6813,0.497187
355.2581,27.0490,720.1843,0.497415
354.7549,26.9383,718.6807,0.497644
354.2815,26.8341,717.2546,0.497861
353.8098,26.7287,715.8227,0.498079
353.3395,26.6237,714.3852,0.498297
352.8709,26.5189,712.9419,0.498516
352.4040,26.4134,711.4929,0.498736
351.9384,26.3076,710.0383,0.498957
351.4743,26.2006,708.5780,0.499178
351.0112,26.0926,707.1124,0.499400
350.5496,25.9849,705.6411,0.499623
350.0900,25.8754,704.1640,0.499846
349.6323,25.7654,702.6812,0.500070
349.1761,25.6528,701.1927,0.500295
348.7216,25.5389,699.6987,0.500521
348.2691,25.4256,698.1990,0.500747
347.8180,25.3121,696.6935,0.500974
347.3686,25.1990,695.1824,0.501201
346.9206,25.0859,693.6656,0.501430
346.4742,24.9714,692.1433,0.501659
346.0301,24.8587,690.6152,0.501889
345.6141,24.7519,689.1716,0.502106
345.1997,24.6464,687.7230,0.502323
344.7866,24.5402,686.2696,0.502542
344.3751,24.4335,684.8112,0.502760
343.9659,24.3257,683.3478,0.502980
343.5586,24.2186,681.8794,0.503200
343.1530,24.1105,680.4061,0.503421
342.7492,24.0032,678.9277,0.503642
342.3472,23.8956,677.4445,0.503864
341.9475,23.7873,675.9562,0.504086
341.5500,23.6797,674.4628,0.504309
341.1549,23.5718,672.9645,0.504533
340.7621,23.4623,671.4611,0.504758
340.3716,23.3528,669.9528,0.504983
339.9837,23.2427,668.4395,0.505208
339.5985,23.1327,666.9211,0.505434
339.2157,23.0222,665.3976,0.505661
338.8347,22.9104,663.8693,0.505889
338.4557,22.7979,662.3362,0.506117
338.0788,22.6842,660.7982,0.506345
337.7032,22.5699,659.2554,0.506575
337.3285,22.4546,657.7081,0.506805
336.9543,22.3385,656.1562,0.507035
336.6040,22.2304,654.6973,0.507252
336.2536,22.1219,653.2344,0.507469
335.9038,22.0140,651.7675,0.507687
335.5540,21.9060,650.2966,0.507905
335.2045,21.7978,648.8219,0.508124
334.8551,21.6906,647.3433,0.508344
334.5059,21.5846,645.8608,0.508564
334.1568,21.4784,644.3743,0.508784
333.8080,21.3734,642.8840,0.509005
333.4595,21.2678,641.3898,0.509227
333.1118,21.1615,639.8918,0.509449
332.7650,21.0553,638.3897,0.509671
332.4193,20.9497,636.8837,0.509894
332.0744,20.8435,635.3737,0.510118
331.7304,20.7373,633.8597,0.510342
331.3868,20.6312,632.3420,0.510567
331.0436,20.5244,630.8204,0.510792
330.7011,20.4179,629.2949,0.511018
330.3589,20.3103,627.7656,0.511244
330.0172,20.2025,626.2327,0.511471
329.6757,20.0959,624.6966,0.511698
329.3348,19.9896,623.1573,0.511926
328.9945,19.8844,621.6150,0.512154
328.6544,19.7794,620.0697,0.512382
328.3142,19.6732,618.5214,0.512611
327.9742,19.5667,616.9705,0.512840
327.6339,19.4598,615.4168,0.513070
327.2933,19.3540,613.8604,0.513300
326.9521,19.2481,612.3018,0.513530
326.6109,19.1417,610.7429,0.513761
326.2704,19.0348,609.1866,0.513991
325.9308,18.9279,607.6357,0.514220
325.5926,18.8219,606.0916,0.514448
325.2560,18.7169,604.5536,0.514676
324.9207,18.6115,603.0219,0.514902
324.5868,18.5055,601.4966,0.515127
324.2545,18.4007,599.9784,0.515352
323.9235,18.2972,598.4673,0.515575
323.5937,18.1943,596.9636,0.515797
323.2656,18.0916,595.4669,0.516019
322.9393,17.9890,593.9775,0.516239
322.6150,17.8867,592.4949,0.516458
322.2924,17.7854,591.0193,0.516676
321.9713,17.6849,589.5508,0.516893
321.6304,17.5784,587.9918,0.517123
321.2911,17.4722,586.4405,0.517353
320.9535,17.3666,584.8972,0.517581
320.6173,17.2624,583.3616,0.517808
320.2821,17.1594,581.8337,0.518033
319.9483,17.0544,580.3130,0.518258
319.6160,16.9481,578.7998,0.518482
319.2857,16.8405,577.2939,0.518705
318.9572,16.7343,575.7957,0.518926
318.6300,16.6293,574.3044,0.519146
318.3039,16.5255,572.8203,0.519366
317.9784,16.4216,571.3434,0.519584
317.6542,16.3179,569.8737,0.519802
317.3114,16.2074,568.3197,0.520031
316.9703,16.0965,566.7734,0.520260
316.6309,15.9852,565.2349,0.520488
316.2933,15.8742,563.7038,0.520714
315.9568,15.7635,562.1802,0.520939
315.6219,15.6542,560.6642,0.521164
315.2886,15.5449,559.1555,0.521387
314.9565,15.4370,557.6541,0.521609
314.6260,15.3300,556.1599,0.521830
314.2974,15.2244,554.6727,0.522050
313.9703,15.1192,553.1925,0.522269
313.6450,15.0142,551.7195,0.522486
313.3208,14.9092,550.2532,0.522703
312.9790,14.7987,548.7085,0.522932
312.6397,14.6892,547.1714,0.523159
312.3016,14.5804,545.6417,0.523385
311.9655,14.4710,544.1194,0.523610
311.6318,14.3618,542.6046,0.523834
311.3003,14.2527,541.0968,0.524057
310.9713,14.1441,539.5963,0.524279
310.6444,14.0361,538.1026,0.524500
310.3202,13.9286,536.6159,0.524720
309.9986,13.8233,535.1362,0.524938
309.6787,13.7192,533.6632,0.525156
309.3605,13.6167,532.1971,0.525373
309.0266,13.5089,530.6570,0.525600
308.6948,13.4028,529.1246,0.525827
308.3650,13.2974,527.5997,0.526052
308.0373,13.1937,526.0819,0.526276
307.7123,13.0882,524.5713,0.526499
307.3902,12.9830,523.0681,0.526721
307.0706,12.8787,521.5718,0.526942
306.7536,12.7731,520.0825,0.527162
306.4389,12.6695,518.6002,0.527381
306.1266,12.5648,517.1246,0.527598
305.8170,12.4613,515.6559,0.527815
305.4937,12.3508,514.1169,0.528042
305.1728,12.2417,512.5854,0.528268
304.8543,12.1323,511.0612,0.528493
304.5378,12.0237,509.5443,0.528717
304.2237,11.9163,508.0343,0.528940
303.9121,11.8085,506.5315,0.529161
303.6022,11.7024,505.0355,0.529382
303.2945,11.5960,503.5465,0.529601
302.9886,11.4912,502.0645,0.529820
302.6837,11.3876,500.5893,0.530037
302.3646,11.2789,499.0480,0.530265
302.0451,11.1717,497.5144,0.530491
301.7259,11.0648,495.9886,0.530716
301.4066,10.9581,494.4706,0.530940
301.0871,10.8530,492.9601,0.531163
300.7663,10.7496,491.4575,0.531385
300.4450,10.6451,489.9622,0.531606
300.1234,10.5406,488.4744,0.531825
299.8014,10.4352,486.9942,0.532044
299.4785,10.3285,485.5213,0.532262
299.1535,10.2243,484.0559,0.532479
298.8111,10.1150,482.5286,0.532705
298.4675,10.0061,481.0091,0.532930
298.1240,9.8975,479.4959,0.533154
297.7817,9.7894,477.9864,0.533377
297.4400,9.6815,476.4797,0.533600
297.0981,9.5737,474.9751,0.533823
296.7552,9.4668,473.4717,0.534046
296.4108,9.3597,471.9691,0.534268
296.0630,9.2527,470.4648,0.534491
295.7127,9.1442,468.9558,0.534715
295.3584,9.0360,467.4405,0.534940
295.0007,8.9253,465.9177,0.535166
294.6538,8.8215,464.4568,0.535382
294.3018,8.7153,462.9884,0.535600
293.9439,8.6081,461.5125,0.535820
293.5785,8.4999,460.0291,0.536040
293.2051,8.3903,458.5382,0.536262
292.8229,8.2807,457.0399,0.536486
292.4321,8.1681,455.5339,0.536710
292.0321,8.0558,454.0203,0.536936
291.6222,7.9420,452.4994,0.537164
291.2214,7.8336,451.0442,0.537382
290.8102,7.7257,449.5825,0.537601
290.3879,7.6175,448.1146,0.537822
289.9548,7.5060,446.6406,0.538044
289.5095,7.3952,445.1608,0.538267
289.0522,7.2802,443.6752,0.538491
288.5825,7.1655,442.1840,0.538717
288.1006,7.0482,440.6873,0.538944
287.6304,6.9364,439.2608,0.539161
287.1478,6.8241,437.8299,0.539380
286.6510,6.7102,436.3954,0.539599
286.1392,6.5961,434.9578,0.539819
285.6113,6.4809,433.5176,0.540041
285.0661,6.3641,432.0755,0.540264
284.5036,6.2478,430.6317,0.540487
283.9250,6.1297,429.1859,0.540712
283.3297,6.0116,427.7385,0.540938
282.7189,5.8928,426.2892,0.541166
282.0912,5.7732,424.8390,0.541394
281.4807,5.6603,423.4643,0.541611
280.8540,5.5462,422.0896,0.541830
280.2103,5.4322,420.7157,0.542049
279.5494,5.3170,419.3434,0.542269
278.8705,5.2008,417.9741,0.542490
278.1735,5.0840,416.6083,0.542711
277.4594,4.9665,415.2463,0.542933
276.7285,4.8480,413.8886,0.543156
275.9820,4.7302,412.5359,0.543379
275.2211,4.6118,411.1887,0.543603
274.4461,4.4941,409.8475,0.543827
273.6565,4.3766,408.5128,0.544051
272.8527,4.2594,407.1850,0.544275
272.0348,4.1426,405.8653,0.544499
271.2028,4.0258,404.5549,0.544723
270.3578,3.9101,403.2538,0.544947
269.5002,3.7959,401.9632,0.545171
268.6314,3.6821,400.6837,0.545395
267.7518,3.5689,399.4162,0.545617
266.8622,3.4554,398.1622,0.545840
265.9628,3.3412,396.9226,0.546061
265.0539,3.2267,395.6989,0.546281
264.1352,3.1120,394.4919,0.546500
263.2063,2.9980,393.3015,0.546718
262.2677,2.8850,392.1280,0.546935
261.2663,2.7665,390.9077,0.547163
260.2546,2.6490,389.7057,0.547390
259.2328,2.5309,388.5226,0.547616
258.2003,2.4154,387.3591,0.547841
257.1582,2.3001,386.2141,0.548065
256.1071,2.1858,385.0876,0.548287
255.0466,2.0723,383.9796,0.548509
253.9773,1.9578,382.8893,0.548729
252.8978,1.8453,381.8184,0.548949
251.8087,1.7321,380.7656,0.549168
250.7082,1.6220,379.7332,0.549386
249.5980,1.5133,378.7189,0.549603
248.4211,1.3990,377.6688,0.549831
247.2367,1.2854,376.6356,0.550058
246.0447,1.1711,375.6186,0.550284
244.8446,1.0579,374.6178,0.550510
243.6374,0.9449,373.6312,0.550735
242.4245,0.8325,372.6557,0.550960
241.2024,0.7222,371.6937,0.551184
239.9685,0.6107,370.7474,0.551409
238.7218,0.5012,369.8174,0.551633
237.4624,0.3908,368.9023,0.551858
236.1896,0.2826,368.0033,0.552083
234.9042,0.1737,367.1194,0.552309
233.6060,0.0652,366.2513,0.552534
232.2950,-0.0434,365.3993,0.552760
230.9716,-0.1529,364.5632,0.552986
229.6357,-0.2617,363.7434,0.553212
228.2875,-0.3709,362.9404,0.553439
226.9274,-0.4789,362.1538,0.553666
225.5554,-0.5891,361.3840,0.553893
224.1713,-0.6970,360.6322,0.554120
222.7763,-0.8072,359.8968,0.554348
221.4400,-0.9084,359.2152,0.554565
220.0935,-1.0098,358.5501,0.554781
218.7374,-1.1103,357.9009,0.554999
217.3718,-1.2096,357.2677,0.555216
215.9971,-1.3099,356.6505,0.555433
214.6131,-1.4093,356.0505,0.555651
213.2202,-1.5090,355.4673,0.555869
211.8190,-1.6080,354.9000,0.556087
210.4095,-1.7077,354.3492,0.556306
208.9922,-1.8078,353.8145,0.556525
207.5669,-1.9076,353.2970,0.556743
206.1338,-2.0084,352.7970,0.556963
204.6932,-2.1065,352.3145,0.557182
203.2457,-2.2065,351.8474,0.557401
201.7911,-2.3040,351.3983,0.557621
200.3302,-2.4023,350.9649,0.557841
198.8632,-2.5016,350.5474,0.558061
197.3900,-2.5991,350.1466,0.558282
195.9113,-2.6981,349.7615,0.558502
194.4275,-2.7957,349.3901,0.558723
192.9390,-2.8936,349.0317,0.558944
191.4463,-2.9930,348.6853,0.559165
189.9491,-3.0910,348.3524,0.559387
188.4478,-3.1918,348.0317,0.559608
186.9423,-3.2906,347.7253,0.559830
185.4327,-3.3894,347.4318,0.560052
183.9194,-3.4884,347.1507,0.560274
182.4024,-3.5867,346.8826,0.560497
180.8819,-3.6872,346.6268,0.560719
179.3579,-3.7890,346.3841,0.560942
177.8307,-3.8920,346.1548,0.561165
176.3000,-3.9956,345.9393,0.561388
174.7661,-4.0983,345.7383,0.561612
173.2290,-4.2019,345.5509,0.561835
171.6890,-4.3059,345.3766,0.562059
170.1463,-4.4096,345.2147,0.562283
168.6011,-4.5150,345.0643,0.562507
167.0535,-4.6196,344.9256,0.562731
165.5035,-4.7262,344.7984,0.562956
163.9512,-4.8325,344.6840,0.563181
162.3967,-4.9408,344.5825,0.563406
160.8400,-5.0494,344.4950,0.563631
159.2813,-5.1599,344.4228,0.563856
157.7207,-5.2701,344.3658,0.564082
156.1582,-5.3802,344.3237,0.564307
154.5941,-5.4905,344.2970,0.564533
153.0285,-5.6002,344.2859,0.564759
151.4616,-5.7109,344.2920,0.564986
149.8936,-5.8219,344.3155,0.565212
148.3247,-5.9332,344.3564,0.565439
146.7552,-6.0459,344.4144,0.565665
145.1850,-6.1575,344.4896,0.565893
143.6147,-6.2699,344.5820,0.566120
142.0441,-6.3829,344.6922,0.566347
140.4734,-6.4967,344.8190,0.566575
138.9031,-6.6122,344.9629,0.566802
137.3333,-6.7272,345.1247,0.567030
135.7640,-6.8438,345.3038,0.567259
134.1956,-6.9584,345.5010,0.567487
132.6281,-7.0741,345.7149,0.567715
131.0622,-7.1870,345.9474,0.567944
129.5798,-7.2957,346.1835,0.568161
128.0990,-7.4009,346.4356,0.568378
126.6196,-7.5093,346.7019,0.568595
125.1421,-7.6167,346.9835,0.568812
123.6662,-7.7250,347.2788,0.569029
122.1920,-7.8325,347.5877,0.569247
120.7197,-7.9412,347.9099,0.569465
119.2494,-8.0499,348.2464,0.569682
117.7814,-8.1600,348.5966,0.569900
116.3158,-8.2701,348.9608,0.570119
114.8528,-8.3793,349.3392,0.570337
113.3922,-8.4877,349.7316,0.570555
111.9344,-8.5970,350.1375,0.570774
110.4795,-8.7065,350.5570,0.570992
109.0275,-8.8164,350.9901,0.571211
107.5790,-8.9239,351.4375,0.571430
106.1334,-9.0322,351.8979,0.571649
104.6911,-9.1399,352.3715,0.571869
103.2520,-9.2474,352.8577,0.572088
101.8164,-9.3557,353.3561,0.572307
100.3844,-9.4620,353.8679,0.572527
98.9562,-9.5686,354.3925,0.572747
97.5319,-9.6746,354.9301,0.572967
96.1114,-9.7811,355.4799,0.573187
94.6946,-9.8867,356.0409,0.573407
93.2816,-9.9907,356.6140,0.573627
91.8728,-10.0938,357.1991,0.573847
90.4677,-10.1964,357.7958,0.574067
89.0661,-10.2990,358.4034,0.574288
87.6680,-10.4005,359.0216,0.574509
86.2731,-10.5018,359.6497,0.574729
84.8813,-10.6011,360.2874,0.574950
83.4928,-10.7010,360.9345,0.575172
82.1076,-10.7993,361.5916,0.575393
80.7259,-10.8971,362.2579,0.575614
79.3477,-10.9942,362.9338,0.575836
77.9730,-11.0902,363.6190,0.576058
76.6022,-11.1852,364.3140,0.576279
75.2355,-11.2794,365.0189,0.576501
73.8731,-11.3727,365.7344,0.576723
72.5154,-11.4648,366.4600,0.576946
71.1622,-11.5572,367.1962,0.577168
69.8141,-11.6483,367.9429,0.577390
68.4715,-11.7395,368.7010,0.577613
67.1346,-11.8304,369.4704,0.577835
65.8029,-11.9201,370.2506,0.578058
64.4774,-12.0107,371.0423,0.578281
63.1582,-12.1013,371.8459,0.578504
61.8449,-12.1903,372.6603,0.578727
60.5382,-12.2805,373.4863,0.578950
59.2384,-12.3666,374.3245,0.579173
57.9446,-12.4544,375.1731,0.579396
56.6576,-12.5403,376.0328,0.579620
55.3771,-12.6281,376.9034,0.579843
54.1035,-12.7160,377.7848,0.580066
52.8369,-12.8035,378.6772,0.580290
51.5777,-12.8904,379.5807,0.580514
50.3246,-12.9754,380.4937,0.580737
49.0778,-13.0592,381.4163,0.580961
47.8374,-13.1423,382.3483,0.581185
46.6035,-13.2242,383.2893,0.581409
45.3758,-13.3051,384.2394,0.581633
44.1550,-13.3848,385.1988,0.581857
42.9411,-13.4633,386.1673,0.582081
41.7345,-13.5427,387.1457,0.582305
40.5362,-13.6198,388.1343,0.582529
39.3456,-13.6994,389.1328,0.582753
38.1640,-13.7761,390.1422,0.582977
36.9910,-13.8537,391.1619,0.583201
35.8267,-13.9287,392.1917,0.583425
34.6697,-14.0015,393.2302,0.583650
33.5194,-14.0746,394.2766,0.583874
32.3769,-14.1452,395.3313,0.584098
31.2418,-14.2172,396.3943,0.584322
30.1149,-14.2854,397.4657,0.584546
28.9957,-14.3556,398.5457,0.584771
27.8856,-14.4231,399.6346,0.584995
26.7841,-14.4917,400.7323,0.585219
25.6920,-14.5601,401.8393,0.585443
24.6084,-14.6276,402.9547,0.585668
23.5330,-14.6951,404.0780,0.585892
22.4663,-14.7626,405.2093,0.586116
21.4083,-14.8283,406.3487,0.586340
20.3584,-14.8930,407.4956,0.586564
19.3170,-14.9569,408.6501,0.586789
18.2850,-15.0208,409.8126,0.587013
17.2617,-15.0828,410.9828,0.587237
16.2475,-15.1436,412.1605,0.587461
15.2421,-15.2043,413.3456,0.587685
14.2461,-15.2636,414.5382,0.587909
13.2591,-15.3240,415.7381,0.588133
12.2823,-15.3830,416.9458,0.588357
11.3149,-15.4417,418.1608,0.588581
10.3574,-15.4998,419.3832,0.588805
9.4098,-15.5554,420.6129,0.589028
8.4725,-15.6114,421.8502,0.589252
7.5455,-15.6657,423.0947,0.589476
6.6295,-15.7190,424.3469,0.589699
5.7242,-15.7728,425.6062,0.589923
4.8300,-15.8240,426.8730,0.590146
3.9471,-15.8756,428.1472,0.590370
3.0755,-15.9266,429.4286,0.590593
2.2152,-15.9789,430.7173,0.590817
1.3665,-16.0300,432.0128,0.591040
0.5288,-16.0819,433.3152,0.591263
-0.2972,-16.1300,434.6245,0.591486
-1.1131,-16.1797,435.9399,0.591709
-1.9175,-16.2279,437.2619,0.591932
-2.7111,-16.2758,438.5898,0.592155
-3.4939,-16.3229,439.9238,0.592378
-4.2652,-16.3683,441.2638,0.592601
-5.0262,-16.4133,442.6094,0.592824
-5.7768,-16.4570,443.9601,0.593046
-6.5171,-16.5009,445.3161,0.593269
-7.2471,-16.5445,446.6772,0.593492
-7.9671,-16.5894,448.0431,0.593714
-8.6765,-16.6345,449.4139,0.593937
-9.3757,-16.6795,450.7896,0.594159
-10.0640,-16.7235,452.1702,0.594381
-10.7424,-16.7685,453.5554,0.594604
-11.4110,-16.8128,454.9449,0.594826
-12.0702,-16.8580,456.3384,0.595048
-12.7203,-16.9026,457.7357,0.595270
-13.3625,-16.9467,459.1363,0.595492
-13.9959,-16.9899,460.5405,0.595714
-14.6194,-17.0320,461.9487,0.595936
-15.2326,-17.0754,463.3611,0.596158
-15.8357,-17.1193,464.7773,0.596380
-16.4289,-17.1635,466.1974,0.596602
-17.0121,-17.2079,467.6212,0.596823
-17.5853,-17.2515,469.0487,0.597045
-18.1484,-17.2961,470.4799,0.597267
-18.7030,-17.3407,471.9141,0.597488
-19.2504,-17.3864,473.3508,0.597710
-19.7911,-17.4306,474.7896,0.597931
-20.3265,-17.4749,476.2303,0.598153
-20.8563,-17.5184,477.6726,0.598374
-21.3815,-17.5620,479.1163,0.598596
-21.9031,-17.6064,480.5612,0.598817
-22.4210,-17.6506,482.0069,0.599038
-22.9356,-17.6954,483.4544,0.599260
-23.4471,-17.7407,484.9049,0.599481
-23.9560,-17.7863,486.3590,0.599703
-24.4628,-17.8326,487.8173,0.599926
-24.9680,-17.8789,489.2800,0.600149
-25.4715,-17.9236,490.7475,0.600373
-25.9739,-17.9678,492.2205,0.600597
-26.4746,-18.0103,493.6998,0.600822
-26.9741,-18.0526,495.1859,0.601048
-27.4744,-18.0946,496.6786,0.601275
-27.9763,-18.1349,498.1786,0.601503
-28.4524,-18.1736,499.6026,0.601719
-28.9308,-18.2122,501.0339,0.601936
-29.4107,-18.2523,502.4735,0.602155
-29.8920,-18.2920,503.9215,0.602375
-30.3751,-18.3302,505.3782,0.602596
-30.8610,-18.3674,506.8434,0.602819
-31.3505,-18.4029,508.3172,0.603042
-31.8429,-18.4392,509.7999,0.603267
-32.3381,-18.4760,511.2916,0.603494
-32.8356,-18.5132,512.7927,0.603722
-33.3355,-18.5509,514.3029,0.603951
-33.8078,-18.5864,515.7327,0.604168
-34.2822,-18.6216,517.1707,0.604386
-34.7584,-18.6570,518.6166,0.604606
-35.2369,-18.6919,520.0704,0.604826
-35.7174,-18.7286,521.5322,0.605048
-36.2006,-18.7652,523.0015,0.605271
-36.6860,-18.8016,524.4783,0.605495
-37.1709,-18.8364,525.9637,0.605720
-37.6543,-18.8690,527.4577,0.605946
-38.1364,-18.9028,528.9605,0.606173
-38.6195,-18.9368,530.4707,0.606402
-39.1052,-18.9711,531.9881,0.606632
-39.5621,-18.9999,533.4175,0.606848
-40.0201,-19.0267,534.8534,0.607065
-40.4792,-19.0513,536.2957,0.607283
-40.9395,-19.0755,537.7444,0.607502
-41.4010,-19.1001,539.1993,0.607722
-41.8634,-19.1234,540.6605,0.607943
-42.3271,-19.1473,542.1279,0.608164
-42.7917,-19.1689,543.6013,0.608387
-43.2571,-19.1891,545.0808,0.608610
-43.7235,-19.2092,546.5665,0.608835
-44.1912,-19.2276,548.0579,0.609060
-44.6601,-19.2476,549.5552,0.609286
-45.1298,-19.2661,551.0582,0.609513
-45.6002,-19.2840,552.5672,0.609740
-46.0708,-19.3009,554.0822,0.609969
-46.5420,-19.3170,555.6030,0.610198
-47.0136,-19.3340,557.1296,0.610429
-47.4857,-19.3510,558.6619,0.610660
-47.9266,-19.3670,560.0971,0.610876
-48.3676,-19.3820,561.5374,0.611093
-48.8084,-19.3956,562.9827,0.611311
-49.2488,-19.4084,564.4331,0.611529
-49.6884,-19.4209,565.8887,0.611748
-50.1264,-19.4344,567.3496,0.611968
-50.5622,-19.4472,568.8158,0.612188
-50.9959,-19.4604,570.2876,0.612409
-51.4280,-19.4733,571.7646,0.612631
-51.8584,-19.4860,573.2465,0.612853
-52.2876,-19.5002,574.7338,0.613076
-52.7158,-19.5118,576.2256,0.613300
-53.1438,-19.5225,577.7221,0.613524
-53.5721,-19.5322,579.2230,0.613749
-54.0010,-19.5404,580.7280,0.613974
-54.4303,-19.5484,582.2374,0.614200
-54.8601,-19.5546,583.7509,0.614427
-55.2907,-19.5620,585.2685,0.614654
-55.7220,-19.5696,586.7900,0.614882
-56.1541,-19.5787,588.3156,0.615110
-56.5873,-19.5879,589.8448,0.615339
-57.0216,-19.5968,591.3779,0.615569
-57.4567,-19.6051,592.9149,0.615799
-57.8934,-19.6131,594.4554,0.616030
-58.3310,-19.6196,595.9996,0.616261
-58.7698,-19.6259,597.5473,0.616493
-59.2094,-19.6308,599.0987,0.616725
-59.6187,-19.6335,600.5423,0.616941
-60.0291,-19.6357,601.9889,0.617158
-60.4405,-19.6370,603.4383,0.617375
-60.8529,-19.6370,604.8906,0.617592
-61.2661,-19.6371,606.3458,0.617810
-61.6804,-19.6349,607.8036,0.618028
-62.0956,-19.6333,609.2644,0.618247
-62.5118,-19.6310,610.7278,0.618466
-62.9288,-19.6271,612.1938,0.618686
-63.3468,-19.6232,613.6625,0.618906
-63.7656,-19.6171,615.1337,0.619126
-64.1850,-19.6107,616.6077,0.619347
-64.6052,-19.6041,618.0842,0.619568
-65.0259,-19.5962,619.5629,0.619790
-65.4469,-19.5887,621.0425,0.620011
-65.8677,-19.5803,622.5199,0.620232
-66.2875,-19.5714,623.9913,0.620453
-66.7056,-19.5623,625.4543,0.620672
-67.1222,-19.5532,626.9089,0.620890
-67.5377,-19.5442,628.3549,0.621107
-67.9838,-19.5344,629.9029,0.621339
-68.4288,-19.5245,631.4408,0.621569
-68.8728,-19.5141,632.9692,0.621799
-69.3157,-19.5038,634.4878,0.622027
-69.7579,-19.4934,635.9968,0.622253
-70.1998,-19.4835,637.4961,0.622478
-70.6411,-19.4736,638.9858,0.622702
-71.0822,-19.4638,640.4658,0.622925
-71.5239,-19.4531,641.9360,0.623146
-71.9659,-19.4434,643.3968,0.623366
-72.4078,-19.4336,644.8481,0.623584
-72.8499,-19.4246,646.2901,0.623801
-73.3231,-19.4146,647.8248,0.624033
-73.7957,-19.4040,649.3489,0.624263
-74.2674,-19.3935,650.8630,0.624491
-74.7381,-19.3830,652.3669,0.624718
-75.2078,-19.3717,653.8605,0.624944
-75.6766,-19.3592,655.3441,0.625168
-76.1448,-19.3439,656.8174,0.625391
-76.6127,-19.3280,658.2807,0.625612
-77.0796,-19.3111,659.7342,0.625832
-77.5452,-19.2944,661.1782,0.626050
-78.0095,-19.2772,662.6125,0.626268
-78.5033,-19.2586,664.1320,0.626498
-78.9961,-19.2391,665.6405,0.626726
-79.4871,-19.2195,667.1387,0.626953
-79.9768,-19.2005,668.6261,0.627179
-80.4656,-19.1823,670.1033,0.627403
-80.9526,-19.1658,671.5701,0.627626
-81.4382,-19.1492,673.0269,0.627847
-81.9223,-19.1342,674.4732,0.628067
-82.4053,-19.1160,675.9094,0.628285
-82.8875,-19.0995,677.3355,0.628502
-83.3992,-19.0799,678.8394,0.628731
-83.9097,-19.0622,680.3326,0.628958
-84.4174,-19.0446,681.8149,0.629184
-84.9228,-19.0280,683.2869,0.629408
-85.4259,-19.0088,684.7478,0.629631
-85.9268,-18.9877,686.1982,0.629852
-86.4255,-18.9656,687.6384,0.630071
-86.9214,-18.9432,689.0685,0.630289
-87.4146,-18.9225,690.4887,0.630506
-87.9335,-18.9015,691.9818,0.630734
-88.4493,-18.8825,693.4641,0.630960
-88.9620,-18.8638,694.9355,0.631184
-89.4715,-18.8453,696.3962,0.631407
-89.9784,-18.8273,697.8463,0.631628
-90.4823,-18.8095,699.2860,0.631848
-90.9831,-18.7922,700.7153,0.632066
-91.4809,-18.7753,702.1343,0.632283
-92.0035,-18.7568,703.6210,0.632510
-92.5242,-18.7393,705.0961,0.632735
-93.0432,-18.7209,706.5599,0.632959
-93.5609,-18.7039,708.0117,0.633181
-94.0775,-18.6861,709.4520,0.633402
-94.5940,-18.6701,710.8807,0.633621
-95.1104,-18.6545,712.2975,0.633838
-95.6540,-18.6390,713.7767,0.634065
-96.1983,-18.6248,715.2429,0.634290
-96.7431,-18.6101,716.6962,0.634514
-97.2883,-18.5955,718.1369,0.634736
-97.8339,-18.5798,719.5649,0.634956
-98.3810,-18.5651,720.9805,0.635174
-98.9313,-18.5524,722.3826,0.635391
-99.5145,-18.5388,723.8397,0.635618
-100.1057,-18.5293,725.2808,0.635842
-100.7078,-18.5192,726.7044,0.636065
-101.3216,-18.5128,728.1100,0.636286
-101.9480,-18.5064,729.4974,0.636505
-102.5861,-18.4992,730.8666,0.636722
-103.2668,-18.4943,732.2820,0.636949
-103.9596,-18.4886,733.6777,0.637173
-104.6649,-18.4844,735.0535,0.637396
-105.3838,-18.4819,736.4086,0.637617
-106.1167,-18.4773,737.7429,0.637836
-106.8636,-18.4739,739.0572,0.638054
-107.6255,-18.4704,740.3516,0.638270
-108.4385,-18.4669,741.6846,0.638495
-109.2679,-18.4653,742.9984,0.638719
-110.1146,-18.4624,744.2927,0.638942
-110.9781,-18.4616,745.5677,0.639164
-111.8596,-18.4594,746.8217,0.639384
-112.7580,-18.4596,748.0557,0.639604
-113.6725,-18.4573,749.2693,0.639823
-114.6029,-18.4556,750.4648,0.640041
-115.5489,-18.4503,751.6439,0.640259
-116.5113,-18.4461,752.8085,0.640477
-117.4916,-18.4417,753.9601,0.640695
-118.4913,-18.4352,755.0991,0.640913
-119.5107,-18.4266,756.2267,0.641132
-120.5506,-18.4172,757.3430,0.641352
-121.6118,-18.4054,758.4468,0.641572
-122.6950,-18.3944,759.5378,0.641794
-123.8006,-18.3813,760.6147,0.642016
-124.9286,-18.3681,761.6774,0.642239
-126.0782,-18.3546,762.7265,0.642464
-127.2498,-18.3425,763.7610,0.642689
-128.3913,-18.3302,764.7361,0.642905
-129.5531,-18.3194,765.6970,0.643122
-130.7354,-18.3067,766.6427,0.643340
-131.9377,-18.2957,767.5734,0.643559
-133.1612,-18.2856,768.4868,0.643779
-134.4062,-18.2754,769.3815,0.644000
-135.6725,-18.2652,770.2576,0.644222
-136.9602,-18.2515,771.1133,0.644445
-138.2682,-18.2383,771.9499,0.644668
-139.5964,-18.2244,772.7665,0.644893
-140.9441,-18.2114,773.5633,0.645119
-142.2492,-18.1987,774.3036,0.645335
-143.5722,-18.1863,775.0241,0.645552
-144.9129,-18.1718,775.7234,0.645770
-146.2707,-18.1574,776.4024,0.645988
-147.6456,-18.1414,777.0595,0.646208
-149.0372,-18.1263,777.6949,0.646428
-150.4453,-18.1113,778.3079,0.646649
-151.8692,-18.0979,778.8985,0.646872
-153.3081,-18.0855,779.4650,0.647094
-154.7603,-18.0725,780.0061,0.647318
-156.2248,-18.0602,780.5214,0.647541
-157.7009,-18.0463,781.0106,0.647765
-159.1880,-18.0336,781.4733,0.647990
-160.6857,-18.0216,781.9079,0.648214
-162.1936,-18.0103,782.3135,0.648439
-163.7114,-18.0001,782.6880,0.648664
-165.2382,-17.9893,783.0310,0.648890
-166.7733,-17.9793,783.3431,0.649115
-168.3159,-17.9670,783.6242,0.649341
-169.8650,-17.9529,783.8763,0.649567
-171.4200,-17.9384,784.0993,0.649794
-172.9803,-17.9216,784.2922,0.650020
-174.5454,-17.9059,784.4570,0.650247
-176.0398,-17.8932,784.5875,0.650463
-177.5375,-17.8814,784.6915,0.650679
-179.0380,-17.8712,784.7687,0.650896
-180.5410,-17.8589,784.8186,0.651112
-182.0461,-17.8484,784.8443,0.651329
-183.5523,-17.8354,784.8435,0.651546
-185.0597,-17.8240,784.8180,0.651763
-186.5676,-17.8108,784.7656,0.651981
-188.0754,-17.7968,784.6880,0.652198
-189.5830,-17.7857,784.5847,0.652416
-191.0893,-17.7708,784.4539,0.652634
-192.5942,-17.7564,784.2980,0.652852
-194.0954,-17.7402,784.1145,0.653070
-195.5902,-17.7227,783.9070,0.653287
-197.0734,-17.7083,783.6744,0.653503
-198.6141,-17.6926,783.4056,0.653729
-200.1380,-17.6778,783.1142,0.653952
-201.6441,-17.6639,782.7981,0.654174
-203.1326,-17.6474,782.4586,0.654394
-204.6039,-17.6348,782.0978,0.654612
-206.0567,-17.6183,781.7142,0.654828
-207.5602,-17.6061,781.2916,0.655053
-209.0438,-17.5921,780.8458,0.655277
-210.5083,-17.5800,780.3809,0.655498
-211.9535,-17.5719,779.8959,0.655718
-213.3786,-17.5617,779.3904,0.655935
-214.7846,-17.5549,778.8665,0.656152
-216.2333,-17.5473,778.2988,0.656376
-217.6611,-17.5409,777.7125,0.656598
-219.0680,-17.5366,777.1086,0.656819
-220.4547,-17.5334,776.4883,0.657037
-221.8223,-17.5298,775.8549,0.657255
-223.2300,-17.5284,775.1823,0.657479
-224.6197,-17.5249,774.5007,0.657702
-225.9928,-17.5229,773.8138,0.657923
-227.3512,-17.5191,773.1250,0.658143
-228.6967,-17.5159,772.4370,0.658361
-230.0859,-17.5130,771.7236,0.658586
-231.4641,-17.5124,771.0156,0.658809
-232.8337,-17.5107,770.3157,0.659030
-234.1983,-17.5109,769.6264,0.659251
-235.5614,-17.5112,768.9499,0.659470
-236.9269,-17.5129,768.2878,0.659688
-238.2978,-17.5162,767.6418,0.659907
-239.6767,-17.5196,767.0142,0.660125
-241.0669,-17.5244,766.4066,0.660343
-242.4702,-17.5298,765.8212,0.660562
-243.8883,-17.5358,765.2598,0.660782
-245.3222,-17.5426,764.7243,0.661003
-246.7723,-17.5507,764.2139,0.661224
-248.2387,-17.5593,763.7285,0.661447
-249.7211,-17.5682,763.2682,0.661670
-251.2196,-17.5786,762.8339,0.661895
-252.6731,-17.5875,762.4422,0.662112
-254.1412,-17.5976,762.0759,0.662330
-255.6236,-17.6077,761.7362,0.662549
-257.1203,-17.6189,761.4263,0.662769
-258.6312,-17.6305,761.1475,0.662990
-260.1561,-17.6418,760.8998,0.663213
-261.6943,-17.6527,760.6801,0.663437
-263.2459,-17.6640,760.4871,0.663662
-264.7457,-17.6752,760.3272,0.663879
-266.2583,-17.6870,760.1925,0.664098
-267.7840,-17.6984,760.0844,0.664318
-269.3228,-17.7105,760.0015,0.664540
-270.8745,-17.7223,759.9446,0.664764
-272.4389,-17.7359,759.9135,0.664990
-273.9468,-17.7484,759.9105,0.665207
-275.4658,-17.7623,759.9320,0.665426
-276.9955,-17.7731,759.9807,0.665646
-278.5358,-17.7856,760.0542,0.665868
-280.0860,-17.7963,760.1547,0.666092
-281.6458,-17.8087,760.2833,0.666318
-283.1430,-17.8199,760.4345,0.666534
-284.6479,-17.8323,760.6127,0.666753
-286.1599,-17.8437,760.8202,0.666972
-287.6787,-17.8554,761.0564,0.667194
-289.2039,-17.8664,761.3212,0.667417
-290.7356,-17.8781,761.6110,0.667641
-292.2733,-17.8893,761.9275,0.667868
-293.7430,-17.9013,762.2537,0.668084
-295.2173,-17.9121,762.6053,0.668303
-296.6959,-17.9237,762.9821,0.668523
-298.1778,-17.9345,763.3856,0.668744
-299.6625,-17.9462,763.8167,0.668967
-301.1490,-17.9567,764.2766,0.669191
-302.6367,-17.9669,764.7656,0.669416
-304.1250,-17.9772,765.2840,0.669643
-305.5387,-17.9856,765.8032,0.669860
-306.9521,-17.9970,766.3493,0.670079
-308.3629,-18.0085,766.9234,0.670298
-309.7695,-18.0203,767.5256,0.670518
-311.1703,-18.0327,768.1556,0.670740
-312.5644,-18.0445,768.8132,0.670962
-313.9510,-18.0562,769.4977,0.671185
-315.3298,-18.0694,770.2083,0.671408
-316.6997,-18.0811,770.9460,0.671632
-318.0609,-18.0932,771.7089,0.671857
-319.4127,-18.1048,772.4970,0.672082
-320.7552,-18.1160,773.3092,0.672308
-322.0886,-18.1278,774.1442,0.672535
-323.4120,-18.1389,775.0023,0.672762
-324.7253,-18.1496,775.8831,0.672990
-325.9594,-18.1599,776.7386,0.673206
-327.1824,-18.1690,777.6157,0.673423
-328.3942,-18.1790,778.5140,0.673640
-329.5934,-18.1873,779.4342,0.673858
-330.7799,-18.1953,780.3758,0.674076
-331.9532,-18.2023,781.3389,0.674295
-333.1128,-18.2091,782.3235,0.674514
-334.2582,-18.2156,783.3289,0.674734
-335.3895,-18.2213,784.3544,0.674954
-336.5074,-18.2269,785.3994,0.675174
-337.6112,-18.2312,786.4634,0.675395
-338.7012,-18.2364,787.5458,0.675616
-339.7766,-18.2406,788.6468,0.675838
-340.8369,-18.2445,789.7661,0.676060
-341.8819,-18.2478,790.9037,0.676283
-342.9117,-18.2509,792.0589,0.676506
-343.9253,-18.2544,793.2319,0.676729
-344.9219,-18.2573,794.4229,0.676953
-345.9017,-18.2607,795.6314,0.677177
-346.8649,-18.2656,796.8569,0.677401
-347.8130,-18.2745,798.0977,0.677626
-348.7466,-18.2873,799.3533,0.677852
-349.6659,-18.3023,800.6230,0.678077
-350.5722,-18.3209,801.9059,0.678304
-351.4659,-18.3422,803.2017,0.678531
-352.3476,-18.3652,804.5093,0.678758
-353.2185,-18.3892,805.8280,0.678985
-354.0790,-18.4130,807.1571,0.679214
-354.9308,-18.4369,808.4957,0.679442
-355.7296,-18.4630,809.7670,0.679658
-356.5233,-18.4865,811.0446,0.679875
-357.3128,-18.5133,812.3281,0.680092
-358.0957,-18.5378,813.6182,0.680310
-358.8736,-18.5643,814.9142,0.680527
-359.6465,-18.5913,816.2160,0.680746
-360.4141,-18.6173,817.5236,0.680964
-361.1752,-18.6416,818.8376,0.681183
-361.9306,-18.6663,820.1578,0.681402
-362.6830,-18.6936,821.4828,0.681621
-363.4307,-18.7200,822.8134,0.681841
-364.1726,-18.7484,824.1500,0.682062
-364.9081,-18.7733,825.4931,0.682282
-365.6396,-18.8017,826.8412,0.682503
-366.3668,-18.8285,828.1947,0.682725
-367.0898,-18.8552,829.5539,0.682946
-367.8082,-18.8818,830.9189,0.683169
-368.5241,-18.9107,832.2885,0.683391
-369.2368,-18.9396,833.6630,0.683614
-369.9462,-18.9696,835.0427,0.683838
-370.6532,-18.9978,836.4271,0.684062
-371.3571,-19.0254,837.8164,0.684286
-372.0579,-19.0527,839.2106,0.684511
-372.7560,-19.0798,840.6096,0.684736
-373.4514,-19.1087,842.0134,0.684962
-374.1444,-19.1379,843.4216,0.685188
-374.8357,-19.1707,844.8343,0.685415
-375.5244,-19.2034,846.2515,0.685642
-376.2112,-19.2392,847.6732,0.685869
-376.8963,-19.2744,849.0989,0.686097
-377.5799,-19.3081,850.5289,0.686326
-378.2632,-19.3425,851.9627,0.686554
-378.9464,-19.3787,853.4000,0.686784
-379.5898,-19.4129,854.7556,0.687000
-380.2340,-19.4475,856.1140,0.687217
-380.8789,-19.4824,857.4752,0.687434
-381.5242,-19.5174,858.8392,0.687651
-382.1704,-19.5534,860.2059,0.687869
-382.8176,-19.5887,861.5752,0.688087
-383.4657,-19.6240,862.9471,0.688306
-384.1152,-19.6575,864.3215,0.688525
-384.7657,-19.6909,865.6984,0.688744
-385.4175,-19.7238,867.0775,0.688964
-386.0707,-19.7570,868.4588,0.689184
-386.7253,-19.7884,869.8423,0.689405
-387.3813,-19.8197,871.2278,0.689626
-388.0390,-19.8512,872.6153,0.689847
-388.6984,-19.8839,874.0047,0.690068
-389.3595,-19.9178,875.3958,0.690290
-390.0218,-19.9503,876.7886,0.690513
-390.6850,-19.9836,878.1822,0.690735
-391.3492,-20.0145,879.5757,0.690957
-392.0139,-20.0468,880.9693,0.691180
-392.6786,-20.0799,882.3615,0.691402
-393.3432,-20.1115,883.7509,0.691624
-394.0063,-20.1431,885.1360,0.691845
-394.6669,-20.1750,886.5143,0.692065
-395.3248,-20.2059,887.8840,0.692284
-395.9802,-20.2372,889.2451,0.692502
-396.6332,-20.2677,890.5974,0.692718
-397.3246,-20.3001,892.0250,0.692947
-398.0133,-20.3328,893.4432,0.693174
-398.7000,-20.3677,894.8519,0.693400
-399.3841,-20.4015,896.2508,0.693624
-400.0663,-20.4347,897.6403,0.693847
-400.7462,-20.4685,899.0205,0.694069
-401.4242,-20.5013,900.3914,0.694289
-402.1000,-20.5362,901.7532,0.694509
-402.7739,-20.5701,903.1059,0.694726
-403.4456,-20.6034,904.4496,0.694943
-404.1544,-20.6394,905.8627,0.695171
-404.8608,-20.6745,907.2659,0.695397
-405.5659,-20.7096,908.6589,0.695622
-406.2700,-20.7451,910.0416,0.695845
-406.9734,-20.7797,911.4140,0.696068
-407.6760,-20.8152,912.7763,0.696289
-408.3771,-20.8508,914.1287,0.696508
-409.0770,-20.8865,915.4713,0.696726
-409.7751,-20.9229,916.8044,0.696943
-410.5104,-20.9603,918.2014,0.697170
-411.2444,-20.9976,919.5877,0.697397
-411.9760,-21.0334,920.9639,0.697621
-412.7048,-21.0674,922.3307,0.697844
-413.4312,-21.1014,923.6874,0.698066
-414.1570,-21.1340,925.0339,0.698286
-414.8814,-21.1667,926.3702,0.698505
-415.6039,-21.2015,927.6967,0.698723
-416.3237,-21.2375,929.0143,0.698939
-417.0779,-21.2757,930.3917,0.699166
-417.8293,-21.3146,931.7592,0.699391
-418.5804,-21.3546,933.1155,0.699614
-419.3341,-21.3965,934.4594,0.699836
-420.0917,-21.4398,935.7899,0.700057
-420.8536,-21.4840,937.1071,0.700276
-421.6220,-21.5279,938.4095,0.700494
-422.3993,-21.5723,939.6957,0.700710
-423.2255,-21.6203,941.0289,0.700937
-424.0629,-21.6684,942.3430,0.701161
-424.9107,-21.7192,943.6388,0.701384
-425.7698,-21.7694,944.9155,0.701606
-426.6383,-21.8213,946.1743,0.701827
-427.5168,-21.8738,947.4145,0.702046
-428.4059,-21.9291,948.6360,0.702263
-429.3067,-21.9830,949.8371,0.702480
-430.2634,-22.0429,951.0736,0.702705
-431.2339,-22.0985,952.2864,0.702929
-432.2189,-22.1587,953.4753,0.703152
-433.2196,-22.2151,954.6381,0.703373
-434.2355,-22.2748,955.7755,0.703593
-435.2663,-22.3338,956.8865,0.703811
-436.3117,-22.3940,957.9711,0.704028
-437.4209,-22.4575,959.0749,0.704254
-438.5462,-22.5202,960.1486,0.704478
-439.6870,-22.5831,961.1917,0.704701
-440.8425,-22.6451,962.2043,0.704923
-442.0120,-22.7067,963.1859,0.705143
-443.1945,-22.7686,964.1373,0.705361
-444.3901,-22.8310,965.0568,0.705579
-445.6522,-22.8956,965.9814,0.705804
-446.9278,-22.9627,966.8704,0.706029
-448.2172,-23.0277,967.7229,0.706252
-449.5201,-23.0925,968.5405,0.706473
-450.8367,-23.1571,969.3245,0.706694
-452.1671,-23.2220,970.0748,0.706914
-453.5117,-23.2876,970.7922,0.707134
-454.8711,-23.3535,971.4739,0.707353
-456.2452,-23.4198,972.1207,0.707572
-457.6350,-23.4853,972.7322,0.707791
-459.0426,-23.5525,973.3099,0.708011
-460.4701,-23.6193,973.8527,0.708231
-461.9179,-23.6846,974.3616,0.708452
-463.3863,-23.7490,974.8366,0.708675
-464.8754,-23.8123,975.2781,0.708899
-466.3855,-23.8763,975.6835,0.709124
-467.8528,-23.9381,976.0383,0.709342
-469.3401,-24.0001,976.3592,0.709561
-470.8472,-24.0616,976.6449,0.709782
-472.3735,-24.1240,976.8938,0.710005
-473.9186,-24.1856,977.1042,0.710230
-475.4134,-24.2445,977.2678,0.710447
-476.9240,-24.3035,977.3937,0.710665
-478.4496,-24.3624,977.4806,0.710886
-479.9891,-24.4220,977.5283,0.711108
-481.5417,-24.4821,977.5353,0.711332
-483.1066,-24.5425,977.5006,0.711557
-484.6107,-24.6012,977.4282,0.711774
-486.1238,-24.6605,977.3163,0.711993
-487.6453,-24.7199,977.1649,0.712213
-489.1745,-24.7795,976.9758,0.712436
-490.7112,-24.8388,976.7524,0.712659
-492.2550,-24.8972,976.4961,0.712885
-493.7317,-24.9525,976.2231,0.713101
-495.2141,-25.0032,975.9224,0.713319
-496.7022,-25.0545,975.5948,0.713539
-498.1954,-25.1011,975.2405,0.713760
-499.6941,-25.1493,974.8615,0.713983
-501.1976,-25.1977,974.4592,0.714207
-502.7058,-25.2461,974.0328,0.714433
-504.2186,-25.2920,973.5839,0.714661
-505.6603,-25.3361,973.1375,0.714878
-507.1060,-25.3794,972.6721,0.715097
-508.5551,-25.4233,972.1872,0.715317
-510.0067,-25.4709,971.6804,0.715539
-511.4594,-25.5142,971.1488,0.715762
-512.9133,-25.5612,970.5941,0.715986
-514.3679,-25.6081,970.0155,0.716212
-515.8235,-25.6554,969.4144,0.716439
-517.2034,-25.7035,968.8245,0.716655
-518.5834,-25.7512,968.2145,0.716872
-519.9644,-25.8010,967.5862,0.717091
-521.3454,-25.8527,966.9386,0.717311
-522.7273,-25.9041,966.2730,0.717532
-524.1100,-25.9556,965.5901,0.717754
-525.4931,-26.0075,964.8893,0.717978
-526.8763,-26.0593,964.1707,0.718202
-528.2599,-26.1107,963.4359,0.718428
-529.6450,-26.1621,962.6863,0.718655
-531.0323,-26.2125,961.9237,0.718883
-532.3454,-26.2612,961.1928,0.719100
-533.6611,-26.3102,960.4519,0.719318
-534.9794,-26.3596,959.7009,0.719536
-536.3002,-26.4078,958.9395,0.719756
-537.6235,-26.4537,958.1675,0.719977
-538.9495,-26.4981,957.3857,0.720199
-540.2786,-26.5423,956.5949,0.720422
-541.6107,-26.5841,955.7949,0.720645
-542.9467,-26.6277,954.9869,0.720870
-544.2858,-26.6689,954.1700,0.721097
-545.6285,-26.7122,953.3451,0.721324
-546.9745,-26.7546,952.5117,0.721552
-548.3237,-26.7975,951.6691,0.721781
-549.5964,-26.8372,950.8680,0.721998
-550.8719,-26.8772,950.0590,0.722215
-552.1497,-26.9167,949.2415,0.722434
-553.4304,-26.9570,948.4160,0.722653
-554.7139,-26.9981,947.5830,0.722874
-556.0003,-27.0394,946.7423,0.723095
-557.2900,-27.0810,945.8943,0.723318
-558.5835,-27.1226,945.0397,0.723541
-559.8809,-27.1629,944.1792,0.723766
-561.1824,-27.2015,943.3131,0.723991
-562.4883,-27.2384,942.4418,0.724217
-563.7985,-27.2732,941.5653,0.724444
-565.1138,-27.3088,940.6850,0.724672
-566.4350,-27.3440,939.8024,0.724901
-567.7623,-27.3789,938.9176,0.725131
-569.0120,-27.4116,938.0862,0.725347
-570.2671,-27.4433,937.2532,0.725564
-571.5272,-27.4724,936.4184,0.725782
-572.7918,-27.4997,935.5811,0.726001
-574.0604,-27.5242,934.7401,0.726220
-575.3326,-27.5477,933.8955,0.726440
-576.6093,-27.5728,933.0482,0.726661
-577.8897,-27.5984,932.1978,0.726882
-579.1729,-27.6241,931.3424,0.727104
-580.4577,-27.6504,930.4805,0.727327
-581.7429,-27.6767,929.6106,0.727551
-583.0269,-27.7037,928.7304,0.727775
-584.3083,-27.7309,927.8384,0.728000
-585.5863,-27.7584,926.9331,0.728226
-586.8607,-27.7876,926.0148,0.728452
-588.1306,-27.8175,925.0828,0.728679
-589.3947,-27.8494,924.1354,0.728907
-590.6512,-27.8816,923.1707,0.729135
-591.8979,-27.9128,922.1865,0.729364
-593.1343,-27.9433,921.1824,0.729593
-594.3606,-27.9726,920.1591,0.729823
-595.5789,-28.0015,919.1194,0.730054
-596.7895,-28.0310,918.0643,0.730285
-597.9127,-28.0586,917.0660,0.730502
-599.0294,-28.0863,916.0547,0.730719
-600.1393,-28.1140,915.0305,0.730937
-601.2414,-28.1404,913.9928,0.731155
-602.3353,-28.1650,912.9413,0.731373
-603.4212,-28.1897,911.8763,0.731592
-604.4987,-28.2139,910.7979,0.731812
-605.5677,-28.2387,909.7060,0.732032
-606.6277,-28.2641,908.6007,0.732253
-607.6782,-28.2883,907.4817,0.732474
-608.7197,-28.3125,906.3495,0.732696
-609.7513,-28.3361,905.2040,0.732918
-610.7730,-28.3598,904.0451,0.733140
-611.7842,-28.3832,902.8727,0.733363
-612.7845,-28.4051,901.6869,0.733587
-613.7742,-28.4255,900.4880,0.733811
-614.7535,-28.4447,899.2764,0.734035
-615.7216,-28.4621,898.0523,0.734260
-616.6788,-28.4785,896.8154,0.734485
-617.6248,-28.4928,895.5666,0.734711
-618.5599,-28.5067,894.3058,0.734937
-619.4840,-28.5212,893.0330,0.735164
-620.3957,-28.5348,891.7483,0.735391
-621.2947,-28.5488,890.4512,0.735618
-622.1791,-28.5599,889.1411,0.735846
-623.0482,-28.5663,887.8177,0.736074
-623.9028,-28.5695,886.4818,0.736302
-624.7434,-28.5701,885.1340,0.736531
-625.5703,-28.5714,883.7749,0.736760
-626.3818,-28.5724,882.4039,0.736990
-627.1774,-28.5740,881.0209,0.737220
-627.9564,-28.5760,879.6259,0.737450
-628.7178,-28.5779,878.2185,0.737680
-629.4606,-28.5781,876.7988,0.737911
-630.1856,-28.5765,875.3676,0.738142
-630.8932,-28.5739,873.9251,0.738374
-631.5845,-28.5713,872.4723,0.738606
-632.2597,-28.5688,871.0096,0.738838
-632.9184,-28.5647,869.5370,0.739070
-633.5623,-28.5617,868.0555,0.739303
-634.1464,-28.5589,866.6718,0.739519
-634.7167,-28.5552,865.2806,0.739736
-635.2730,-28.5510,863.8818,0.739953
-635.8137,-28.5433,862.4757,0.740170
-636.3403,-28.5347,861.0642,0.740387
-636.8519,-28.5255,859.6489,0.740603
-637.3480,-28.5158,858.2313,0.740820
-637.8636,-28.5040,856.7026,0.741052
-638.3600,-28.4904,855.1724,0.741284
-638.8371,-28.4751,853.6407,0.741515
-639.2952,-28.4577,852.1082,0.741745
-639.7353,-28.4395,850.5753,0.741975
-640.1574,-28.4211,849.0423,0.742204
-640.5610,-28.4024,847.5093,0.742433
-640.9454,-28.3823,845.9766,0.742660
-641.3116,-28.3610,844.4445,0.742887
-641.6601,-28.3400,842.9132,0.743113
-641.9906,-28.3192,841.3832,0.743339
-642.3019,-28.2956,839.8547,0.743564
-642.5931,-28.2693,838.3275,0.743788
-642.8651,-28.2383,836.8021,0.744011
-643.1207,-28.2071,835.2787,0.744233
-643.3591,-28.1761,833.7578,0.744455
-643.5795,-28.1451,832.2394,0.744676
-643.7827,-28.1148,830.7236,0.744897
-643.9677,-28.0826,829.2109,0.745116
-644.1354,-28.0494,827.7015,0.745335
-644.2856,-28.0157,826.1951,0.745553
-644.4188,-27.9812,824.6923,0.745771
-644.5354,-27.9480,823.1931,0.745987
-644.6409,-27.9123,821.5911,0.746219
-644.7272,-27.8758,819.9938,0.746449
-644.7947,-27.8387,818.4014,0.746679
-644.8439,-27.8010,816.8140,0.746908
-644.8748,-27.7636,815.2318,0.747136
-644.8867,-27.7249,813.6551,0.747363
-644.8803,-27.6868,812.0840,0.747589
-644.8546,-27.6467,810.5189,0.747815
-644.8109,-27.6072,808.9597,0.748040
-644.7491,-27.5680,807.4066,0.748264
-644.6689,-27.5280,805.8597,0.748487
-644.5704,-27.4884,804.3191,0.748709
-644.4529,-27.4455,802.7852,0.748931
-644.3185,-27.4026,801.2573,0.749152
-644.1663,-27.3568,799.7354,0.749372
-643.9972,-27.3121,798.2192,0.749592
-643.8109,-27.2659,796.7090,0.749812
-643.6077,-27.2190,795.2044,0.750030
-643.3875,-27.1719,793.7054,0.750249
-643.1499,-27.1241,792.2123,0.750467
-642.8954,-27.0770,790.7249,0.750684
-642.6238,-27.0300,789.2431,0.750901
-642.3364,-26.9840,787.7667,0.751118
-642.0323,-26.9387,786.2958,0.751335
-641.7129,-26.8926,784.8300,0.751551
-641.3564,-26.8447,783.2718,0.751781
-640.9852,-26.7966,781.7187,0.752011
-640.6005,-26.7495,780.1701,0.752241
-640.2033,-26.7013,778.6260,0.752471
-639.7946,-26.6544,777.0858,0.752701
-639.3762,-26.6061,775.5490,0.752930
-638.9489,-26.5589,774.0148,0.753160
-638.5142,-26.5121,772.4829,0.753389
-638.0711,-26.4671,770.9540,0.753619
-637.6188,-26.4191,769.4290,0.753848
-637.1573,-26.3718,767.9065,0.754077
-636.6871,-26.3232,766.3865,0.754306
-636.2103,-26.2767,764.8688,0.754536
-635.7260,-26.2314,763.3538,0.754765
-635.2312,-26.1834,761.8419,0.754994
-634.7283,-26.1346,760.3325,0.755223
-634.2189,-26.0874,758.8244,0.755453
-633.7014,-26.0408,757.3182,0.755682
-633.1721,-25.9908,755.8149,0.755912
-632.6323,-25.9418,754.3154,0.756142
-632.0839,-25.8944,752.8179,0.756372
-631.5263,-25.8494,751.3225,0.756602
-630.9576,-25.8030,749.8298,0.756832
-630.3790,-25.7579,748.3394,0.757062
-629.8285,-25.7168,746.9437,0.757278
-629.2697,-25.6744,745.5498,0.757495
-628.7027,-25.6315,744.1577,0.757711
-628.1287,-25.5895,742.7666,0.757928
-627.5469,-25.5494,741.3770,0.758145
-626.9572,-25.5104,739.9889,0.758363
-626.3605,-25.4728,738.6019,0.758580
-625.7567,-25.4357,737.2158,0.758798
-625.1451,-25.3981,735.8307,0.759016
-624.5259,-25.3590,734.4467,0.759235
-623.8995,-25.3194,733.0634,0.759454
-623.2662,-25.2778,731.6810,0.759673
-622.6257,-25.2358,730.2990,0.759892
-621.9775,-25.1914,728.9183,0.760112
-621.3217,-25.1464,727.5386,0.760332
-620.6591,-25.1012,726.1595,0.760553
-619.9911,-25.0550,724.7804,0.760774
-619.3183,-25.0094,723.4007,0.760995
-618.6403,-24.9633,722.0210,0.761216
-617.9575,-24.9157,720.6412,0.761438
-617.2694,-24.8683,719.2606,0.761661
-616.5760,-24.8190,717.8805,0.761883
-615.8766,-24.7700,716.5004,0.762106
-615.1721,-24.7211,715.1198,0.762330
-614.4621,-24.6723,713.7396,0.762553
-613.7461,-24.6242,712.3599,0.762777
-613.0250,-24.5768,710.9796,0.763002
-612.2987,-24.5287,709.5998,0.763226
-611.5669,-24.4818,708.2200,0.763452
-610.8297,-24.4353,706.8402,0.763677
-610.0880,-24.3888,705.4598,0.763903
-609.3411,-24.3435,704.0797,0.764129
-608.5887,-24.2971,702.7000,0.764355
-607.8311,-24.2501,701.3203,0.764582
-607.0682,-24.2017,699.9410,0.764809
-606.3000,-24.1538,698.5620,0.765037
-605.5264,-24.1047,697.1833,0.765265
-604.7472,-24.0556,695.8054,0.765493
-603.9623,-24.0073,694.4280,0.765721
-603.1712,-23.9568,693.0513,0.765950
-602.3735,-23.9055,691.6752,0.766180
-601.5696,-23.8539,690.2991,0.766409
-600.7595,-23.8030,688.9233,0.766639
-599.9431,-23.7519,687.5482,0.766870
-599.1208,-23.7008,686.1730,0.767101
-598.2921,-23.6498,684.7980,0.767332
-597.5128,-23.6017,683.5153,0.767548
-596.7275,-23.5545,682.2327,0.767765
-595.9367,-23.5073,680.9501,0.767982
-595.1406,-23.4609,679.6675,0.768200
-594.3386,-23.4147,678.3849,0.768418
-593.5309,-23.3682,677.1030,0.768636
-592.7175,-23.3214,675.8213,0.768855
-591.8982,-23.2739,674.5402,0.769074
-591.0732,-23.2276,673.2592,0.769294
-590.2424,-23.1814,671.9789,0.769514
-589.4054,-23.1357,670.6993,0.769734
-588.5621,-23.0901,669.4206,0.769955
-587.7120,-23.0437,668.1432,0.770176
-586.8549,-22.9994,666.8672,0.770398
-585.9907,-22.9556,665.5928,0.770619
-585.1195,-22.9138,664.3198,0.770842
-584.2411,-22.8699,663.0488,0.771064
-583.3554,-22.8267,661.7797,0.771287
-582.4627,-22.7853,660.5118,0.771511
-581.5631,-22.7417,659.2462,0.771735
-580.6565,-22.6999,657.9823,0.771959
-579.7418,-22.6518,656.7216,0.772183
-578.8201,-22.5988,655.4633,0.772408
-577.8925,-22.5461,654.2059,0.772633
-576.9599,-22.4936,652.9493,0.772859
-576.0225,-22.4437,651.6932,0.773085
-575.0802,-22.3956,650.4376,0.773311
-574.1332,-22.3473,649.1827,0.773538
-573.1816,-22.2986,647.9284,0.773765
-572.2256,-22.2494,646.6748,0.773992
-571.2654,-22.1998,645.4213,0.774219
-570.3005,-22.1486,644.1688,0.774447
-569.3311,-22.0965,642.9170,0.774675
-568.3575,-22.0424,641.6660,0.774904
-567.3799,-21.9878,640.4150,0.775133
-566.3982,-21.9322,639.1649,0.775362
-565.4125,-21.8771,637.9150,0.775591
-564.4229,-21.8228,636.6657,0.775821
-563.4293,-21.7698,635.4166,0.776051
-562.4317,-21.7176,634.1682,0.776281
-561.4299,-21.6652,632.9206,0.776512
-560.4241,-21.6130,631.6735,0.776743
-559.4142,-21.5593,630.4272,0.776974
-558.4003,-21.5060,629.1816,0.777206
-557.3824,-21.4528,627.9366,0.777437
-556.3607,-21.3995,626.6925,0.777669
-555.3352,-21.3460,625.4489,0.777902
-554.3058,-21.2927,624.2059,0.778134
-553.3465,-21.2435,623.0522,0.778351
-552.3840,-21.1956,621.8992,0.778567
-551.4180,-21.1474,620.7470,0.778784
-550.4484,-21.0989,619.5958,0.779001
-549.4752,-21.0500,618.4456,0.779218
-548.4987,-21.0003,617.2960,0.779435
-547.5187,-20.9507,616.1472,0.779653
-546.5356,-20.9024,614.9991,0.779871
-545.5494,-20.8540,613.8517,0.780089
-544.5597,-20.8058,612.7051,0.780307
-543.5668,-20.7568,611.5591,0.780526
-542.5707,-20.7078,610.4141,0.780744
-541.5712,-20.6591,609.2697,0.780963
-540.5687,-20.6105,608.1259,0.781183
-539.5631,-20.5616,606.9830,0.781402
-538.5545,-20.5125,605.8406,0.781622
-537.5430,-20.4626,604.6990,0.781842
-536.5284,-20.4122,603.5580,0.782062
-535.5110,-20.3621,602.4177,0.782282
-534.4909,-20.3122,601.2779,0.782502
-533.4679,-20.2630,600.1385,0.782723
-532.4420,-20.2139,598.9999,0.782944
-531.4133,-20.1644,597.8621,0.783165
-530.3820,-20.1150,596.7247,0.783386
-529.3480,-20.0654,595.5876,0.783608
-528.3115,-20.0160,594.4514,0.783829
-527.2725,-19.9671,593.3152,0.784051
-526.2311,-19.9184,592.1796,0.784273
-525.1872,-19.8706,591.0441,0.784496
-524.1410,-19.8233,589.9087,0.784718
-523.0924,-19.7767,588.7740,0.784941
-522.0414,-19.7301,587.6396,0.785164
-520.9880,-19.6828,586.5057,0.785387
-519.9321,-19.6350,585.3724,0.785610
-518.8738,-19.5865,584.2395,0.785833
-517.8134,-19.5371,583.1071,0.786057
-516.7511,-19.4869,581.9747,0.786281
-515.6866,-19.4358,580.8425,0.786505
-514.6201,-19.3859,579.7106,0.786729
-513.5516,-19.3371,578.5787,0.786953
-512.4809,-19.2888,577.4473,0.787178
-511.4076,-19.2405,576.3165,0.787403
-510.3314,-19.1933,575.1870,0.787627
-509.2520,-19.1465,574.0587,0.787852
-508.1694,-19.0990,572.9320,0.788078
-507.0832,-19.0511,571.8070,0.788303
-505.9937,-19.0021,570.6838,0.788529
-504.9009,-18.9535,569.5620,0.788754
-503.8049,-18.9042,568.4420,0.788980
-502.7055,-18.8561,567.3234,0.789206
-501.6028,-18.8086,566.2065,0.789432
-500.4967,-18.7618,565.0915,0.789659
-499.3869,-18.7145,563.9786,0.789885
-498.2731,-18.6652,562.8684,0.790112
-497.1559,-18.6151,561.7609,0.790339
-496.0375,-18.5665,560.6584,0.790565
-494.9180,-18.5190,559.5616,0.790791
-493.7939,-18.4737,558.4669,0.791017
-492.6654,-18.4269,557.3760,0.791243
-491.5325,-18.3809,556.2880,0.791469
-490.3954,-18.3342,555.2033,0.791696
-489.2544,-18.2879,554.1211,0.791923
-488.1091,-18.2416,553.0415,0.792149
-486.9595,-18.1929,551.9650,0.792376
-485.8055,-18.1457,550.8906,0.792604
-484.6475,-18.0995,549.8181,0.792831
-483.4853,-18.0557,548.7476,0.793059
-482.3185,-18.0119,547.6799,0.793287
-481.1469,-17.9678,546.6149,0.793515
-479.9710,-17.9241,545.5518,0.793743
-478.7912,-17.8805,544.4910,0.793972
-477.6066,-17.8396,543.4327,0.794201
-476.4168,-17.7967,542.3781,0.794430
-475.2217,-17.7530,541.3269,0.794659
-474.0212,-17.7079,540.2795,0.794889
-472.8151,-17.6615,539.2363,0.795119
-471.6029,-17.6145,538.1977,0.795349
-470.3848,-17.5670,537.1638,0.795579
-469.1607,-17.5192,536.1346,0.795810
-467.9304,-17.4715,535.1104,0.796040
-466.6938,-17.4236,534.0914,0.796271
-465.4512,-17.3761,533.0775,0.796502
-464.2026,-17.3295,532.0684,0.796734
-462.9481,-17.2839,531.0642,0.796965
-461.6874,-17.2399,530.0652,0.797197
-460.4206,-17.1963,529.0715,0.797429
-459.1480,-17.1533,528.0826,0.797661
-457.8695,-17.1107,527.0989,0.797894
-456.5853,-17.0684,526.1201,0.798126
-455.2956,-17.0261,525.1461,0.798359
-454.0010,-16.9839,524.1760,0.798592
-452.7020,-16.9416,523.2095,0.798826
-451.3989,-16.8992,522.2457,0.799059
-450.0919,-16.8567,521.2845,0.799293
-448.7816,-16.8139,520.3256,0.799527
-447.5691,-16.7740,519.4422,0.799743
-446.3536,-16.7331,518.5609,0.799960
-445.1350,-16.6914,517.6818,0.800176
-443.9134,-16.6499,516.8044,0.800393
-442.6890,-16.6084,515.9291,0.800610
-441.4617,-16.5677,515.0555,0.800827
-440.2315,-16.5276,514.1840,0.801044
-438.9983,-16.4883,513.3143,0.801262
-437.7622,-16.4510,512.4464,0.801479
-436.5231,-16.4152,511.5805,0.801697
-435.2812,-16.3793,510.7166,0.801915
-434.0365,-16.3433,509.8546,0.802133
-432.7887,-16.3066,508.9948,0.802352
-431.5382,-16.2699,508.1365,0.802570
-430.2852,-16.2338,507.2798,0.802789
-429.0294,-16.1985,506.4248,0.803008
-427.7707,-16.1643,505.5717,0.803227
-426.5092,-16.1308,504.7206,0.803446
-425.2449,-16.0986,503.8712,0.803666
-423.9777,-16.0660,503.0241,0.803885
-422.7076,-16.0338,502.1788,0.804105
-421.4348,-16.0011,501.3354,0.804325
-420.1592,-15.9684,500.4941,0.804545
-418.8808,-15.9353,499.6548,0.804766
-417.5998,-15.9008,498.8174,0.804986
-416.3162,-15.8658,497.9819,0.805207
-415.0299,-15.8296,497.1482,0.805428
-413.7412,-15.7920,496.3163,0.805649
-412.4499,-15.7543,495.4862,0.805870
-411.1561,-15.7165,494.6577,0.806091
-409.8599,-15.6794,493.8309,0.806313
-408.5612,-15.6427,493.0058,0.806535
-407.2599,-15.6057,492.1828,0.806756
-405.9559,-15.5684,491.3619,0.806978
-404.6492,-15.5309,490.5432,0.807201
-403.3400,-15.4944,489.7260,0.807423
-402.0284,-15.4584,488.9108,0.807646
-400.7141,-15.4231,488.0978,0.807868
-399.3971,-15.3880,487.2868,0.808091
-398.0776,-15.3532,486.4775,0.808314
-396.7558,-15.3188,485.6701,0.808537
-395.4313,-15.2846,484.8649,0.808761
-394.1042,-15.2504,484.0620,0.808984
-392.7744,-15.2153,483.2613,0.809208
-391.4420,-15.1801,482.4627,0.809432
-390.1070,-15.1449,481.6663,0.809656
-388.7695,-15.1095,480.8721,0.809880
-387.4295,-15.0753,480.0796,0.810104
-386.0871,-15.0414,479.2891,0.810329
-384.7422,-15.0076,478.5009,0.810553
-383.3948,-14.9732,477.7148,0.810778
-382.0449,-14.9387,476.9307,0.811003
-380.6927,-14.9043,476.1484,0.811228
-379.3381,-14.8704,475.3682,0.811453
-377.9810,-14.8372,474.5900,0.811679
-376.6216,-14.8040,473.8138,0.811904
-375.2597,-14.7710,473.0396,0.812130
-373.8954,-14.7375,472.2679,0.812356
-372.5285,-14.7036,471.4985,0.812582
-371.1592,-14.6699,470.7312,0.812808
-369.7875,-14.6368,469.9657,0.813034
-368.4136,-14.6040,469.2022,0.813261
-367.0374,-14.5712,468.4409,0.813487
-365.6589,-14.5379,467.6815,0.813714
-364.2781,-14.5042,466.9244,0.813941
-362.8950,-14.4699,466.1693,0.814168
-361.5096,-14.4350,465.4164,0.814395
-360.1221,-14.3995,464.6653,0.814623
-358.7323,-14.3640,463.9163,0.814850
-357.3405,-14.3287,463.1688,0.815078
-355.9468,-14.2935,462.4230,0.815305
-354.5510,-14.2584,461.6789,0.815533
-353.1533,-14.2232,460.9362,0.815761
-351.7538,-14.1886,460.1951,0.815990
-350.3524,-14.1537,459.4553,0.816218
-348.9494,-14.1193,458.7165,0.816446
-347.5450,-14.0849,457.9783,0.816675
-346.1394,-14.0510,457.2402,0.816904
-344.7328,-14.0172,456.5018,0.817133
-343.3254,-13.9832,455.7630,0.817362
-341.9172,-13.9499,455.0236,0.817591
-340.5085,-13.9165,454.2832,0.817820
-339.0990,-13.8842,453.5419,0.818050
-337.6891,-13.8517,452.7995,0.818279
-336.2785,-13.8190,452.0564,0.818509
-334.8675,-13.7850,451.3125,0.818739
-333.4561,-13.7490,450.5673,0.818969
-332.0444,-13.7123,449.8207,0.819199
-330.6323,-13.6750,449.0729,0.819429
-329.2200,-13.6378,448.3237,0.819659
-327.8075,-13.6004,447.5731,0.819890
-326.3949,-13.5624,446.8210,0.820121
-324.9820,-13.5245,446.0674,0.820351
-323.5692,-13.4863,445.3119,0.820582
-322.1563,-13.4485,444.5546,0.820813
-320.7435,-13.4121,443.7954,0.821044
-319.3309,-13.3762,443.0339,0.821275
-317.9190,-13.3410,442.2693,0.821507
-316.5081,-13.3056,441.5010,0.821738
-315.0983,-13.2707,440.7290,0.821970
-313.6897,-13.2359,439.9531,0.822202
-312.2828,-13.2001,439.1725,0.822433
-310.8771,-13.1648,438.3878,0.822665
-309.4731,-13.1294,437.5986,0.822897
-308.0705,-13.0953,436.8051,0.823130
-306.6696,-13.0604,436.0071,0.823362
-305.2702,-13.0257,435.2046,0.823594
-303.8724,-12.9910,434.3977,0.823827
-302.4763,-12.9562,433.5864,0.824060
-301.0815,-12.9227,432.7708,0.824292
-299.6883,-12.8894,431.9510,0.824525
-298.2969,-12.8564,431.1266,0.824758
-296.9075,-12.8222,430.2975,0.824992
-295.5200,-12.7870,429.4637,0.825225
-294.1340,-12.7524,428.6255,0.825458
-292.7499,-12.7182,427.7831,0.825692
-291.3674,-12.6853,426.9362,0.825925
-289.9869,-12.6518,426.0845,0.826159
-288.6085,-12.6180,425.2281,0.826393
-287.2319,-12.5850,424.3671,0.826627
-285.8576,-12.5519,423.5011,0.826861
-284.4852,-12.5203,422.6304,0.827095
-283.1154,-12.4880,421.7545,0.827329
-281.7480,-12.4554,420.8732,0.827564
-280.3834,-12.4215,419.9864,0.827798
-279.0211,-12.3884,419.0945,0.828033
-277.6610,-12.3562,418.1977,0.828267
-276.3034,-12.3244,417.2959,0.828502
-274.9482,-12.2935,416.3890,0.828737
-273.5953,-12.2631,415.4771,0.828972
-272.2448,-12.2342,414.5603,0.829207
-270.8967,-12.2050,413.6385,0.829443
-269.5511,-12.1754,412.7119,0.829678
-268.2079,-12.1456,411.7805,0.829914
-266.8674,-12.1157,410.8439,0.830149
-265.5296,-12.0856,409.9020,0.830385
-264.3057,-12.0575,409.0343,0.830601
-263.0840,-12.0292,408.1622,0.830817
-261.8646,-12.0012,407.2859,0.831034
-260.6475,-11.9738,406.4053,0.831250
-259.4325,-11.9473,405.5206,0.831467
-258.2200,-11.9205,404.6317,0.831683
-257.0096,-11.8946,403.7385,0.831900
-255.8014,-11.8687,402.8415,0.832117
-254.5955,-11.8430,401.9407,0.832334
-253.3914,-11.8177,401.0360,0.832551
-252.1897,-11.7914,400.1273,0.832768
-250.9900,-11.7647,399.2149,0.832985
-249.7925,-11.7376,398.2988,0.833202
-248.5971,-11.7101,397.3790,0.833419
-247.4038,-11.6826,396.4554,0.833637
-246.2129,-11.6543,395.5280,0.833854
-245.0239,-11.6266,394.5971,0.834072
-243.8373,-11.5983,393.6622,0.834290
-242.6529,-11.5697,392.7236,0.834507
-241.4708,-11.5405,391.7813,0.834725
-240.2910,-11.5108,390.8353,0.834943
-239.1136,-11.4801,389.8856,0.835161
-237.9382,-11.4501,388.9324,0.835379
-236.7649,-11.4206,387.9757,0.835597
-235.5939,-11.3913,387.0156,0.835815
-234.4252,-11.3620,386.0517,0.836034
-233.2592,-11.3314,385.0839,0.836252
-232.0957,-11.3002,384.1124,0.836470
-230.9346,-11.2692,383.1370,0.836689
-229.7761,-11.2379,382.1579,0.836907
-228.6200,-11.2075,381.1750,0.837126
-227.4667,-11.1780,380.1880,0.837345
-226.3161,-11.1495,379.1971,0.837563
-225.1684,-11.1213,378.2021,0.837782
-224.0238,-11.0933,377.2028,0.838001
-222.8825,-11.0647,376.1992,0.838220
-221.7446,-11.0349,375.1909,0.838439
-220.6099,-11.0056,374.1781,0.838658
-219.4787,-10.9762,373.1609,0.838878
-218.3510,-10.9484,372.1389,0.839097
-217.2275,-10.9202,371.1118,0.839316
-216.1087,-10.8893,370.0793,0.839536
-214.9945,-10.8566,369.0413,0.839755
-213.8852,-10.8220,367.9974,0.839974
-212.7800,-10.7882,366.9484,0.840194
-211.6786,-10.7564,365.8946,0.840414
-210.5813,-10.7263,364.8359,0.840633
-209.4888,-10.6964,363.7719,0.840853
-208.4015,-10.6658,362.7021,0.841073
-207.3192,-10.6347,361.6265,0.841293
-206.2419,-10.6023,360.5456,0.841513
-205.1692,-10.5699,359.4595,0.841732
-204.1013,-10.5372,358.3682,0.841953
-203.0381,-10.5042,357.2717,0.842173
-201.9793,-10.4715,356.1704,0.842393
-200.9250,-10.4384,355.0644,0.842613
-199.8748,-10.4056,353.9538,0.842833
-198.8288,-10.3735,352.8387,0.843053
-197.7869,-10.3421,351.7193,0.843274
-196.7493,-10.3106,350.5954,0.843494
-195.7166,-10.2782,349.4666,0.843715
-194.6885,-10.2455,348.3329,0.843935
-193.6649,-10.2129,347.1947,0.844156
-192.6458,-10.1806,346.0520,0.844376
-191.6312,-10.1482,344.9048,0.844597
-190.6214,-10.1147,343.7530,0.844818
-189.6159,-10.0812,342.5968,0.845038
-188.6149,-10.0480,341.4362,0.845259
-187.6181,-10.0161,340.2715,0.845480
-186.6256,-9.9854,339.1025,0.845701
-185.6376,-9.9547,337.9294,0.845922
-184.6546,-9.9233,336.7516,0.846143
-183.6772,-9.8902,335.5690,0.846364
-182.7045,-9.8560,334.3819,0.846585
-181.7366,-9.8207,333.1906,0.846806
-180.7733,-9.7843,331.9953,0.847028
-179.8144,-9.7471,330.7959,0.847249
-178.8604,-9.7088,329.5925,0.847470
-177.9106,-9.6708,328.3852,0.847692
-176.9648,-9.6339,327.1741,0.847913
-176.0232,-9.5984,325.9595,0.848134
-175.0861,-9.5638,324.7409,0.848356
-174.1536,-9.5295,323.5184,0.848578
-173.2261,-9.4945,322.2919,0.848799
-172.3037,-9.4584,321.0612,0.849021
-171.3863,-9.4217,319.8265,0.849242
-170.4738,-9.3843,318.5878,0.849464
-169.5662,-9.3465,317.3452,0.849686
-168.6634,-9.3074,316.0987,0.849908
-167.7654,-9.2681,314.8486,0.850129
-166.8723,-9.2283,313.5946,0.850351
-165.9842,-9.1880,312.3369,0.850573
-165.1009,-9.1475,311.0754,0.850795
-164.2228,-9.1058,309.8102,0.851017
-163.3499,-9.0639,308.5410,0.851239
-162.4821,-9.0216,307.2681,0.851461
-161.6192,-8.9794,305.9918,0.851683
-160.7612,-8.9370,304.7118,0.851905
-159.9084,-8.8945,303.4281,0.852127
-159.0609,-8.8522,302.1407,0.852349
-158.2184,-8.8106,300.8496,0.852571
-157.3812,-8.7688,299.5550,0.852794
-156.5495,-8.7264,298.2567,0.853016
-155.7234,-8.6828,296.9546,0.853238
-154.9027,-8.6385,295.6488,0.853460
-154.0870,-8.5939,294.3397,0.853683
-153.2758,-8.5500,293.0276,0.853905
-152.4688,-8.5064,291.7126,0.854127
-151.6658,-8.4626,290.3949,0.854350
-150.8665,-8.4188,289.0748,0.854572
-150.0708,-8.3748,287.7522,0.854794
-149.2785,-8.3312,286.4273,0.855017
-148.4893,-8.2879,285.1003,0.855239
-147.7033,-8.2445,283.7712,0.855462
-146.9206,-8.2007,282.4399,0.855684
-146.1412,-8.1566,281.1066,0.855907
-145.3649,-8.1117,279.7712,0.856130
-144.5919,-8.0658,278.4338,0.856352
-143.8221,-8.0192,277.0943,0.856575
-143.0549,-7.9734,275.7530,0.856798
-142.2904,-7.9282,274.4099,0.857020
-141.5288,-7.8836,273.0650,0.857243
-140.7704,-7.8385,271.7181,0.857466
-140.0149,-7.7930,270.3694,0.857689
-139.2622,-7.7473,269.0189,0.857911
-138.5125,-7.7017,267.6664,0.858134
-137.7657,-7.6561,266.3122,0.858357
-137.0220,-7.6104,264.9561,0.858580
-136.2812,-7.5639,263.5984,0.858803
-135.5431,-7.5167,262.2390,0.859026
-134.8078,-7.4687,260.8779,0.859249
-134.0753,-7.4207,259.5151,0.859472
-133.3454,-7.3725,258.1508,0.859695
-132.6180,-7.3245,256.7849,0.859918
-131.8934,-7.2762,255.4175,0.860141
-131.1713,-7.2278,254.0485,0.860364
-130.4519,-7.1788,252.6780,0.860587
-129.7349,-7.1298,251.3061,0.860810
-129.0204,-7.0811,249.9327,0.861033
-128.3087,-7.0323,248.5577,0.861256
-127.5997,-6.9834,247.1811,0.861480
-126.8933,-6.9351,245.8031,0.861703
-126.1896,-6.8874,244.4235,0.861926
-125.4887,-6.8398,243.0422,0.862149
-124.7909,-6.7916,241.6593,0.862372
-124.0959,-6.7438,240.2748,0.862596
-123.4039,-6.6961,238.8886,0.862819
-122.7150,-6.6481,237.5008,0.863042
-122.0293,-6.6005,236.1112,0.863266
-121.3469,-6.5520,234.7199,0.863489
-120.6676,-6.5036,233.3270,0.863712
-119.9916,-6.4548,231.9326,0.863936
-119.3192,-6.4056,230.5367,0.864159
-118.6505,-6.3568,229.1392,0.864382
-117.9857,-6.3071,227.7404,0.864605
-117.3245,-6.2584,226.3400,0.864829
-116.6676,-6.2094,224.9386,0.865052
-116.0147,-6.1614,223.5363,0.865275
-115.3665,-6.1125,222.1337,0.865497
-114.7235,-6.0634,220.7315,0.865720
-114.0859,-6.0142,219.3307,0.865942
-113.4538,-5.9663,217.9325,0.866163
-112.8281,-5.9191,216.5383,0.866383
-112.2086,-5.8724,215.1480,0.866602
-111.5955,-5.8259,213.7616,0.866821
-110.9884,-5.7799,212.3790,0.867038
-110.3873,-5.7350,211.0004,0.867255
-109.7386,-5.6862,209.5010,0.867491
-109.0970,-5.6377,208.0062,0.867725
-108.4622,-5.5886,206.5163,0.867958
-107.8339,-5.5394,205.0314,0.868191
-107.2115,-5.4904,203.5513,0.868422
-106.5950,-5.4421,202.0762,0.868653
-105.9840,-5.3941,200.6064,0.868882
-105.3780,-5.3465,199.1418,0.869110
-104.7769,-5.3005,197.6824,0.869338
-104.1800,-5.2554,196.2277,0.869564
-103.5867,-5.2129,194.7779,0.869790
-102.9971,-5.1701,193.3329,0.870015
-102.4115,-5.1272,191.8922,0.870239
-101.8304,-5.0829,190.4557,0.870463
-101.2540,-5.0388,189.0226,0.870685
-100.6832,-4.9956,187.5929,0.870907
-100.1182,-4.9533,186.1663,0.871128
-99.5593,-4.9123,184.7424,0.871349
-99.0067,-4.8711,183.3213,0.871568
-98.4600,-4.8317,181.9025,0.871787
-97.9190,-4.7933,180.4862,0.872006
-97.3842,-4.7543,179.0722,0.872224
-96.8560,-4.7152,177.6600,0.872441
-96.3338,-4.6747,176.2495,0.872658
-95.8173,-4.6331,174.8402,0.872874
-95.2639,-4.5887,173.3144,0.873108
-94.7172,-4.5440,171.7888,0.873341
-94.1774,-4.5004,170.2628,0.873575
-93.6448,-4.4572,168.7359,0.873808
-93.1192,-4.4151,167.2075,0.874041
-92.6006,-4.3751,165.6773,0.874273
-92.0893,-4.3370,164.1451,0.874506
-91.5859,-4.2996,162.6104,0.874739
-91.0909,-4.2618,161.0725,0.874972
-90.6037,-4.2241,159.5310,0.875205
-90.1239,-4.1866,157.9863,0.875438
-89.6508,-4.1510,156.4379,0.875671
-89.1850,-4.1157,154.8857,0.875905
-88.7258,-4.0812,153.3294,0.876138
-88.2727,-4.0478,151.7692,0.876372
-87.8598,-4.0179,150.3256,0.876589
-87.4517,-3.9896,148.8785,0.876805
-87.0484,-3.9617,147.4280,0.877022
-86.6499,-3.9345,145.9741,0.877240
-86.2557,-3.9079,144.5170,0.877457
-85.8658,-3.8817,143.0568,0.877675
-85.4805,-3.8562,141.5933,0.877893
-85.0995,-3.8308,140.1267,0.878111
-84.7227,-3.8048,138.6571,0.878330
-84.3504,-3.7782,137.1844,0.878549
-83.9829,-3.7497,135.7086,0.878768
-83.6201,-3.7211,134.2296,0.878987
-83.2626,-3.6915,132.7476,0.879207
-82.9105,-3.6627,131.2622,0.879427
-82.5641,-3.6333,129.7737,0.879647
-82.2230,-3.6039,128.2822,0.879867
-81.8882,-3.5743,126.7873,0.880088
-81.5606,-3.5433,125.2893,0.880309
-81.2403,-3.5123,123.7877,0.880530
-80.9277,-3.4805,122.2828,0.880752
-80.6228,-3.4494,120.7746,0.880973
-80.3256,-3.4188,119.2630,0.881195
-80.0371,-3.3877,117.7482,0.881418
-79.7568,-3.3566,116.2299,0.881640
-79.4857,-3.3236,114.7086,0.881863
-79.2236,-3.2901,113.1839,0.882086
-78.9710,-3.2556,111.6560,0.882309
-78.7281,-3.2212,110.1250,0.882532
-78.4959,-3.1863,108.5907,0.882756
-78.2749,-3.1514,107.0533,0.882979
-78.0655,-3.1163,105.5126,0.883203
-77.8685,-3.0809,103.9691,0.883428
-77.6843,-3.0452,102.4224,0.883652
-77.5137,-3.0074,100.8728,0.883877
-77.3561,-2.9688,99.3204,0.884102
-77.2117,-2.9281,97.7655,0.884327
-77.0800,-2.8868,96.2080,0.884552
-76.9611,-2.8445,94.6481,0.884777
-76.8544,-2.8022,93.0859,0.885003
-76.7597,-2.7603,91.5217,0.885229
-76.6773,-2.7184,89.9553,0.885455
-76.6073,-2.6764,88.3869,0.885681
-76.5485,-2.6357,86.8167,0.885908
-76.5011,-2.5967,85.2446,0.886134
-76.4669,-2.5566,83.6710,0.886361
-76.4457,-2.5164,82.0960,0.886588
-76.4392,-2.4781,80.5194,0.886815
-76.4492,-2.4400,78.9415,0.887043
-76.4718,-2.4014,77.3624,0.887270
-76.5036,-2.3634,75.7819,0.887498
-76.5424,-2.3250,74.2001,0.887726
-76.5880,-2.2853,72.6170,0.887954
-76.6423,-2.2454,71.0328,0.888182
-76.7044,-2.2046,69.4476,0.888411
-76.7732,-2.1613,67.8614,0.888640
-76.8444,-2.1157,66.2739,0.888869
-76.9219,-2.0678,64.6856,0.889098
-77.0073,-2.0198,63.0962,0.889327
-77.1020,-1.9713,61.5063,0.889557
-77.2052,-1.9243,59.9154,0.889787
-77.3176,-1.8775,58.3240,0.890017
-77.4397,-1.8306,56.7321,0.890247
-77.5710,-1.7837,55.1395,0.890477
-77.7113,-1.7373,53.5466,0.890708
-77.8611,-1.6909,51.9535,0.890938
-78.0208,-1.6443,50.3599,0.891169
-78.1911,-1.5958,48.7664,0.891400
-78.3716,-1.5470,47.1729,0.891631
-78.5620,-1.4983,45.5792,0.891862
-78.7627,-1.4492,43.9858,0.892094
-78.9739,-1.3996,42.3924,0.892325
-79.1950,-1.3517,40.7991,0.892557
-79.4265,-1.3060,39.2063,0.892789
-79.6692,-1.2618,37.6138,0.893021
-79.9245,-1.2155,36.0224,0.893254
-80.1922,-1.1679,34.4319,0.893486
-80.4717,-1.1190,32.8423,0.893719
-80.7625,-1.0704,31.2538,0.893951
-81.0646,-1.0217,29.6661,0.894184
-81.3783,-0.9723,28.0796,0.894417
-81.7034,-0.9236,26.4944,0.894651
-82.0402,-0.8751,24.9103,0.894884
-82.3881,-0.8278,23.3276,0.895118
-82.7471,-0.7822,21.7461,0.895351
-83.1173,-0.7379,20.1661,0.895585
-83.4991,-0.6941,18.5878,0.895819
-83.8923,-0.6511,17.0109,0.896053
-84.2971,-0.6082,15.4361,0.896288
-84.7123,-0.5680,13.8624,0.896522
-85.1383,-0.5297,12.2904,0.896757
-85.5752,-0.4934,10.7206,0.896992
-86.0238,-0.4586,9.1525,0.897227
-86.4845,-0.4235,7.5867,0.897462
-86.9560,-0.3894,6.0230,0.897697
-87.4381,-0.3558,4.4616,0.897933
-87.9292,-0.3248,2.9013,0.898168
-88.3864,-0.2992,1.4722,0.898384
-88.8500,-0.2765,0.0447,0.898601
-89.3195,-0.2531,-1.3807,0.898817
-89.7937,-0.2267,-2.8058,0.899033
-90.2730,-0.2010,-4.2301,0.899250
-90.7571,-0.1810,-5.6535,0.899466
-91.2463,-0.1612,-7.0741,0.899683
-91.7400,-0.1386,-8.4937,0.899899
-92.2387,-0.1160,-9.9129,0.900116
-92.7428,-0.0993,-11.3312,0.900333
-93.2528,-0.0825,-12.7479,0.900550
-93.7684,-0.0630,-14.1637,0.900767
-94.2873,-0.0424,-15.5796,0.900984
-94.8086,-0.0234,-16.9951,0.901202
-95.3326,-0.0035,-18.4104,0.901419
-95.8605,0.0145,-19.8252,0.901637
-96.3936,0.0296,-21.2393,0.901854
-96.9312,0.0460,-22.6516,0.902072
-97.4731,0.0649,-24.0628,0.902290
-98.0202,0.0826,-25.4731,0.902508
-98.5733,0.0965,-26.8814,0.902726
-99.1311,0.1145,-28.2877,0.902944
-99.6927,0.1337,-29.6934,0.903162
-100.2593,0.1477,-31.0976,0.903380
-100.8313,0.1591,-32.4991,0.903598
-101.4079,0.1766,-33.8993,0.903816
-101.9893,0.1923,-35.2984,0.904034
-102.5754,0.2044,-36.6949,0.904252
-103.1665,0.2193,-38.0895,0.904471
-103.7631,0.2346,-39.4837,0.904689
-104.3647,0.2446,-40.8757,0.904908
-104.9701,0.2574,-42.2657,0.905126
-105.5792,0.2722,-43.6545,0.905344
-106.1923,0.2809,-45.0426,0.905563
-106.8084,0.2923,-46.4292,0.905782
-107.4274,0.3063,-47.8152,0.906000
-108.0496,0.3173,-49.2001,0.906219
-108.6757,0.3259,-50.5836,0.906438
-109.3053,0.3384,-51.9666,0.906657
-109.9382,0.3522,-53.3488,0.906876
-110.5741,0.3668,-54.7302,0.907095
-111.2135,0.3786,-56.1120,0.907314
-111.8555,0.3881,-57.4937,0.907534
-112.4989,0.3955,-58.8757,0.907753
-113.1447,0.4021,-60.2579,0.907973
-113.7931,0.4119,-61.6402,0.908193
-114.4435,0.4254,-63.0227,0.908413
-115.0955,0.4392,-64.4058,0.908633
-115.7489,0.4517,-65.7894,0.908854
-116.4036,0.4633,-67.1738,0.909074
-117.0596,0.4763,-68.5585,0.909295
-117.7166,0.4901,-69.9438,0.909516
-118.3750,0.5048,-71.3298,0.909737
-119.0345,0.5199,-72.7163,0.909958
-119.6952,0.5350,-74.1034,0.910179
-120.3569,0.5486,-75.4913,0.910401
-121.0197,0.5634,-76.8797,0.910623
-121.6836,0.5793,-78.2686,0.910844
-122.3481,0.5961,-79.6584,0.911066
-123.0128,0.6130,-81.0492,0.911288
-123.6778,0.6300,-82.4409,0.911511
-124.3427,0.6472,-83.8337,0.911733
-125.0075,0.6643,-85.2277,0.911955
-125.6721,0.6816,-86.6228,0.912178
-126.3372,0.6995,-88.0185,0.912401
-127.0030,0.7184,-89.4150,0.912624
-127.6693,0.7386,-90.8122,0.912847
-128.3360,0.7587,-92.2102,0.913070
-129.0026,0.7790,-93.6092,0.913293
-129.6695,0.7995,-95.0091,0.913516
-130.3364,0.8204,-96.4100,0.913740
-131.0030,0.8416,-97.8119,0.913964
-131.6693,0.8620,-99.2151,0.914187
-132.3346,0.8827,-100.6195,0.914411
-132.9990,0.9044,-102.0253,0.914635
-133.6631,0.9269,-103.4322,0.914859
-134.3269,0.9497,-104.8402,0.915084
-134.9904,0.9733,-106.2492,0.915308
-135.6538,0.9977,-107.6591,0.915533
-136.3168,1.0241,-109.0699,0.915757
-136.9798,1.0505,-110.4818,0.915982
-137.6428,1.0770,-111.8946,0.916207
-138.3057,1.1009,-113.3083,0.916432
-138.9680,1.1247,-114.7231,0.916657
-139.6296,1.1506,-116.1388,0.916882
-140.2903,1.1789,-117.5558,0.917107
-140.9502,1.2090,-118.9739,0.917332
-141.6094,1.2387,-120.3932,0.917558
-142.2678,1.2672,-121.8138,0.917784
-142.9247,1.2956,-123.2358,0.918009
-143.5796,1.3242,-124.6595,0.918235
-144.2323,1.3526,-126.0849,0.918461
-144.8827,1.3799,-127.5124,0.918687
-145.5298,1.4091,-128.9415,0.918913
-146.1735,1.4396,-130.3730,0.919139
-146.8136,1.4728,-131.8068,0.919365
-147.4506,1.5068,-133.2427,0.919592
-148.0846,1.5406,-134.6806,0.919818
-148.7155,1.5742,-136.1205,0.920045
-149.3426,1.6082,-137.5627,0.920271
-149.9664,1.6431,-139.0069,0.920498
-150.5873,1.6778,-140.4531,0.920725
-151.2052,1.7129,-141.9012,0.920951
-151.8202,1.7474,-143.3512,0.921178
-152.4321,1.7809,-144.8033,0.921405
-153.0409,1.8144,-146.2571,0.921633
-153.6469,1.8468,-147.7130,0.921860
-154.2494,1.8807,-149.1706,0.922087
-154.8485,1.9152,-150.6303,0.922314
-155.4444,1.9512,-152.0919,0.922542
-156.0376,1.9873,-153.5552,0.922769
-156.6278,2.0235,-155.0203,0.922997
-157.2149,2.0602,-156.4872,0.923225
-157.7990,2.0963,-157.9559,0.923452
-158.3797,2.1337,-159.4264,0.923680
-158.9574,2.1709,-160.8987,0.923908
-159.5319,2.2080,-162.3729,0.924136
-160.1030,2.2440,-163.8490,0.924364
-160.6707,2.2786,-165.3271,0.924592
-161.2344,2.3140,-166.8070,0.924820
-161.7942,2.3501,-168.2890,0.925049
-162.3499,2.3873,-169.7730,0.925277
-162.9021,2.4243,-171.2589,0.925505
-163.4498,2.4643,-172.7465,0.925734
-163.9933,2.5061,-174.2362,0.925962
-164.5331,2.5486,-175.7280,0.926191
-165.0686,2.5909,-177.2212,0.926420
-165.6006,2.6307,-178.7165,0.926648
-166.1286,2.6734,-180.2134,0.926877
-166.6525,2.7200,-181.7120,0.927106
-167.1732,2.7684,-183.2123,0.927335
-167.6906,2.8161,-184.7141,0.927564
-168.2047,2.8619,-186.2175,0.927793
-168.7153,2.9078,-187.7226,0.928022
-169.2228,2.9536,-189.2291,0.928251
-169.7263,2.9997,-190.7372,0.928480
-170.2261,3.0468,-192.2469,0.928709
-170.7223,3.0956,-193.7581,0.928938
-171.2152,3.1461,-195.2706,0.929168
-171.7051,3.1953,-196.7847,0.929397
-172.1915,3.2441,-198.3001,0.929626
-172.6743,3.2926,-199.8170,0.929856
-173.1531,3.3423,-201.3355,0.930085
-173.6283,3.3933,-202.8554,0.930315
-174.1000,3.4443,-204.3767,0.930544
-174.5683,3.4953,-205.8994,0.930774
-175.0330,3.5466,-207.4235,0.931004
-175.4942,3.5978,-208.9490,0.931233
-175.9515,3.6502,-210.4758,0.931463
-176.4055,3.7027,-212.0040,0.931693
-176.8559,3.7568,-213.5334,0.931923
-177.3028,3.8110,-215.0641,0.932152
-177.7459,3.8658,-216.5961,0.932382
-178.1856,3.9214,-218.1293,0.932612
-178.6218,3.9779,-219.6638,0.932842
-179.0544,4.0351,-221.1995,0.933072
-179.4835,4.0923,-222.7364,0.933302
-179.9092,4.1495,-224.2745,0.933532
-180.3312,4.2065,-225.8138,0.933762
-180.7495,4.2639,-227.3544,0.933992
-181.1641,4.3216,-228.8961,0.934222
-181.5748,4.3800,-230.4390,0.934453
-181.9819,4.4388,-231.9831,0.934683
-182.3857,4.4975,-233.5284,0.934913
-182.7861,4.5555,-235.0748,0.935143
-183.1828,4.6133,-236.6222,0.935374
-183.5757,4.6717,-238.1707,0.935604
-183.9648,4.7310,-239.7204,0.935834
-184.3503,4.7913,-241.2705,0.936064
-184.7323,4.8511,-242.8207,0.936295
-185.1107,4.9109,-244.3706,0.936525
-185.4857,4.9711,-245.9198,0.936754
-185.8573,5.0316,-247.4678,0.936984
-186.2253,5.0928,-249.0144,0.937213
-186.5896,5.1544,-250.5587,0.937442
-186.9501,5.2158,-252.1002,0.937670
-187.3067,5.2765,-253.6377,0.937898
-187.6589,5.3364,-255.1704,0.938124
-188.0070,5.3954,-256.6974,0.938350
-188.3509,5.4535,-258.2190,0.938575
-188.6906,5.5103,-259.7350,0.938799
-189.0257,5.5675,-261.2454,0.939022
-189.3561,5.6250,-262.7499,0.939244
-189.6820,5.6835,-264.2491,0.939465
-190.0039,5.7419,-265.7430,0.939685
-190.3215,5.7998,-267.2311,0.939905
-190.6348,5.8580,-268.7138,0.940123
-190.9439,5.9162,-270.1913,0.940341
-191.2491,5.9740,-271.6631,0.940558
-191.5772,6.0376,-273.2625,0.940793
-191.9012,6.1017,-274.8553,0.941027
-192.2212,6.1663,-276.4415,0.941261
-192.5382,6.2299,-278.0213,0.941493
-192.8526,6.2919,-279.5944,0.941724
-193.1646,6.3539,-281.1606,0.941954
-193.4742,6.4159,-282.7201,0.942184
-193.7816,6.4779,-284.2729,0.942412
-194.0866,6.5399,-285.8191,0.942639
-194.3891,6.6025,-287.3585,0.942865
-194.6892,6.6654,-288.8913,0.943090
-194.9868,6.7254,-290.4183,0.943315
-195.2826,6.7803,-291.9394,0.943538
-195.5760,6.8334,-293.4540,0.943760
-195.8660,6.8863,-294.9615,0.943982
-196.1530,6.9440,-296.4626,0.944202
-196.4371,7.0065,-297.9573,0.944421
-196.7189,7.0689,-299.4456,0.944640
-196.9989,7.1325,-300.9277,0.944857
-197.2768,7.1949,-302.4038,0.945074
-197.5747,7.2597,-303.9961,0.945307
-197.8690,7.3231,-305.5814,0.945540
-198.1594,7.3857,-307.1595,0.945771
-198.4460,7.4481,-308.7309,0.946001
-198.7280,7.5101,-310.2953,0.946230
-199.0058,7.5719,-311.8531,0.946459
-199.2797,7.6335,-313.4041,0.946686
-199.5498,7.6942,-314.9485,0.946912
-199.8160,7.7546,-316.4859,0.947137
-200.0790,7.8149,-318.0168,0.947360
-200.3388,7.8745,-319.5409,0.947583
-200.5958,7.9331,-321.0582,0.947805
-200.8500,7.9927,-322.5688,0.948026
-201.1013,8.0513,-324.0727,0.948246
-201.3498,8.1105,-325.5701,0.948465
-201.5956,8.1685,-327.0608,0.948682
-201.8380,8.2262,-328.5452,0.948899
-202.0948,8.2880,-330.1365,0.949132
-202.3470,8.3495,-331.7205,0.949363
-202.5946,8.4103,-333.2974,0.949593
-202.8373,8.4721,-334.8669,0.949822
-203.0755,8.5318,-336.4294,0.950050
-203.3092,8.5920,-337.9850,0.950277
-203.5390,8.6495,-339.5335,0.950502
-203.7652,8.7076,-341.0746,0.950727
-203.9881,8.7655,-342.6083,0.950950
-204.2079,8.8258,-344.1345,0.951172
-204.4246,8.8849,-345.6534,0.951394
-204.6385,8.9427,-347.1651,0.951614
-204.8504,8.9993,-348.6694,0.951833
-205.0602,9.0552,-350.1663,0.952051
-205.2678,9.1116,-351.6559,0.952267
-205.4874,9.1718,-353.2441,0.952499
-205.7048,9.2320,-354.8239,0.952728
-205.9197,9.2910,-356.3951,0.952957
-206.1320,9.3493,-357.9560,0.953184
-206.3415,9.4068,-359.5050,0.953409
-206.5476,9.4627,-361.0400,0.953633
-206.7505,9.5181,-362.5606,0.953854
-206.9495,9.5734,-364.0658,0.954073
-207.1448,9.6283,-365.5535,0.954289
-207.3484,9.6864,-367.1176,0.954516
-207.5467,9.7436,-368.6544,0.954740
-207.7398,9.7999,-370.1606,0.954959
-207.9389,9.8573,-371.7257,0.955186
-208.1318,9.9139,-373.2522,0.955408
-208.3287,9.9698,-374.8245,0.955636
-208.5179,10.0245,-376.3494,0.955858
-208.7098,10.0798,-377.9099,0.956084
-208.8936,10.1318,-379.4193,0.956304
-209.0803,10.1866,-380.9608,0.956527
-209.2613,10.2356,-382.4679,0.956746
-209.4393,10.2867,-383.9620,0.956963
-209.6228,10.3361,-385.5117,0.957188
-209.8016,10.3881,-387.0289,0.957408
-209.9767,10.4392,-388.5198,0.957624
-210.1567,10.4949,-390.0595,0.957848
-210.3332,10.5496,-391.5802,0.958069
-210.5078,10.6021,-393.0946,0.958288
-210.6853,10.6562,-394.6393,0.958512
-210.8585,10.7053,-396.1498,0.958732
-211.0359,10.7600,-397.6966,0.958956
-211.2104,10.8087,-399.2183,0.959177
-211.3832,10.8600,-400.7211,0.959395
-211.5564,10.9076,-402.2243,0.959613
-211.7302,10.9584,-403.7310,0.959832
-211.9021,11.0079,-405.2223,0.960048
-212.0784,11.0597,-406.7609,0.960271
-212.2532,11.1122,-408.2846,0.960492
-212.4256,11.1650,-409.7934,0.960711
-212.5953,11.2177,-411.2877,0.960928
-212.7670,11.2701,-412.8270,0.961151
-212.9270,11.3215,-414.3521,0.961372
-213.0672,11.3697,-415.8636,0.961591
-213.1824,11.4165,-417.3624,0.961808
-213.2745,11.4645,-418.9048,0.962030
-213.3377,11.5102,-420.4329,0.962251
-213.3665,11.5542,-421.9464,0.962469
-213.3489,11.5970,-423.4999,0.962693
-213.2753,11.6352,-425.0352,0.962914
-213.1425,11.6705,-426.5504,0.963133
-212.9517,11.7013,-428.0436,0.963350
-212.6976,11.7338,-429.5657,0.963573
-212.3836,11.7639,-431.0602,0.963793
-212.0136,11.7931,-432.5257,0.964010
-211.5717,11.8197,-434.0088,0.964233
-211.0684,11.8398,-435.4557,0.964454
-210.5047,11.8541,-436.8639,0.964673
-209.8795,11.8679,-438.2288,0.964889
-209.1716,11.8816,-439.5916,0.965110
-208.3993,11.9081,-440.8998,0.965329
-207.5659,11.9421,-442.1490,0.965545
-206.6394,11.9898,-443.3676,0.965766
-205.6534,12.0530,-444.5115,0.965984
-204.5866,12.1302,-445.6158,0.966205
-203.4768,12.2204,-446.6429,0.966423
-202.2927,12.3132,-447.6187,0.966645
-201.0728,12.4059,-448.5090,0.966863
-199.7856,12.4943,-449.3370,0.967084
-198.4716,12.5770,-450.0754,0.967301
-197.0976,12.6539,-450.7417,0.967521
-195.7067,12.7235,-451.3147,0.967738
-194.2652,12.7880,-451.8083,0.967958
-192.8181,12.8511,-452.2092,0.968174
-191.3312,12.9115,-452.5246,0.968394
-189.8108,12.9716,-452.7520,0.968615
-188.3016,13.0293,-452.8843,0.968834
-186.7704,13.0859,-452.9319,0.969054
-185.2599,13.1430,-452.9083,0.969272
-183.7346,13.1983,-452.8323,0.969492
-182.2322,13.2557,-452.7257,0.969709
-180.7124,13.3099,-452.6216,0.969929
-179.2089,13.3634,-452.5531,0.970146
-177.6864,13.4133,-452.5541,0.970365
-176.1710,13.4558,-452.6391,0.970584
-174.6523,13.4973,-452.8198,0.970805
-173.1582,13.5282,-453.0856,0.971023
-171.6913,13.5540,-453.4348,0.971240
-170.2211,13.5784,-453.8790,0.971462
-168.7881,13.6005,-454.4102,0.971682
-167.3995,13.6333,-455.0247,0.971901
-166.0670,13.6646,-455.7234,0.972117
-164.7609,13.7002,-456.5190,0.972338
-163.5238,13.7388,-457.3901,0.972556
-162.3338,13.7871,-458.3600,0.972777
-161.2418,13.8414,-459.3944,0.972994
-160.2277,13.9018,-460.5107,0.973211
-159.3014,13.9705,-461.7044,0.973429
-158.4626,14.0413,-462.9642,0.973648
-157.7131,14.1117,-464.2820,0.973866
-157.0573,14.1832,-465.6528,0.974085
-156.4927,14.2524,-467.0710,0.974305
-156.0189,14.3253,-468.5320,0.974527
-155.6473,14.3983,-469.9898,0.974744
-155.3599,14.4723,-471.4810,0.974963
-155.1618,14.5533,-473.0010,0.975184
-155.0431,14.6328,-474.5026,0.975401
-154.9912,14.7180,-476.0262,0.975621
-155.0146,14.7994,-477.5714,0.975844
-155.1069,14.8765,-479.0902,0.976064
-155.2664,14.9503,-480.6280,0.976287
-155.4791,15.0203,-482.1378,0.976507
-155.7382,15.0877,-483.6197,0.976723
-156.0440,15.1565,-485.1236,0.976945
-156.3865,15.2270,-486.6031,0.977164
-156.7600,15.2973,-488.0587,0.977380
-157.1751,15.3686,-489.5406,0.977602
-157.6158,15.4361,-490.9976,0.977822
-158.0806,15.5008,-492.4281,0.978039
-158.5839,15.5631,-493.8853,0.978261
-159.1059,15.6222,-495.3148,0.978480
-159.6662,15.6782,-496.7715,0.978705
-160.2452,15.7325,-498.1977,0.978927
-160.8385,15.7838,-499.5919,0.979146
-161.4709,15.8361,-501.0106,0.979370
-162.1130,15.8868,-502.3956,0.979590
-162.7897,15.9365,-503.8055,0.979815
-163.4707,15.9841,-505.1761,0.980036
-164.1858,16.0333,-506.5676,0.980261
-164.8999,16.0781,-507.9152,0.980481
-165.6457,16.1260,-509.2803,0.980705
-166.3835,16.1689,-510.5982,0.980923
-167.1488,16.2145,-511.9320,0.981144
-167.9402,16.2587,-513.2822,0.981370
-168.7155,16.3050,-514.5783,0.981588
-169.5143,16.3468,-515.8876,0.981809
-170.3372,16.3909,-517.2087,0.982033
-171.1821,16.4332,-518.5425,0.982260
-172.0020,16.4752,-519.8171,0.982479
-172.8400,16.5161,-521.1030,0.982700
-173.6945,16.5581,-522.4007,0.982924
-174.5626,16.6009,-523.7111,0.983150
-175.3979,16.6402,-524.9595,0.983367
-176.2477,16.6805,-526.2176,0.983586
-177.1104,16.7183,-527.4865,0.983807
-177.9853,16.7547,-528.7667,0.984030
-178.8725,16.7918,-530.0581,0.984256
-179.7718,16.8304,-531.3605,0.984484
-180.6293,16.8677,-532.5963,0.984701
-181.4975,16.9044,-533.8414,0.984919
-182.3764,16.9405,-535.0961,0.985140
-183.2654,16.9774,-536.3605,0.985363
-184.1645,17.0132,-537.6349,0.985588
-185.0724,17.0493,-538.9192,0.985814
-185.9888,17.0851,-540.2145,0.986043
-186.9131,17.1208,-541.5207,0.986273
-187.7869,17.1553,-542.7551,0.986491
-188.6676,17.1908,-543.9987,0.986711
-189.5551,17.2270,-545.2518,0.986932
-190.4496,17.2627,-546.5145,0.987155
-191.3501,17.2988,-547.7861,0.987380
-192.2563,17.3322,-549.0683,0.987606
-193.1676,17.3670,-550.3607,0.987834
-194.0841,17.4020,-551.6633,0.988063
-195.0054,17.4367,-552.9763,0.988294
-195.8683,17.4689,-554.2117,0.988512
-196.7339,17.5011,-555.4565,0.988730
-197.6022,17.5329,-556.7103,0.988950
-198.4721,17.5650,-557.9730,0.989171
-199.3434,17.5952,-559.2443,0.989393
-200.2159,17.6253,-560.5239,0.989616
-201.0901,17.6554,-561.8118,0.989840
-201.9615,17.6886,-563.1013,0.990064
-202.8289,17.7219,-564.3896,0.990288
-203.6960,17.7557,-565.6809,0.990512
-204.5653,17.7891,-566.9766,0.990737
-205.4375,17.8240,-568.2767,0.990963
-206.3131,17.8578,-569.5814,0.991189
-207.1923,17.8912,-570.8905,0.991416
-208.0750,17.9242,-572.2045,0.991644
-208.9616,17.9566,-573.5233,0.991873
-209.8529,17.9900,-574.8465,0.992103
-210.7487,18.0236,-576.1744,0.992334
-211.6486,18.0574,-577.5070,0.992566
-212.5531,18.0900,-578.8442,0.992798
-213.3970,18.1192,-580.0901,0.993015
-214.2448,18.1489,-581.3397,0.993233
-215.0964,18.1789,-582.5933,0.993451
-215.9514,18.2086,-583.8511,0.993670
-216.8091,18.2388,-585.1132,0.993890
-217.6699,18.2686,-586.3799,0.994111
-218.5334,18.2982,-587.6512,0.994332
-219.3993,18.3284,-588.9271,0.994554
-220.2678,18.3582,-590.2075,0.994777
-221.1142,18.3871,-591.4575,0.994995
-221.9505,18.4157,-592.6936,0.995210
-222.7831,18.4442,-593.9272,0.995424
-223.6141,18.4726,-595.1602,0.995638
-224.4438,18.5009,-596.3928,0.995852
-225.2741,18.5292,-597.6292,0.996067
-226.1042,18.5573,-598.8676,0.996282
-226.9339,18.5853,-600.1074,0.996497
-227.7627,18.6132,-601.3479,0.996712
-228.5894,18.6407,-602.5865,0.996926
-229.4148,18.6681,-603.8260,0.997141
-230.2381,18.6953,-605.0635,0.997355
-231.0583,18.7221,-606.2971,0.997568
-231.8771,18.7489,-607.5303,0.997782
-232.6944,18.7755,-608.7616,0.997995
-233.5107,18.8019,-609.9909,0.998207
-234.3291,18.8283,-611.2227,0.998420
-235.1536,18.8549,-612.4632,0.998635
-235.9878,18.8817,-613.7165,0.998852
-236.8354,18.9089,-614.9871,0.999072
-237.7016,18.9366,-616.2830,0.999296
-238.5893,18.9650,-617.6088,0.999526
-239.4977,18.9940,-618.9628,0.999761
-240.4225,19.0234,-620.3377,1.000000
