x_right,z_right,x_left,z_left
-236.9982,-624.6632,-249.5009,-616.2434
-237.8915,-626.0869,-250.3909,-617.6598
-238.7755,-627.4996,-251.2723,-619.0683
-239.6463,-628.8882,-252.1440,-620.4544
-240.4969,-630.2476,-252.9964,-621.8150
-241.3284,-631.5737,-253.8329,-623.1455
-242.1398,-632.8703,-254.6491,-624.4490
-242.9363,-634.1402,-255.4534,-625.7284
-243.7191,-635.3914,-256.2437,-626.9913
-244.4947,-636.6278,-257.0291,-628.2383
-245.2637,-637.8567,-257.8057,-629.4767
-246.0300,-639.0788,-258.5827,-630.7098
-246.7944,-640.2998,-259.3545,-631.9396
-247.5601,-641.5196,-260.1265,-633.1655
-248.3244,-642.7409,-260.8957,-634.3923
-249.0907,-643.9628,-261.6677,-635.6177
-249.8573,-645.1873,-262.4378,-636.8450
-250.6270,-646.4135,-263.2101,-638.0710
-251.3966,-647.6427,-263.9818,-639.3002
-252.1684,-648.8734,-264.7569,-640.5311
-252.9418,-650.1080,-265.5302,-641.7638
-253.7178,-651.3438,-266.3076,-642.9983
-254.4939,-652.5834,-267.0867,-644.2353
-255.2718,-653.8259,-267.8650,-645.4760
-256.0526,-655.0700,-268.6468,-646.7186
-259.2931,-660.2399,-271.8909,-651.8844
-260.1332,-661.5821,-272.7322,-653.2261
-260.9757,-662.9255,-273.5786,-654.5707
-261.8192,-664.2724,-274.4252,-655.9195
-262.6667,-665.6226,-275.2737,-657.2694
-263.5138,-666.9760,-276.1231,-658.6248
-264.3645,-668.3321,-276.9751,-659.9819
-265.2157,-669.6915,-277.8277,-661.3440
-266.0700,-671.0525,-278.6834,-662.7087
-266.9244,-672.4181,-279.5377,-664.0773
-267.7823,-673.7862,-280.3972,-665.4474
-268.6408,-675.1575,-281.2563,-666.8223
-269.5029,-676.5312,-282.1195,-668.1978
-270.3653,-677.9090,-282.9827,-669.5780
-271.2308,-679.2883,-283.8495,-670.9600
-272.0965,-680.6714,-284.7182,-672.3451
-272.9662,-682.0576,-285.5861,-673.7341
-273.8364,-683.4481,-286.4579,-675.1243
-274.7096,-684.8397,-287.3293,-676.5194
-275.5825,-686.2358,-288.2054,-677.9157
-276.4584,-687.6341,-289.0809,-679.3163
-277.3352,-689.0357,-289.9605,-680.7184
-278.2148,-690.4391,-290.8401,-682.1255
-279.0957,-691.8464,-291.7229,-683.5332
-279.9808,-693.2560,-292.6046,-684.9445
-280.8647,-694.6696,-293.4912,-686.3580
-281.7523,-696.0850,-294.3764,-687.7757
-282.6400,-697.5054,-295.2672,-689.1930
-283.5312,-698.9273,-296.1573,-690.6146
-284.4221,-700.3534,-297.0515,-692.0370
-285.3147,-701.7822,-297.9457,-693.4644
-286.2115,-703.2136,-298.8431,-694.8917
-287.0080,-704.4889,-299.6396,-696.1654
-287.8069,-705.7641,-300.4420,-697.4398
-288.6066,-707.0441,-301.2450,-698.7150
-289.4078,-708.3224,-302.0460,-699.9915
-290.2061,-709.6003,-302.8469,-701.2651
-290.9988,-710.8772,-303.6452,-702.5400
-291.7990,-712.1464,-304.4452,-703.8116
-292.7065,-713.5691,-305.3419,-705.2411
-293.4967,-714.8460,-306.1407,-706.5111
-294.3009,-716.1150,-306.9388,-707.7837
-295.0577,-717.4169,-307.7400,-709.0566
-295.8159,-718.7203,-308.5408,-710.3319
-296.5783,-720.0231,-309.3439,-711.6083
-297.3387,-721.3302,-310.1461,-712.8870
-298.1359,-722.6155,-310.9489,-714.1672
-298.9321,-723.9027,-311.7553,-715.4483
-299.7390,-725.1852,-312.5619,-716.7330
-300.5515,-726.4657,-313.3707,-718.0183
-301.3560,-727.7537,-314.1793,-719.3068
-302.1615,-729.0437,-314.9895,-720.5973
-302.9698,-730.3347,-315.8016,-721.8888
-303.7777,-731.6270,-316.6140,-723.1838
-304.5878,-732.9212,-317.4285,-724.4797
-305.4010,-734.2180,-318.2417,-725.7779
-306.2164,-735.5158,-319.0571,-727.0758
-307.0332,-736.8160,-319.8716,-728.3762
-307.8530,-738.1178,-320.6889,-729.6781
-308.6719,-739.4216,-321.5063,-730.9832
-309.4921,-740.7242,-322.3268,-732.2908
-310.3127,-742.0307,-323.1462,-733.6002
-311.1369,-743.3397,-323.9674,-734.9088
-311.9610,-744.6513,-324.7884,-736.2207
-312.7873,-745.9631,-325.6127,-737.5335
-313.6116,-747.2762,-326.4372,-738.8504
-314.4391,-748.5908,-327.2643,-740.1674
-315.2673,-749.9094,-328.0897,-741.4862
-316.0975,-751.2274,-328.9186,-742.8059
-316.9264,-752.5480,-329.7474,-744.1298
-317.7588,-753.8702,-330.5769,-745.4544
-318.5914,-755.1967,-331.4079,-746.7787
-319.4269,-756.5236,-332.2383,-748.1058
-320.2621,-757.8541,-333.0714,-749.4336
-321.0993,-759.1838,-333.9042,-750.7652
-321.9352,-760.5166,-334.7397,-752.0972
-322.7742,-761.8504,-335.5739,-753.4323
-323.6130,-763.1879,-336.4114,-754.7671
-324.4548,-764.5256,-337.2478,-756.1048
-325.2946,-765.8651,-338.0877,-757.4437
-326.1377,-767.2061,-338.9284,-758.7836
-326.9803,-768.5489,-339.7684,-760.1271
-327.8257,-769.8918,-340.6116,-761.4709
-328.6697,-771.2377,-341.4537,-762.8178
-329.5165,-772.5839,-342.2994,-764.1650
-330.3631,-773.9342,-343.1436,-765.5144
-331.2134,-775.2853,-343.9901,-766.8639
-332.0619,-776.6388,-344.8356,-768.2170
-332.9130,-777.9920,-345.6848,-769.5708
-333.7634,-779.3487,-346.5326,-770.9272
-334.6165,-780.7055,-347.3839,-772.2838
-335.4693,-782.0656,-348.2414,-773.6381
-336.3254,-783.4253,-349.2175,-774.9166
-337.1792,-784.7887,-349.9411,-776.3637
-338.0354,-786.1522,-350.7945,-777.7278
-338.8911,-787.5183,-351.6512,-779.0920
-339.7500,-788.8842,-352.5073,-780.4589
-340.6076,-790.2536,-353.3656,-781.8263
-341.4689,-791.6246,-354.2246,-783.1944
-342.3297,-792.9979,-355.0825,-784.5657
-343.1942,-794.3709,-355.9434,-785.9374
-344.0559,-795.7469,-356.8032,-787.3122
-344.9184,-797.1245,-357.6666,-788.6870
-345.7852,-798.5036,-358.5285,-790.0639
-346.6505,-799.8846,-359.3932,-791.4415
-347.5193,-801.2656,-360.2568,-792.8220
-348.3854,-802.6492,-361.1238,-794.2031
-349.2552,-804.0333,-361.9896,-795.5866
-350.1270,-805.4194,-362.8580,-796.9700
-350.9971,-806.8088,-363.7254,-798.3562
-351.8701,-808.1986,-364.5959,-799.7422
-352.7417,-809.5903,-365.4659,-801.1313
-353.6173,-810.9831,-366.3380,-802.5202
-354.4900,-812.3778,-367.2095,-803.9126
-355.3661,-813.7732,-368.0816,-805.3060
-356.2418,-815.1714,-368.9566,-806.6995
-357.1204,-816.5693,-369.8310,-808.0958
-357.9979,-817.9705,-370.7079,-809.4921
-358.8777,-819.3705,-371.5846,-810.8915
-359.7568,-820.7740,-372.4635,-812.2910
-360.6379,-822.1757,-373.3422,-813.6933
-361.5193,-823.5787,-374.2224,-815.0961
-362.3975,-824.9831,-375.1014,-816.5010
-363.2788,-826.3869,-375.9819,-817.9030
-364.1556,-827.7902,-376.8588,-819.3031
-365.0324,-829.1886,-377.7331,-820.6981
-365.9025,-830.5812,-378.6047,-822.0874
-366.7690,-831.9635,-379.4696,-823.4692
-367.6279,-833.3327,-380.3298,-824.8392
-368.4768,-834.6928,-381.1806,-826.1973
-369.3202,-836.0393,-382.0232,-827.5418
-370.1565,-837.3731,-382.8590,-828.8729
-370.9793,-838.6916,-383.6854,-830.1931
-371.7957,-839.9948,-384.5030,-831.4982
-372.6005,-841.2840,-385.3125,-832.7865
-373.3981,-842.5562,-386.1084,-834.0595
-374.2824,-843.9670,-386.9950,-835.4689
-375.1505,-845.3574,-387.8661,-836.8593
-376.0078,-846.7239,-388.7262,-838.2264
-376.8475,-848.0685,-389.5693,-839.5723
-377.6755,-849.3881,-390.4002,-840.8925
-378.4861,-850.6866,-391.2143,-842.1922
-379.2856,-851.9604,-392.0177,-843.4686
-380.1533,-853.3517,-392.8909,-844.8634
-381.0081,-854.7146,-393.7512,-846.2283
-381.8454,-856.0497,-394.5919,-847.5708
-382.6643,-857.3633,-395.4162,-848.8889
-383.4717,-858.6503,-396.2304,-850.1804
-384.3392,-860.0413,-397.1045,-851.5758
-385.1934,-861.4018,-397.9666,-852.9409
-386.0267,-862.7376,-398.8068,-854.2810
-386.8460,-864.0410,-399.6355,-855.5914
-387.6448,-865.3217,-400.4437,-856.8796
-388.5031,-866.6868,-401.3116,-858.2512
-389.3467,-868.0282,-402.1590,-859.6018
-390.1721,-869.3526,-402.9939,-860.9323
-390.9880,-870.6503,-403.8154,-862.2326
-391.7839,-871.9267,-404.6180,-863.5120
-392.6376,-873.2838,-405.4772,-864.8715
-393.4704,-874.6200,-406.3167,-866.2113
-394.2962,-875.9324,-407.1495,-867.5255
-395.1027,-877.2276,-407.9639,-868.8211
-395.9041,-878.5002,-408.7724,-870.0961
-396.7517,-879.8631,-409.6303,-871.4619
-397.5893,-881.1951,-410.4703,-872.8000
-398.4037,-882.5048,-411.2994,-874.1089
-399.2119,-883.7888,-412.1140,-875.3914
-400.0512,-885.1383,-412.9612,-876.7432
-400.8805,-886.4556,-413.7986,-878.0620
-401.6837,-887.7482,-414.6102,-879.3576
-402.5314,-889.0960,-415.4643,-880.7030
-403.3535,-890.4177,-416.2932,-882.0270
-404.1727,-891.7180,-417.1198,-883.3276
-404.9754,-893.0076,-417.9323,-884.6230
-405.7863,-894.2934,-418.7480,-885.9055
-406.6318,-895.6351,-419.5922,-887.2500
-407.4561,-896.9579,-420.4236,-888.5722
-408.2721,-898.2528,-421.2465,-889.8687
-409.0679,-899.5302,-422.0507,-891.1480
-409.9015,-900.8530,-422.8939,-892.4752
-410.7167,-902.1619,-423.7152,-893.7822
-411.5161,-903.4304,-424.5298,-895.0631
-412.3449,-904.7607,-425.3655,-896.3940
-413.1631,-906.0577,-426.1932,-897.6938
-413.9688,-907.3319,-426.9967,-898.9735
-414.7917,-908.6476,-427.8260,-900.2930
-415.6092,-909.9382,-428.6453,-901.5820
-416.4069,-911.2155,-429.4449,-902.8537
-417.2490,-912.5466,-430.2778,-904.1640
-418.0841,-913.8672,-431.0911,-905.4596
-418.9059,-915.1785,-431.9016,-906.7328
-419.7569,-916.5224,-432.7319,-908.0549
-420.5878,-917.8471,-433.5522,-909.3604
-421.4255,-919.1666,-434.3654,-910.6410
-422.2456,-920.4573,-435.1627,-911.9129
-423.0727,-921.7718,-435.9990,-913.2275
-423.8880,-923.0526,-436.8208,-914.5379
-424.6840,-924.3047,-437.6371,-915.8374
-425.4661,-925.5495,-438.4520,-917.1213
-426.2433,-926.7712,-439.2531,-918.3983
-427.0431,-928.0467,-440.0872,-919.7133
-427.8144,-929.2609,-440.9088,-921.0256
-428.5084,-930.3676,-441.7378,-922.3331
-429.1059,-931.2850,-442.5627,-923.6564
-429.6727,-932.1056,-443.4229,-925.0434
-430.1902,-932.8044,-444.2902,-926.4460
-430.7255,-933.4501,-445.1513,-927.8696
-431.2596,-933.9754,-446.0177,-929.3413
-431.9103,-934.5927,-446.9056,-930.9012
-432.5417,-935.1806,-447.7852,-932.5403
-433.3475,-935.8882,-448.6424,-934.2206
-433.9737,-936.6529,-449.4991,-936.0774
-434.7473,-937.5307,-450.3123,-938.0127
-435.2728,-938.4735,-451.0618,-940.0579
-435.8133,-939.5292,-451.7409,-942.1814
-436.3447,-940.6743,-452.3378,-944.4039
-436.8385,-941.9741,-452.8597,-946.7823
-437.0110,-943.2942,-453.2897,-949.2213
-437.1746,-944.6946,-453.6066,-951.7451
-437.2047,-946.1180,-453.7956,-954.3602
-437.1149,-947.5306,-453.7841,-957.1422
-436.8933,-948.9257,-453.5355,-960.0989
-436.4650,-950.2559,-453.0288,-963.1653
-435.8025,-951.4767,-452.3019,-966.2478
-434.9253,-952.5338,-451.2735,-969.3948
-433.8584,-953.4200,-449.7275,-972.1402
-432.6543,-954.1456,-446.6129,-972.8829
-431.3499,-954.7158,-443.6178,-973.3820
-429.9074,-955.0170,-440.7322,-973.6857
-428.4948,-955.2509,-437.8607,-973.8490
-427.0491,-955.3811,-435.2044,-973.8181
-425.5131,-955.1515,-432.6041,-973.6690
-423.9879,-954.8521,-430.1834,-973.4014
-422.5379,-954.4293,-427.8992,-973.0554
-421.1387,-953.9123,-425.6485,-972.6526
-419.7715,-953.3793,-423.4848,-972.1799
-418.4243,-952.8125,-421.3807,-971.6416
-417.1589,-952.2561,-419.3845,-971.0893
-415.8980,-951.6593,-417.4269,-970.4947
-414.7564,-951.0444,-415.5163,-969.8874
-413.5847,-950.4583,-413.6609,-969.2490
-412.4297,-949.8838,-411.9108,-968.5981
-411.2370,-949.3163,-410.1827,-967.9253
-410.0700,-948.7560,-408.5294,-967.2558
-408.8784,-948.1884,-406.8737,-966.5683
-407.7133,-947.6503,-405.2814,-965.8910
-406.5755,-947.1192,-403.7542,-965.2324
-405.4442,-946.6025,-402.2045,-964.5530
-404.3264,-946.0790,-400.6351,-963.8623
-403.2499,-945.5920,-399.1252,-963.1848
-402.1307,-945.0883,-397.6075,-962.5023
-401.0296,-944.6148,-396.1533,-961.8463
-399.8952,-944.1254,-394.6897,-961.1679
-398.7024,-943.6231,-393.2117,-960.4926
-397.5466,-943.1454,-391.7978,-959.8313
-396.3257,-942.6370,-390.3689,-959.1767
-395.0693,-942.1269,-388.9276,-958.4987
-393.7548,-941.5845,-387.4646,-957.8282
-392.4640,-941.0653,-386.0705,-957.1700
-391.1394,-940.5217,-384.6451,-956.5181
-389.7711,-939.9732,-383.1999,-955.8343
-388.4475,-939.4318,-381.8070,-955.1994
-387.0711,-938.8797,-380.4002,-954.5319
-385.6727,-938.3061,-378.9601,-953.8735
-384.3228,-937.7645,-377.5954,-953.2270
-382.9419,-937.1964,-376.2016,-952.5904
-381.5344,-936.6316,-374.7846,-951.9460
-380.1050,-936.0472,-373.3562,-951.2662
-378.6593,-935.4668,-371.8945,-950.5998
-377.2841,-934.9042,-370.5218,-949.9475
-375.8792,-934.3400,-369.1206,-949.3086
-374.4480,-933.7545,-367.7008,-948.6645
-372.9869,-933.1553,-366.2754,-947.9833
-371.5017,-932.5577,-364.8208,-947.3223
-370.1044,-931.9834,-363.4655,-946.6763
-368.6887,-931.4140,-362.0823,-946.0499
-367.2779,-930.8361,-360.6939,-945.3887
-365.8659,-930.2690,-359.2786,-944.7467
-364.4393,-929.6845,-357.8611,-944.0721
-362.9966,-929.1055,-356.4159,-943.4148
-361.5459,-928.5123,-354.9547,-942.7538
-360.0896,-927.9170,-353.4941,-942.0530
-358.7307,-927.3739,-352.1195,-941.4319
-357.3605,-926.8133,-350.7464,-940.7732
-355.9826,-926.2648,-349.3444,-940.1351
-354.5963,-925.7005,-347.9438,-939.4672
-353.1902,-925.1401,-346.5179,-938.8251
-351.7837,-924.5679,-345.1010,-938.1428
-350.3843,-924.0118,-343.6691,-937.4908
-348.9971,-923.4494,-342.2594,-936.7933
-347.5880,-922.8780,-340.8331,-936.1163
-346.1588,-922.3088,-339.4121,-935.4084
-344.7327,-921.7303,-337.9704,-934.7132
-343.2904,-921.1567,-336.5134,-934.0227
-341.8373,-920.5665,-335.0607,-933.3013
-340.3721,-919.9688,-333.5874,-932.5941
-338.8926,-919.3793,-332.1189,-931.8512
-337.5285,-918.8356,-330.7540,-931.1819
-336.1571,-918.2737,-329.3914,-930.4879
-334.7673,-917.7192,-328.0106,-929.8060
-333.3705,-917.1477,-326.6324,-929.1003
-331.9615,-916.5719,-325.2373,-928.4034
-330.5372,-915.9955,-323.8393,-927.6911
-329.1029,-915.4026,-322.4288,-926.9834
-327.6490,-914.8066,-321.0090,-926.2757
-326.1884,-914.1975,-319.5758,-925.5720
-324.7110,-913.5822,-318.1313,-924.8720
-323.2278,-912.9525,-316.6857,-924.1561
-321.7313,-912.3216,-315.2290,-923.4421
-320.2300,-911.6748,-313.7672,-922.7194
-318.7204,-911.0215,-312.2803,-922.0205
-317.2007,-910.3672,-310.7827,-921.3215
-315.8159,-909.7598,-309.4135,-920.6852
-314.4229,-909.1525,-308.0335,-920.0514
-313.0284,-908.5318,-306.6528,-919.4043
-311.6229,-907.9120,-305.2636,-918.7568
-310.2150,-907.2776,-303.8691,-918.1063
-308.7978,-906.6459,-302.4719,-917.4482
-307.3805,-906.0006,-301.0648,-916.7910
-305.9585,-905.3488,-299.6531,-916.1245
-304.5261,-904.6963,-298.2349,-915.4584
-303.0928,-904.0302,-296.8140,-914.7846
-301.6505,-903.3676,-295.3851,-914.1078
-300.2085,-902.6919,-293.9491,-913.4275
-298.7612,-902.0200,-292.5114,-912.7379
-297.3228,-901.3380,-291.0715,-912.0525
-295.8876,-900.6542,-289.6378,-911.3580
-294.4508,-899.9731,-288.2041,-910.6648
-293.0197,-899.2814,-286.7706,-909.9626
-291.5814,-898.5918,-285.3396,-909.2454
-290.1457,-897.8882,-283.9009,-908.5267
-288.7056,-897.1793,-282.4603,-907.8001
-287.2579,-896.4719,-281.0155,-907.0708
-285.8121,-895.7508,-279.5673,-906.3368
-284.3614,-895.0290,-278.1179,-905.5929
-282.9078,-894.3008,-276.6620,-904.8485
-281.4527,-893.5640,-275.2051,-904.0943
-279.9999,-892.8115,-273.7446,-903.3374
-278.5512,-892.0453,-272.2795,-902.5767
-277.1061,-891.2696,-270.8134,-901.8007
-275.6533,-890.5014,-269.3379,-901.0230
-274.2042,-889.7191,-267.8645,-900.2307
-272.7511,-888.9306,-266.3910,-899.4360
-271.2895,-888.1453,-264.9168,-898.6378
-269.9802,-887.4259,-263.5899,-897.9067
-268.6600,-886.7114,-262.2638,-897.1779
-267.3443,-885.9819,-260.9395,-896.4395
-266.0191,-885.2627,-259.6134,-895.6985
-264.6996,-884.5273,-258.2865,-894.9573
-263.3762,-883.7920,-256.9654,-894.2002
-262.0512,-883.0564,-255.6363,-893.4423
-260.7328,-882.3095,-254.3089,-892.6663
-259.4114,-881.5641,-252.9765,-891.8855
-258.0948,-880.8033,-251.6450,-891.0991
-256.7706,-880.0476,-250.3129,-890.3089
-255.4532,-879.2745,-248.9784,-889.5176
-254.1258,-878.5106,-247.6443,-888.7222
-252.8067,-877.7291,-246.3080,-887.9232
-251.4774,-876.9597,-244.9663,-887.1246
-250.1553,-876.1728,-243.6242,-886.3225
-248.8314,-875.3834,-242.2766,-885.5239
-247.5046,-874.5937,-240.9417,-884.6998
-246.1844,-873.7865,-239.6041,-883.8774
-244.8548,-872.9867,-238.2728,-883.0444
-243.5328,-872.1685,-236.9419,-882.2101
-242.2000,-871.3634,-235.6097,-881.3702
-240.8755,-870.5409,-234.2776,-880.5255
-239.5503,-869.7149,-232.9440,-879.6777
-238.2165,-868.8963,-231.6194,-878.8135
-236.8905,-868.0607,-230.2935,-877.9485
-235.5647,-867.2200,-228.9731,-877.0724
-234.2321,-866.3846,-227.6549,-876.1922
-232.9076,-865.5335,-226.3393,-875.3087
-231.5785,-864.6898,-225.0290,-874.4128
-230.2610,-863.8305,-223.7156,-873.5157
-228.9366,-862.9813,-222.4077,-872.6109
-227.6241,-862.1158,-221.1007,-871.7033
-226.3138,-861.2457,-219.7977,-870.7942
-224.9980,-860.3838,-218.5008,-869.8786
-223.6950,-859.5064,-217.2019,-868.9613
-222.3861,-858.6404,-215.9034,-868.0391
-221.0892,-857.7574,-214.6066,-867.1153
-219.7946,-856.8716,-213.3104,-866.1909
-218.4943,-855.9941,-212.0181,-865.2621
-217.2051,-855.1009,-210.7267,-864.3324
-215.9078,-854.2178,-209.4386,-863.4029
-214.6224,-853.3190,-208.1532,-862.4685
-213.3389,-852.4184,-206.8682,-861.5341
-212.0482,-851.5283,-205.5852,-860.5976
-210.7690,-850.6222,-204.3042,-859.6604
-209.4817,-849.7286,-203.0232,-858.7216
-208.2064,-848.8195,-201.7437,-857.7808
-206.9200,-847.9253,-200.4647,-856.8412
-205.6447,-847.0161,-199.1910,-855.8959
-204.3707,-846.1060,-197.9158,-854.9517
-203.0862,-845.2109,-196.6445,-854.0031
-201.8133,-844.2988,-195.3748,-853.0570
-200.5291,-843.4034,-194.1078,-852.1061
-199.2568,-842.4926,-192.8405,-851.1553
-197.9751,-841.5966,-191.5749,-850.1993
-196.7051,-840.6852,-190.3101,-849.2426
-195.4357,-839.7735,-189.0459,-848.2859
-194.1556,-838.8760,-187.7891,-847.3204
-192.8883,-837.9624,-186.5309,-846.3575
-191.6113,-837.0635,-185.2764,-845.3863
-190.3478,-836.1480,-184.0210,-844.4148
-189.0804,-835.2370,-182.7698,-843.4398
-187.8070,-834.3325,-181.5213,-842.4649
-186.5431,-833.4152,-180.2762,-841.4900
-185.2788,-832.4992,-179.0367,-840.5089
-184.0269,-831.5679,-177.7960,-839.5284
-182.7734,-830.6398,-176.5585,-838.5421
-181.5344,-829.6925,-175.3232,-837.5564
-180.3035,-828.7351,-174.0903,-836.5702
-179.0689,-827.7828,-172.8641,-835.5770
-177.8490,-826.8137,-171.6357,-834.5840
-176.6175,-825.8603,-170.4104,-833.5851
-175.4005,-824.8899,-169.1853,-832.5854
-174.1853,-823.9175,-167.9630,-831.5850
-172.9620,-822.9555,-166.7459,-830.5771
-171.7516,-821.9775,-165.5293,-829.5723
-170.5442,-820.9959,-164.3194,-828.5620
-169.3283,-820.0263,-163.1083,-827.5501
-168.1247,-819.0427,-161.8986,-826.5354
-166.9157,-818.0655,-160.6978,-825.5129
-165.7217,-817.0727,-159.4942,-824.4906
-164.5331,-816.0735,-158.2967,-823.4620
-163.3380,-815.0805,-157.1031,-822.4356
-162.1550,-814.0724,-155.9141,-821.4098
-160.9667,-813.0720,-154.7308,-820.3776
-159.7931,-812.0573,-153.5433,-819.3436
-158.6153,-811.0503,-152.3585,-818.3000
-157.4514,-810.0281,-151.1750,-817.2546
-156.2842,-809.0096,-149.9940,-816.2091
-155.1314,-807.9742,-148.8259,-815.1528
-153.9833,-806.9341,-147.6574,-814.0987
-152.8338,-805.8959,-146.4993,-813.0354
-151.6983,-804.8433,-145.3416,-811.9709
-150.5595,-803.7949,-144.1866,-810.9048
-149.4363,-802.7305,-143.0438,-809.8250
-148.3087,-801.6731,-141.8960,-808.7480
-147.1971,-800.5982,-140.7628,-807.6577
-146.0801,-799.5315,-139.6284,-806.5660
-144.9795,-798.4473,-138.5006,-805.4694
-143.8836,-797.3599,-137.3852,-804.3588
-142.7846,-796.2766,-136.2675,-803.2519
-141.6988,-795.1806,-135.1568,-802.1383
-140.6082,-794.0906,-134.0442,-801.0284
-139.5318,-792.9874,-132.9400,-799.9090
-138.4481,-791.8927,-131.8355,-798.7910
-137.3784,-790.7825,-130.7401,-797.6688
-136.2957,-789.6862,-129.6467,-796.5481
-135.2265,-788.5754,-128.5588,-795.4253
-134.1488,-787.4749,-127.4716,-794.3014
-133.0848,-786.3602,-126.3881,-793.1769
-132.0287,-785.2381,-125.3110,-792.0471
-130.9616,-784.1276,-124.2340,-790.9184
-129.9119,-783.0000,-123.1597,-789.7892
-128.8375,-781.8976,-122.0863,-788.6607
-127.7761,-780.7837,-121.0111,-787.5331
-126.7057,-779.6796,-119.9430,-786.3988
-125.6480,-778.5627,-118.8741,-785.2677
-124.6000,-777.4372,-117.8089,-784.1331
-123.5424,-776.3208,-116.7430,-783.0019
-122.5036,-775.1873,-115.6809,-781.8664
-121.4443,-774.0742,-114.6179,-780.7331
-120.3964,-772.9505,-113.5580,-779.5978
-119.3428,-771.8339,-112.4958,-778.4638
-118.2931,-770.7133,-111.4374,-777.3280
-117.2522,-769.5853,-110.3770,-776.1944
-116.2212,-768.4479,-109.3201,-775.0582
-115.1867,-767.3146,-108.2607,-773.9248
-114.1541,-766.1805,-107.2050,-772.7882
-113.1342,-765.0343,-106.1475,-771.6547
-112.1070,-763.8944,-105.0947,-770.5191
-111.0939,-762.7421,-104.0411,-769.3846
-110.0638,-761.6080,-102.9858,-768.2497
-109.0532,-760.4560,-101.9300,-767.1158
-108.0098,-759.3349,-100.8740,-765.9833
-106.9881,-758.1938,-99.8262,-764.8444
-105.9417,-757.0765,-98.7743,-763.7087
-104.8966,-755.9580,-97.7282,-762.5684
-103.8674,-754.8250,-96.6817,-761.4293
-102.8242,-753.7057,-95.6331,-760.2916
-101.7823,-752.5853,-94.5873,-759.1523
-100.7576,-751.4495,-93.5379,-758.0171
-99.7154,-750.3294,-92.4939,-756.8781
-98.6747,-749.2082,-91.4492,-755.7397
-97.6509,-748.0718,-90.4008,-754.6057
-96.6094,-746.9525,-89.3570,-753.4666
-95.5687,-745.8318,-88.3137,-752.3296
-94.5443,-744.6966,-87.2671,-751.1969
-93.5028,-743.5767,-86.2260,-750.0608
-92.4805,-742.4395,-85.1854,-748.9267
-91.4381,-741.3213,-84.1414,-747.7963
-90.3970,-740.2020,-83.1026,-746.6634
-89.3736,-739.0665,-82.0653,-745.5337
-88.3314,-737.9473,-81.0260,-744.4098
-87.2911,-736.8276,-79.9924,-743.2819
-86.2690,-735.6931,-78.9587,-742.1555
-85.2292,-734.5749,-77.9219,-741.0336
-84.1909,-733.4557,-76.8924,-739.9089
-83.1711,-732.3221,-75.8617,-738.7844
-82.1341,-731.2056,-74.8270,-737.6637
-81.0988,-730.0883,-73.7992,-736.5394
-80.0823,-728.9563,-72.7706,-735.4156
-79.0476,-727.8414,-71.7385,-734.2968
-78.0151,-726.7261,-70.7126,-733.1736
-77.0025,-725.5946,-69.6867,-732.0517
-75.9697,-724.4820,-68.6569,-730.9350
-74.9390,-723.3688,-67.6334,-729.8141
-73.9288,-722.2385,-66.6099,-728.6946
-72.8973,-721.1280,-65.5825,-727.5807
-71.8676,-720.0165,-64.5628,-726.4638
-70.8592,-718.8875,-63.5432,-725.3484
-69.8292,-717.7786,-62.5189,-724.2391
-68.8014,-716.6693,-61.5015,-723.1241
-67.7956,-715.5415,-60.4845,-722.0111
-66.7672,-714.4350,-59.4626,-720.9038
-65.7409,-713.3279,-58.4478,-719.7919
-64.7371,-712.2017,-57.4336,-718.6818
-63.7103,-711.0974,-56.4192,-717.5730
-62.6862,-709.9929,-55.4002,-716.4676
-61.6645,-708.8881,-54.3866,-715.3578
-60.6622,-707.7679,-53.3720,-714.2482
-59.6401,-706.6669,-52.3532,-713.1433
-58.6206,-705.5655,-51.3396,-712.0334
-57.6208,-704.4485,-50.3252,-710.9239
-56.4878,-703.2283,-49.1943,-709.6972
-55.3577,-702.0071,-48.0697,-708.4656
-54.2461,-700.7706,-46.9460,-707.2365
-53.1160,-699.5523,-45.8182,-706.0126
-51.9884,-698.3326,-44.6973,-704.7855
-50.8781,-697.0991,-43.5766,-703.5601
-49.7502,-695.8827,-42.4517,-702.3396
-48.6442,-694.6485,-41.3335,-701.1154
-47.5163,-693.4353,-40.2152,-699.8926
-46.3912,-692.2212,-39.0932,-698.6746
-45.2869,-690.9901,-37.9775,-697.4537
-44.1620,-689.7791,-36.8616,-696.2337
-43.0400,-688.5671,-35.7418,-695.0186
-41.9384,-687.3381,-34.6287,-693.8005
-40.8158,-686.1294,-33.5155,-692.5836
-39.6960,-684.9198,-32.3990,-691.3724
-38.5966,-683.6938,-31.2884,-690.1568
-37.4763,-682.4876,-30.1720,-688.9480
-36.3584,-681.2800,-29.0658,-687.7363
-35.2606,-680.0561,-27.9603,-686.5265
-34.1427,-678.8520,-26.8477,-685.3230
-33.0277,-677.6467,-25.7440,-684.1137
-31.9335,-676.4243,-24.6409,-682.9065
-30.8172,-675.2225,-23.5342,-681.7067
-29.7036,-674.0196,-22.4355,-680.5035
-28.6108,-672.7998,-21.3323,-679.3054
-27.4962,-671.6012,-20.2345,-678.1039
-26.4045,-670.3828,-19.1356,-676.9093
-25.2895,-669.1865,-18.0426,-675.7141
-24.1779,-667.9891,-16.9459,-674.5220
-23.0865,-666.7751,-15.8535,-673.3272
-21.9756,-665.5807,-14.7577,-672.1357
-20.8680,-664.3858,-13.6594,-670.9438
-19.7791,-663.1758,-12.5662,-669.7477
-18.6718,-661.9841,-11.4685,-668.5575
-17.5676,-660.7917,-10.3759,-667.3619
-16.4803,-659.5852,-9.2842,-666.1681
-15.3759,-658.3955,-8.1896,-664.9813
-14.2926,-657.1877,-7.1021,-663.7918
-13.1878,-656.0005,-6.0115,-662.6100
-12.0857,-654.8122,-4.9282,-661.4243
-11.0031,-653.6071,-3.8405,-660.2455
-9.9007,-652.4213,-2.7612,-659.0640
-8.8008,-651.2344,-1.6827,-657.8842
-7.7197,-650.0315,-0.6001,-656.7105
-6.6197,-648.8478,0.4768,-655.5322
-5.5222,-647.6627,1.5565,-654.3626
-4.4415,-646.4631,2.6299,-653.1878
-3.3435,-645.2813,3.7085,-652.0195
-2.2635,-644.0840,4.7811,-650.8460
-1.1659,-642.9049,5.8530,-649.6742
-0.0705,-641.7245,6.9290,-648.5099
1.0105,-640.5320,7.9996,-647.3397
2.1047,-639.3539,9.0768,-646.1759
3.1967,-638.1750,10.1466,-645.0061
4.2775,-636.9863,11.2153,-643.8381
5.3691,-635.8094,12.2897,-642.6773
6.4489,-634.6217,13.3560,-641.5110
7.5396,-633.4465,14.4298,-640.3518
8.6283,-632.2704,15.4952,-639.1858
9.7077,-631.0865,16.5609,-638.0203
10.7954,-629.9123,17.6332,-636.8624
11.8733,-628.7293,18.6976,-635.6977
12.9600,-627.5567,19.7697,-634.5411
14.0441,-626.3842,20.8352,-633.3750
15.1203,-625.2051,21.9013,-632.2090
16.2033,-624.0347,22.9747,-631.0516
17.2783,-622.8570,24.0396,-629.8864
18.3602,-621.6881,25.1044,-628.7221
19.4406,-620.5188,26.1763,-627.5662
20.5148,-619.3452,27.2406,-626.4014
21.5934,-618.1779,28.3126,-625.2451
22.6666,-617.0058,29.3753,-624.0812
23.7447,-615.8395,30.4443,-622.9263
24.8181,-614.6696,31.5056,-621.7638
25.8945,-613.5040,32.5739,-620.6099
26.9665,-612.3351,33.6341,-619.4482
28.0420,-611.1705,34.7013,-618.2957
29.1139,-610.0032,35.7601,-617.1353
30.1879,-608.8394,36.8267,-615.9838
31.2587,-607.6729,37.8844,-614.8243
32.3316,-606.5102,38.9502,-613.6741
33.4018,-605.3456,40.0071,-612.5156
34.4741,-604.1831,41.0719,-611.3677
35.5430,-603.0200,42.1284,-610.2096
36.6135,-601.8589,43.1942,-609.0633
37.6834,-600.6962,44.2479,-607.9066
38.7535,-599.5337,45.3121,-606.7629
39.8231,-598.3706,46.3623,-605.6053
40.8914,-597.2062,47.4201,-604.4572
41.9582,-596.0421,48.4690,-603.2991
43.0239,-594.8778,49.5245,-602.1490
44.0909,-593.7131,50.5728,-600.9933
45.1575,-592.5479,51.6281,-599.8463
46.2247,-591.3842,52.6861,-598.7031
47.2925,-590.2202,53.7294,-597.5441
48.3589,-589.0546,54.7799,-596.3941
49.4300,-587.8936,55.8263,-595.2403
50.5005,-586.7310,56.8727,-594.0874
51.5761,-585.5741,57.9305,-592.9481
52.6515,-584.4185,58.9851,-591.8054
53.7254,-583.2632,60.0593,-590.6856
54.8160,-582.1278,61.1263,-589.5580
55.9075,-580.9901,62.2276,-588.4725
57.0091,-579.8571,63.3316,-587.3927
58.1101,-578.7246,64.4489,-586.3294
59.2029,-577.5811,65.5727,-585.2748
60.3149,-576.4573,66.6912,-584.2155
61.4302,-575.3344,67.8225,-583.1732
62.5564,-574.2231,68.9579,-582.1381
63.7160,-573.1602,70.0912,-581.1011
64.8776,-572.0988,71.2614,-580.1136
66.0593,-571.0518,72.4213,-579.1164
67.2849,-570.0661,73.6293,-578.1811
68.5190,-569.0798,74.8399,-577.2538
69.7904,-568.1255,76.0594,-576.3439
71.0962,-567.2181,77.3134,-575.4841
72.3947,-566.3178,78.5633,-574.6254
73.6888,-565.4219,79.8300,-573.7920
75.0099,-564.5498,81.0928,-572.9604
76.3164,-563.6848,82.3509,-572.1232
77.6281,-562.8302,83.6200,-571.3064
78.9542,-562.0059,84.8782,-570.4776
80.2678,-561.1826,86.1555,-569.6783
81.5892,-560.3817,87.4249,-568.8715
82.9063,-559.5829,88.7057,-568.0848
84.2210,-558.7948,89.9796,-567.2904
85.5335,-558.0223,91.2517,-566.4947
86.8374,-557.2535,92.5369,-565.7201
88.2713,-556.4163,93.9397,-564.8558
89.7015,-555.5823,95.3549,-564.0134
91.1256,-554.7524,96.7619,-563.1611
92.5465,-553.9276,98.1700,-562.3136
93.9633,-553.1069,99.5809,-561.4731
95.3698,-552.2924,101.0038,-560.6507
96.7676,-551.4849,102.4186,-559.8161
98.1589,-550.6836,103.8435,-558.9966
99.5414,-549.8887,105.2604,-558.1644
100.9183,-549.0971,106.6789,-557.3341
102.2947,-548.3097,108.1020,-556.5116
103.6707,-547.5185,109.5152,-555.6792
105.0430,-546.7378,110.9289,-554.8448
106.4140,-545.9607,112.3466,-554.0166
107.7737,-545.1773,113.7583,-553.1785
109.1414,-544.4013,115.1678,-552.3416
110.4986,-543.6114,116.5770,-551.5066
111.8657,-542.8298,117.9789,-550.6667
113.2318,-542.0489,119.3816,-549.8296
114.5789,-541.2441,120.7756,-548.9835
115.9340,-540.4573,122.1713,-548.1356
117.2666,-539.6440,123.5643,-547.2844
118.6124,-538.8468,124.9513,-546.4269
119.9558,-538.0475,126.3413,-545.5725
121.2632,-537.2096,127.7212,-544.7028
122.5907,-536.3980,129.1028,-543.8311
123.8782,-535.5414,130.4748,-542.9477
125.1857,-534.7124,131.8448,-542.0545
126.4898,-533.8785,133.2116,-541.1585
127.7331,-532.9791,134.5512,-540.2322
129.0123,-532.1160,135.8884,-539.3069
130.2214,-531.1809,137.2193,-538.3732
131.4664,-530.2863,138.5085,-537.3899
132.6350,-529.3177,139.8047,-536.4075
133.8447,-528.3899,141.0867,-535.4156
135.0383,-527.4475,142.3016,-534.3565
136.1337,-526.4133,143.5208,-533.3056
137.2868,-525.4367,144.7291,-532.2385
138.3294,-524.3623,145.8686,-531.1111
139.4379,-523.3501,147.0192,-529.9944
140.5250,-522.3220,148.1250,-528.8408
141.5821,-521.0933,149.3158,-527.5875
142.7216,-519.9401,150.4895,-526.3173
143.7135,-518.6696,151.6371,-525.0390
144.8168,-517.4902,152.7281,-523.7321
145.8890,-516.2870,153.8241,-522.4331
146.8025,-514.9623,154.9064,-521.1250
147.8389,-513.7338,155.9465,-519.7756
148.8498,-512.4849,156.9858,-518.4371
149.7016,-511.1202,158.0089,-517.0883
150.6850,-509.8514,158.9935,-515.7032
151.6319,-508.5564,159.9819,-514.3163
152.4357,-507.1626,160.9551,-512.9230
153.3586,-505.8494,161.8771,-511.4994
154.1161,-504.4263,162.7953,-510.0785
155.0156,-503.0953,163.6967,-508.6484
155.8855,-501.7424,164.5804,-507.2138
156.6177,-500.3026,165.4121,-505.7435
157.4679,-498.9359,166.2548,-504.2805
158.2925,-497.5521,167.0810,-502.8093
158.9981,-496.0972,167.8649,-501.3128
159.8052,-494.7030,168.6620,-499.8197
160.5882,-493.2943,169.4498,-498.3225
161.2710,-491.8285,170.2004,-496.8099
162.0459,-490.4133,170.9592,-495.3102
162.8002,-488.9845,171.7115,-493.8155
163.4628,-487.5050,172.4276,-492.3056
164.2116,-486.0706,173.1568,-490.8026
164.8486,-484.5778,173.8657,-489.2816
165.5843,-483.1375,174.5784,-487.7540
166.2973,-481.6847,175.2833,-486.2224
166.9115,-480.1806,175.9573,-484.6795
167.6079,-478.7167,176.6280,-483.1375
168.2895,-477.2433,177.2879,-481.5923
168.8730,-475.7223,177.9379,-480.0398
169.5319,-474.2361,178.5317,-478.4613
170.1243,-472.8679,179.0897,-477.0179
170.6261,-471.4556,179.6076,-475.5601
171.1948,-470.0734,180.1239,-474.1018
171.6709,-468.6487,180.6322,-472.6409
172.2115,-467.2532,181.0998,-471.1580
172.6595,-465.8171,181.5716,-469.6777
173.1689,-464.4063,182.0296,-468.1954
173.6619,-462.9867,182.4518,-466.7016
174.0646,-461.5265,182.8810,-465.2161
174.5233,-460.0921,183.2879,-463.7157
174.8911,-458.6209,183.6947,-462.2140
175.3075,-457.1690,184.0972,-460.7133
175.7094,-455.7107,184.4698,-459.2020
176.0211,-454.2156,184.8463,-457.6942
176.3787,-452.7390,185.2056,-456.1796
176.6668,-451.2334,185.5579,-454.6650
176.9943,-449.7430,185.9063,-453.1477
177.2650,-448.2325,186.2362,-451.6216
177.5685,-446.7374,186.5635,-450.0912
177.8544,-445.2406,186.8859,-448.5555
178.1134,-443.7345,187.1941,-447.0147
178.3968,-442.2358,187.4982,-445.4747
178.6543,-440.7273,187.8012,-443.9348
178.9322,-439.2307,188.0908,-442.3878
179.2026,-437.7380,188.3786,-440.8372
179.4596,-436.2444,188.6731,-439.2886
179.7297,-434.7547,188.9531,-437.7369
179.9873,-433.2602,189.2411,-436.1885
180.2564,-431.7734,189.5005,-434.6309
180.5222,-430.2855,189.7447,-433.0696
180.7859,-428.7942,190.0732,-431.5349
181.0559,-427.2997,190.3624,-429.9896
181.3242,-425.8013,190.7128,-428.4615
181.5966,-424.3069,191.0229,-426.9206
181.8675,-422.8123,191.3325,-425.3786
182.1436,-421.3191,191.7074,-423.8531
182.4218,-419.8179,192.0324,-422.3147
182.6996,-418.3085,192.4344,-420.7959
182.9928,-416.7889,192.7853,-419.2645
183.2865,-415.2512,193.1511,-417.7379
183.5918,-413.7034,193.5664,-416.2236
183.8999,-412.1457,193.9351,-414.6968
184.2116,-410.5846,194.3650,-413.1842
184.5520,-409.0243,194.7477,-411.6585
184.8929,-407.4594,195.1421,-410.1341
185.2452,-405.8823,195.5974,-408.6261
185.6434,-404.3059,196.0118,-407.1076
186.0420,-402.7233,196.4793,-405.6020
186.4540,-401.1453,196.9067,-404.0821
186.9225,-399.5845,197.3339,-402.5608
187.3939,-398.0151,197.8755,-401.0728
187.8889,-396.4380,198.3729,-399.5715
188.4489,-394.8788,198.9515,-398.0930
189.0131,-393.3260,199.4986,-396.6040
189.5998,-391.7846,200.0509,-395.1131
190.2486,-390.2562,200.6998,-393.6532
190.9153,-388.7066,201.3089,-392.1885
191.6049,-387.1639,202.0283,-390.7621
192.3154,-385.6354,202.7282,-389.3291
193.0886,-384.1427,203.4577,-387.9030
193.8576,-382.6426,204.2240,-386.4951
194.6457,-381.1631,204.9719,-385.0750
195.4923,-379.6988,205.7300,-383.6638
196.3347,-378.2290,206.5285,-382.2724
197.2104,-376.7598,207.3085,-380.8826
198.1192,-375.3057,208.1143,-379.5082
199.0269,-373.8580,208.9093,-378.1289
199.9304,-372.4155,209.7102,-376.7511
200.8339,-370.9815,210.5321,-375.3790
201.7369,-369.5509,211.3429,-374.0014
202.6577,-368.1360,212.1528,-372.6183
203.5787,-366.7255,212.9654,-371.2331
204.5061,-365.3220,213.8246,-369.8667
205.4038,-363.9062,214.6735,-368.4931
206.3047,-362.4931,215.5438,-367.1278
207.2033,-361.0802,216.4064,-365.7561
208.0673,-359.6493,217.2630,-364.3795
208.9332,-358.2183,218.1435,-363.0145
209.8017,-356.7868,219.0118,-361.6429
210.5955,-355.4860,219.8310,-360.4116
211.4017,-354.1930,220.6417,-359.1718
212.2303,-352.9115,221.4694,-357.9398
213.0561,-351.6259,222.2875,-356.7038
213.8967,-350.3479,223.0920,-355.4584
214.7347,-349.0693,223.9227,-354.2236
215.5854,-347.7979,224.7272,-352.9704
216.4352,-346.5240,225.5818,-351.7456
217.2989,-345.2566,226.4212,-350.5124
218.1666,-343.9910,227.2840,-349.2904
219.0349,-342.7255,228.1431,-348.0635
219.9119,-341.4654,229.0053,-346.8333
220.7784,-340.1972,229.8595,-345.5982
221.6544,-338.9329,230.7219,-344.3682
222.5215,-337.6623,231.5774,-343.1316
223.3992,-336.3969,232.4415,-341.8986
224.2679,-335.1242,233.3067,-340.6650
225.1486,-333.8583,234.1644,-339.4220
226.0182,-332.5845,235.0320,-338.1837
226.8867,-331.3083,235.8921,-336.9371
227.7719,-330.0406,236.7608,-335.6964
228.6418,-328.7619,237.6224,-334.4486
229.5277,-327.4924,238.4943,-333.2029
230.3990,-326.2121,239.3680,-331.9554
231.2855,-324.9403,240.2350,-330.6992
232.1595,-323.6594,241.1135,-329.4440
233.0321,-322.3758,241.9849,-328.1818
233.9252,-321.1043,242.8672,-326.9209
234.8003,-319.8193,243.7433,-325.6526
235.6957,-318.5446,244.6258,-324.3918
236.5746,-317.2572,245.5094,-323.1299
237.4732,-315.9803,246.3855,-321.8632
238.3545,-314.6901,247.2697,-320.6002
239.2547,-313.4109,248.1491,-319.3296
240.1377,-312.1184,249.0365,-318.0613
241.0189,-310.8231,249.9192,-316.7859
241.9234,-309.5418,250.8107,-315.5117
242.8072,-308.2450,251.7044,-314.2349
243.7137,-306.9614,252.5924,-312.9525
244.6001,-305.6627,253.4885,-311.6717
245.5086,-304.3770,254.3800,-310.3842
246.3970,-303.0758,255.2789,-309.0993
247.3064,-301.7867,256.1715,-307.8109
248.1979,-300.4830,257.0708,-306.5259
249.0875,-299.1759,257.9708,-305.2405
250.0048,-297.8856,258.8653,-303.9500
250.8970,-296.5758,259.7652,-302.6640
251.8191,-295.2842,260.6594,-301.3738
252.7090,-293.9682,261.5589,-300.0880
253.6175,-292.6628,262.4538,-298.7976
254.5200,-291.3514,263.3556,-297.5081
255.4124,-290.0309,264.2535,-296.2144
256.3554,-288.7432,265.1554,-294.9234
257.3114,-287.4626,266.0540,-293.6278
258.2668,-286.1803,266.9566,-292.3356
259.2543,-284.9190,267.8603,-291.0427
260.1933,-283.6208,268.7583,-289.7485
261.1563,-282.3389,269.6637,-288.4525
262.0932,-281.0379,270.5706,-287.1455
263.0533,-279.7525,271.4866,-285.8348
263.9952,-278.4524,272.4014,-284.5176
264.9631,-277.1691,273.3201,-283.2022
265.9061,-275.8665,274.2369,-281.8809
266.8757,-274.5813,275.1599,-280.5601
267.8204,-273.2765,276.0816,-279.2335
268.7981,-271.9933,277.0070,-277.9089
269.7401,-270.6822,277.9284,-276.5828
270.7256,-269.4004,278.8532,-275.2586
271.6545,-268.0761,279.7763,-273.9298
272.6186,-266.7754,280.7049,-272.6015
273.5430,-265.4445,281.6311,-271.2698
274.4991,-264.1343,282.5571,-269.9377
275.4258,-262.8013,283.4875,-268.6058
276.3834,-261.4887,284.4160,-267.2710
277.3142,-260.1552,285.3488,-265.9352
278.2720,-258.8386,286.2768,-264.5992
279.2179,-257.5115,287.2083,-263.2671
280.1958,-256.2059,288.1384,-261.9307
281.1379,-254.8731,289.0700,-260.5911
282.1131,-253.5629,290.0064,-259.2518
283.0691,-252.2367,290.9408,-257.9103
283.9845,-250.8795,291.8772,-256.5699
284.9279,-249.5406,292.8112,-255.2264
285.8489,-248.1835,293.7493,-253.8844
286.7989,-246.8451,294.6832,-252.5427
287.7480,-245.5034,295.6175,-251.2050
288.6753,-244.1441,296.5491,-249.8647
289.6301,-242.8021,297.4821,-248.5297
290.5595,-241.4399,298.4143,-247.1908
291.5160,-240.0952,299.3477,-245.8547
292.4473,-238.7303,300.2804,-244.5145
293.4033,-237.3824,301.2149,-243.1712
294.3589,-236.0327,302.1543,-241.8266
295.2940,-234.6663,303.0931,-240.4790
296.2496,-233.3138,304.0356,-239.1295
297.1861,-231.9462,304.9791,-237.7741
298.1432,-230.5933,305.9271,-236.4165
299.1001,-229.2390,306.8752,-235.0542
300.0404,-227.8716,307.8278,-233.6907
300.9986,-226.5165,308.7806,-232.3233
301.9549,-225.1590,309.7349,-230.9542
302.8975,-223.7898,310.6908,-229.5843
303.8560,-222.4315,311.6471,-228.2107
304.7993,-221.0615,312.6073,-226.8355
305.7600,-219.7032,313.5673,-225.4572
306.6251,-218.4805,314.4344,-224.2158
307.4761,-217.2461,315.3000,-222.9732
308.3424,-216.0218,316.1662,-221.7297
309.1942,-214.7853,317.0339,-220.4874
310.0615,-213.5593,317.9017,-219.2431
310.9279,-212.3315,318.7707,-217.9986
311.7801,-211.0930,319.6405,-216.7508
312.6465,-209.8637,320.5117,-215.5036
313.4994,-208.6234,321.3833,-214.2557
314.3671,-207.3929,322.2553,-213.0056
315.2299,-206.1579,323.1290,-211.7557
316.0907,-204.9207,324.0028,-210.5043
316.9712,-203.6960,324.8772,-209.2519
317.8181,-202.4463,325.7516,-207.9995
318.6840,-201.2083,326.6257,-206.7470
319.4940,-199.9308,327.5017,-205.4931
320.2956,-198.6466,328.3782,-204.2380
321.0866,-197.3540,329.2546,-202.9823
321.9436,-196.1061,330.1312,-201.7254
322.8140,-194.8663,331.0094,-200.4679
323.7063,-193.6400,331.8879,-199.2092
324.5775,-192.3983,332.7676,-197.9499
325.4630,-191.1643,333.6460,-196.6904
326.3367,-189.9213,334.5256,-195.4294
327.2262,-188.6879,335.4076,-194.1682
328.0999,-187.4428,336.2885,-192.9047
328.9913,-186.2080,337.1709,-191.6406
329.8816,-184.9712,338.0534,-190.3756
330.7638,-183.7277,338.9380,-189.1101
331.6651,-182.4951,339.8210,-187.8429
332.5433,-181.2467,340.7065,-186.5739
333.4418,-180.0104,341.5942,-185.3032
334.3337,-178.7683,342.4783,-184.0294
335.1950,-177.5047,343.3648,-182.7568
336.0795,-176.2547,344.2488,-181.4815
336.9382,-174.9869,345.1371,-180.2066
337.8247,-173.7350,346.0197,-178.9291
338.6786,-172.4613,346.9066,-177.6536
339.5625,-171.2060,347.7885,-176.3714
340.4062,-169.9245,348.6740,-175.0923
341.2741,-168.6578,349.5526,-173.8091
342.1092,-167.3700,350.4339,-172.5297
342.9700,-166.0974,351.3071,-171.2482
343.8358,-164.8279,352.1827,-169.9688
344.6637,-163.5351,353.0586,-168.6882
345.5260,-162.2630,353.9207,-167.4025
346.3451,-160.9638,354.7865,-166.1236
347.1959,-159.6843,355.6412,-164.8367
348.0047,-158.3796,356.5012,-163.5508
348.8446,-157.0941,357.3502,-162.2567
349.6830,-155.8081,358.2027,-160.9619
350.4728,-154.4936,359.0554,-159.6629
351.3004,-153.2018,359.8904,-158.3539
352.0770,-151.8802,360.7361,-157.0455
352.8931,-150.5819,361.5595,-155.7279
353.7064,-149.2816,362.3865,-154.4158
354.4621,-147.9474,363.2057,-153.1004
355.2606,-146.6386,363.9963,-151.7672
356.0028,-145.2972,364.7976,-150.4395
356.7863,-143.9803,365.5760,-149.0988
357.5618,-142.6594,366.3621,-147.7595
358.2790,-141.3050,367.1292,-146.4099
359.0391,-139.9759,367.8991,-145.0614
359.7452,-138.6158,368.6651,-143.7137
360.4914,-137.2785,369.4043,-142.3574
361.2317,-135.9374,370.1479,-141.0110
361.9225,-134.5686,370.8746,-139.6515
362.6496,-133.2222,371.6095,-138.2871
363.3318,-131.8513,372.3430,-136.9169
364.0471,-130.5002,373.0554,-135.5321
364.7203,-129.1260,373.7763,-134.1531
365.4242,-127.7698,374.4782,-132.7629
366.1241,-126.4120,375.1851,-131.3775
366.7831,-125.0323,375.8890,-129.9911
367.4727,-123.6700,376.5690,-128.5929
368.1245,-122.2875,377.2583,-127.2021
368.8053,-120.9218,377.9287,-125.8000
369.4810,-119.5542,378.6062,-124.4014
370.1193,-118.1670,379.2670,-122.9960
370.7855,-116.7958,379.9322,-121.5924
371.4143,-115.4053,380.5968,-120.1900
372.0711,-114.0300,381.2424,-118.7783
372.7236,-112.6531,381.8970,-117.3714
373.3381,-111.2580,382.5366,-115.9551
373.9828,-109.8793,383.1849,-114.5434
374.5849,-108.4796,383.8147,-113.1236
375.2147,-107.0950,384.4514,-111.7070
375.7995,-105.6884,385.0705,-110.2835
376.4050,-104.2933,385.6930,-108.8615
377.0051,-102.8966,386.3126,-107.4385
377.5474,-101.4733,386.9003,-105.9992
378.1176,-100.0646,387.4955,-104.5654
378.6395,-98.6342,388.0657,-103.1196
379.1859,-97.2161,388.6360,-101.6764
379.6861,-95.7775,389.1970,-100.2300
380.2075,-94.3499,389.7339,-98.7739
380.7167,-92.9182,390.2760,-97.3207
381.2065,-91.4778,390.8046,-95.8646
381.7161,-90.0474,391.3353,-94.4111
382.2001,-88.6067,391.8629,-92.9573
382.7025,-87.1746,392.3726,-91.4978
383.2011,-85.7406,392.8860,-90.0430
383.6762,-84.2965,393.3887,-88.5851
384.1688,-82.8622,393.8940,-87.1276
384.6417,-81.4199,394.4013,-85.6724
385.1332,-79.9867,394.8996,-84.2142
385.6038,-78.5438,395.4035,-82.7610
386.0918,-77.1112,395.8961,-81.3022
386.5575,-75.6689,396.3912,-79.8465
387.0389,-74.2338,396.8802,-78.3892
387.5177,-72.7967,397.3693,-76.9344
387.9839,-71.3536,397.8576,-75.4815
388.4652,-69.9171,398.3459,-74.0291
388.9299,-68.4759,398.8362,-72.5770
389.4094,-67.0416,399.3212,-71.1233
389.8871,-65.6066,399.8065,-69.6708
390.3516,-64.1662,400.2906,-68.2189
390.8301,-62.7322,400.7738,-66.7673
391.2944,-61.2923,401.2583,-65.3170
391.7712,-59.8583,401.7414,-63.8666
392.2365,-58.4206,402.2263,-62.4170
392.7143,-56.9875,402.7086,-60.9675
393.1820,-55.5506,403.1943,-59.5198
393.6621,-54.1194,403.6772,-58.0715
394.1305,-52.6841,404.1630,-56.6245
394.6116,-51.2544,404.6451,-55.1765
395.0796,-49.8184,405.1283,-53.7301
395.5603,-48.3874,405.6124,-52.2848
396.0288,-46.9520,406.0935,-50.8385
396.5096,-45.5212,406.5781,-49.3942
396.9889,-44.0916,407.0596,-47.9483
397.4592,-42.6596,407.5450,-46.5040
397.9399,-41.2293,408.0266,-45.0596
398.4114,-39.7929,408.5108,-43.6178
398.8913,-38.3626,408.9906,-42.1735
399.3629,-36.9278,409.4756,-40.7319
399.8453,-35.4944,409.9549,-39.2899
400.3177,-34.0554,410.4391,-37.8509
400.8003,-32.6206,410.9172,-36.4097
401.2735,-31.1814,411.4010,-34.9710
401.7577,-29.7445,411.8782,-33.5308
402.2319,-28.3024,412.3612,-32.0934
402.7144,-26.8641,412.8381,-30.6537
403.1877,-25.4249,413.3223,-29.2159
403.6695,-23.9879,413.8001,-27.7762
404.1430,-22.5478,414.2845,-26.3391
404.6251,-21.1104,414.7614,-24.8993
405.1065,-19.6741,415.2379,-23.4584
405.5798,-18.2350,415.7227,-22.0197
406.0606,-16.7986,416.2012,-20.5787
406.5344,-15.3590,416.6857,-19.1397
407.0155,-13.9222,417.1626,-17.6974
407.4889,-12.4839,417.6484,-16.2577
407.9695,-11.0492,418.1259,-14.8144
408.4422,-9.6111,418.6125,-13.3742
408.9229,-8.1752,419.0891,-11.9302
409.3953,-6.7362,419.5756,-10.4896
409.8752,-5.3018,420.0501,-9.0436
410.3464,-3.8648,420.5377,-7.6020
410.8262,-2.4295,421.0125,-6.1559
411.2983,-0.9907,421.4997,-4.7141
411.7774,0.4443,421.9743,-3.2672
412.2496,1.8818,422.4620,-1.8246
412.7294,3.3168,422.9365,-0.3771
413.2017,4.7554,423.4241,1.0658
413.6805,6.1905,423.8987,2.5139
414.1535,7.6292,424.3866,3.9572
414.6326,9.0638,424.8609,5.4060
415.1047,10.5000,425.3497,6.8498
415.5836,11.9343,425.8412,8.2930
416.0559,13.3722,426.3144,9.7426
416.5365,14.8097,426.8056,11.1857
417.0076,16.2499,427.2777,12.6359
417.4854,17.6883,427.7682,14.0799
417.9562,19.1298,428.2386,15.5310
418.4321,20.5678,428.7293,16.9755
418.9035,22.0099,429.1995,18.4270
419.3810,23.4508,429.6901,19.8714
419.8532,24.8953,430.1603,21.3229
420.3312,26.3375,430.6513,22.7674
420.8032,27.7814,431.1214,24.2195
421.2820,29.2249,431.6131,25.6642
421.7546,30.6719,432.0838,27.1161
422.2329,32.1177,432.5749,28.5613
422.7063,33.5654,433.0447,30.0142
423.1853,35.0113,433.5362,31.4597
423.6591,36.4594,434.0070,32.9127
424.1384,37.9041,434.4982,34.3591
424.6110,39.3508,434.9676,35.8133
425.0893,40.7968,435.4597,37.2598
425.5626,42.2452,435.9305,38.7137
426.0353,43.6937,436.4221,40.1608
426.5142,45.1395,436.8923,41.6155
426.9868,46.5880,437.3841,43.0630
427.4658,48.0348,437.8793,44.5096
427.9385,49.4835,438.3467,45.9659
428.4176,50.9310,438.8419,47.4129
428.8903,52.3798,439.3097,48.8695
429.3693,53.8266,439.8046,50.3174
429.8423,55.2761,440.2724,51.7744
430.3214,56.7236,440.7669,53.2227
430.7948,58.1740,441.2352,54.6800
431.2741,59.6230,441.7296,56.1286
431.7481,61.0749,442.1983,57.5859
432.2279,62.5250,442.6930,59.0348
432.7022,63.9768,443.1617,60.4927
433.1820,65.4276,443.6568,61.9419
433.6573,66.8801,444.1271,63.3997
434.1384,68.3310,444.6213,64.8496
434.6140,69.7845,445.1190,66.2985
435.0945,71.2354,445.5853,67.7581
435.5704,72.6878,446.0832,69.2075
436.0459,74.1403,446.5509,70.6672
436.5282,75.5912,447.0483,72.1171
437.0036,77.0446,447.5175,73.5765
437.4857,78.4961,448.0140,75.0272
437.9614,79.9499,448.4834,76.4871
438.4435,81.4022,448.9793,77.9385
438.9199,82.8569,449.4510,79.3979
439.4023,84.3095,449.9456,80.8502
439.8790,85.7646,450.4434,82.3015
440.3614,87.2172,450.9116,83.7628
440.8381,88.6725,451.4087,85.2148
441.3142,90.1277,451.8784,86.6760
441.7973,91.5813,452.3746,88.1287
442.2740,93.0382,452.8451,89.5899
442.7573,94.4928,453.3401,91.0434
443.2343,95.9496,453.8118,92.5047
443.7177,97.4047,454.3052,93.9591
444.1953,98.8623,454.8018,95.4126
444.6795,100.3180,455.2705,96.8752
445.1572,101.7764,455.7660,98.3295
445.6343,103.2349,456.2358,99.7922
446.1186,104.6911,456.7303,101.2472
446.5964,106.1498,457.2012,102.7100
447.0812,107.6060,457.6953,104.1655
447.5585,109.0646,458.1921,105.6204
448.0426,110.5227,458.6614,107.0842
448.5213,111.9832,459.1572,108.5395
449.0066,113.4416,459.6283,110.0029
449.4846,114.9012,460.1231,111.4590
449.9624,116.3620,460.5958,112.9221
450.4470,117.8192,461.0895,114.3791
450.9252,119.2803,461.5858,115.8353
451.4111,120.7396,462.0546,117.3003
451.8889,122.2004,462.5494,118.7577
452.3737,123.6604,463.0202,120.2227
452.8517,125.1218,463.5119,121.6812
453.3362,126.5806,463.9813,123.1472
453.8142,128.0432,464.4722,124.6064
454.2919,129.5064,464.9427,126.0722
454.7765,130.9669,465.4328,127.5321
455.2546,132.4291,465.9253,128.9916
455.7394,133.8894,466.3942,130.4587
456.2183,135.3536,466.8855,131.9185
456.7029,136.8139,467.3558,133.3857
457.1812,138.2764,467.8469,134.8462
457.6664,139.7380,468.3189,136.3128
458.1445,141.2008,468.8093,137.7740
458.6226,142.6649,469.3022,139.2344
459.1074,144.1261,469.7719,140.7023
459.5856,145.5896,470.2643,142.1634
460.0710,147.0515,470.7355,143.6314
460.5502,148.5167,471.2265,145.0929
461.0365,149.9801,471.6982,146.5608
461.5162,151.4455,472.1875,148.0236
462.0023,152.9086,472.6593,149.4920
462.4823,154.3745,473.1474,150.9554
462.9615,155.8392,473.6379,152.4182
463.4481,157.3020,474.1076,153.8878
463.9272,158.7667,474.5977,155.3513
464.4133,160.2302,475.0694,156.8206
464.8935,161.6964,475.5586,158.2845
465.3805,163.1595,476.0500,159.7480
465.8602,164.6246,476.5204,161.2186
466.3399,166.0916,477.0105,162.6828
466.8269,167.5561,477.4816,164.1533
467.3075,169.0246,477.9708,165.6179
467.7946,170.4897,478.4443,167.0879
468.2744,171.9554,478.9324,168.5537
468.7538,173.4217,479.4229,170.0187
469.2404,174.8852,479.8946,171.4900
469.7215,176.3537,480.3847,172.9551
470.2093,177.8186,480.8571,174.4262
470.6912,179.2881,481.3468,175.8915
471.1788,180.7537,481.8387,177.3567
471.6610,182.2213,482.3096,178.8289
472.1427,183.6891,482.8002,180.2948
472.6326,185.1552,483.2729,181.7664
473.1149,186.6240,483.7623,183.2328
473.6047,188.0913,484.2536,184.6987
474.0878,189.5612,484.7258,186.1701
474.5697,191.0291,485.2161,187.6370
475.0598,192.4955,485.7083,189.1031
475.5415,193.9620,486.1793,190.5762
476.0231,195.4303,486.6702,192.0434
476.5137,196.8971,487.1435,193.5161
476.9962,198.3670,487.6330,194.9831
477.4866,199.8347,488.1248,196.4495
477.9697,201.3069,488.5977,197.9216
478.4521,202.7793,489.0878,199.3883
478.9429,204.2482,489.5601,200.8612
479.4259,205.7200,490.0501,202.3286
479.9168,207.1903,490.5421,203.7954
480.4008,208.6632,491.0127,205.2690
480.8842,210.1361,491.5069,206.7353
481.3764,211.6069,492.0027,208.2008
481.8601,213.0788,492.4774,209.6734
482.3521,214.5481,492.9731,211.1391
482.8360,216.0201,493.4521,212.6096
483.3192,217.4916,493.9461,214.0750
483.8108,218.9601,494.4417,215.5394
484.2942,220.4312,494.9192,217.0087
484.7765,221.9011,495.4136,218.4722
485.2673,223.3670,495.9097,219.9345
485.7494,224.8340,496.3871,221.4020
486.2395,226.2977,496.8812,222.8632
486.7209,227.7625,497.3609,224.3280
487.2019,229.2278,497.8526,225.7874
487.6905,230.6883,498.3458,227.2454
488.1712,232.1502,498.8230,228.7074
488.6513,233.6123,499.3139,230.1630
489.1402,235.0703,499.8059,231.6166
489.6199,236.5301,500.2810,233.0738
490.0983,237.9881,500.7706,234.5246
490.5856,239.4407,501.2613,235.9728
491.0628,240.8947,501.7339,237.4236
491.5480,242.3424,502.2207,238.8664
492.0232,243.7900,502.6934,240.3094
492.4964,245.2338,503.1755,241.7449
492.9774,246.6704,503.6575,243.1754
493.4484,248.1058,504.1237,244.6060
493.9173,249.5368,504.6014,246.0281
494.4463,251.1190,505.1324,247.6027
494.9644,252.6990,505.6456,249.1775
495.4892,254.2700,506.1722,250.7425
496.0041,255.8389,506.6838,252.3067
496.5166,257.4027,507.2056,253.8618
497.0368,258.9583,507.7277,255.4110
497.5461,260.5111,508.2325,256.9605
498.0621,262.0559,508.7504,258.5002
498.5681,263.5971,509.2686,260.0349
499.0719,265.1338,509.7674,261.5701
499.5833,266.6623,510.2809,263.0951
500.0841,268.1885,510.7779,264.6200
500.5917,269.7062,511.2872,266.1356
501.0894,271.2225,511.7966,267.6454
501.5849,272.7341,512.2880,269.1560
502.0867,274.2365,512.7934,270.6568
502.5796,275.7373,513.2832,272.1571
503.0705,277.2346,513.7847,273.6478
503.5687,278.7226,514.2864,275.1335
504.0565,280.2096,514.7717,276.6192
504.5511,281.6888,515.2692,278.0957
505.0358,283.1661,515.7668,279.5665
505.5187,284.6396,516.2461,281.0381
506.0082,286.1041,516.7403,282.5000
506.4888,287.5681,517.2189,283.9612
506.9762,289.0257,517.7086,285.4132
507.4537,290.4796,518.1986,286.8605
507.9293,291.9299,518.6708,288.3086
508.4123,293.3726,519.1565,289.7469
508.8849,294.8132,519.6266,291.1855
509.3636,296.2461,520.1087,292.6151
509.8333,297.6766,520.5911,294.0396
510.3477,299.2450,521.1043,295.6068
510.8683,300.8029,521.6301,297.1642
511.3788,302.3597,522.1410,298.7201
511.8953,303.9088,522.6613,300.2668
512.4036,305.4553,523.1816,301.8073
512.9172,306.9930,523.6840,303.3484
513.4217,308.5273,524.1980,304.8797
513.9310,310.0556,524.6980,306.4094
514.4329,311.5796,525.2029,307.9319
514.9319,313.0971,525.6951,309.4532
515.4367,314.6082,526.1942,310.9659
515.9327,316.1165,526.6788,312.4780
516.4340,317.6173,527.1757,313.9803
516.9272,319.1154,527.6587,315.4813
517.4255,320.6055,528.1517,316.9732
517.9149,322.0931,528.6305,318.4644
518.4098,323.5746,529.1203,319.9457
518.8966,325.0537,529.5961,321.4262
519.3876,326.5232,530.0826,322.8981
519.8707,327.9906,530.5561,324.3688
520.3587,329.4503,531.0387,325.8309
520.8382,330.9072,531.5216,327.2875
521.3231,332.3584,531.9870,328.7440
521.7995,333.8055,532.4676,330.1901
522.2809,335.2465,532.9312,331.6365
522.7544,336.6847,533.4102,333.0721
523.2319,338.1166,533.8736,334.5076
523.7021,339.5443,534.3506,335.9334
524.2191,341.0959,534.8558,337.4874
524.7286,342.6426,535.3727,339.0314
525.2413,344.1791,535.8734,340.5751
525.7469,345.7153,536.3738,342.1120
526.2558,347.2412,536.8832,343.6401
526.7617,348.7614,537.3784,345.1671
527.2623,350.2795,537.8848,346.6835
527.7664,351.7889,538.3767,348.1991
528.2624,353.2955,538.8799,349.7045
528.7619,354.7941,539.3685,351.2090
529.2546,356.2903,539.8677,352.7036
529.7509,357.7775,540.3517,354.1975
530.2390,359.2626,540.8467,355.6815
530.7312,360.7397,541.3257,357.1651
531.2147,362.2139,541.8172,358.6385
531.7026,363.6813,542.2919,360.1115
532.1828,365.1440,542.7800,361.5743
532.6673,366.5993,543.2513,363.0369
533.1440,368.0520,543.7360,364.4890
533.6248,369.4963,544.2034,365.9415
534.1043,370.9355,544.6850,367.3834
534.5761,372.3734,545.1487,368.8250
535.0507,373.8034,545.6270,370.2564
535.5191,375.2292,546.0873,371.6882
536.0297,376.7659,546.6013,373.2281
536.5337,378.2997,547.0965,374.7677
537.0417,379.8267,547.5896,376.3027
537.5415,381.3496,548.1024,377.8262
538.0453,382.8672,548.5993,379.3497
538.5429,384.3825,549.1109,380.8635
539.0441,385.8902,549.6065,382.3782
539.5437,387.3954,550.1168,383.8832
540.0372,388.8989,550.6107,385.3892
540.5341,390.3967,551.1054,386.8909
541.0250,391.8915,551.6107,388.3850
541.5203,393.3818,552.1015,389.8794
542.0088,394.8709,552.6048,391.3653
542.5011,396.3529,553.0930,392.8526
542.9920,397.8314,553.5945,394.3313
543.4768,399.3072,554.0807,395.8111
543.9653,400.7776,554.5801,397.2826
544.4480,402.2476,555.0622,398.7566
544.9345,403.7131,555.5597,400.2235
545.4207,405.1781,556.0361,401.6957
545.9038,406.6444,556.5315,403.1615
546.3945,408.1125,557.0072,404.6335
546.8793,409.5836,557.5016,406.1003
547.3633,411.0542,557.9810,407.5735
547.8566,412.5281,558.4748,409.0423
548.3432,414.0057,558.9714,410.5119
548.8379,415.4840,559.4492,411.9895
549.3262,416.9666,559.9469,413.4629
549.8218,418.4497,560.4277,414.9445
550.3127,419.9392,560.9259,416.4231
550.8112,421.4299,561.4097,417.9098
551.3039,422.9253,561.9088,419.3954
551.8044,424.4247,562.3957,420.8884
552.3015,425.9324,562.8955,422.3800
552.8065,427.4438,563.3826,423.8799
553.3078,428.9647,563.8850,425.3775
553.8150,430.4859,564.3751,426.8839
554.3186,432.0125,564.8801,428.3892
554.8280,433.5385,565.3894,429.8976
555.3319,435.0661,565.8809,431.4171
555.8420,436.5898,566.3934,432.9344
556.3444,438.1169,566.8876,434.4630
556.8534,439.6444,567.4026,435.9881
557.3567,441.1756,567.8984,437.5242
557.8666,442.7080,568.4153,439.0562
558.3718,444.2451,568.9118,440.5985
558.8836,445.7823,569.4122,442.1423
559.3887,447.3213,569.9291,443.6838
559.8609,448.7426,570.4098,445.1073
560.3290,450.1675,570.8692,446.5399
560.8030,451.5892,571.3513,447.9670
561.2710,453.0156,571.8121,449.4026
561.7451,454.4392,572.2947,450.8327
562.2128,455.8667,572.7563,452.2711
562.6813,457.2983,573.2395,453.7029
563.1563,458.7268,573.7020,455.1429
563.6241,460.1585,574.1852,456.5765
564.0985,461.5880,574.6473,458.0180
564.5668,463.0209,575.1310,459.4523
565.0423,464.4528,575.5945,460.8935
565.5103,465.8855,576.0776,462.3287
565.9852,467.3170,576.5413,463.7702
566.4540,468.7516,577.0236,465.2055
566.9295,470.1834,577.5089,466.6391
567.3973,471.6160,577.9686,468.0810
567.8726,473.0460,578.4530,469.5128
568.3387,474.4766,578.9120,470.9511
568.8114,475.9048,579.3946,472.3782
569.2762,477.3320,579.8531,473.8100
569.7777,478.8737,580.3728,475.3491
570.2863,480.4112,580.8684,476.8902
570.7848,481.9448,581.3844,478.4184
571.2891,483.4708,581.8773,479.9475
571.7838,484.9917,582.3886,481.4641
572.2846,486.5047,582.8775,482.9817
572.7752,488.0143,583.3842,484.4868
573.2713,489.5142,583.8924,485.9851
573.7583,491.0126,584.3721,487.4862
574.2509,492.5028,584.8751,488.9730
574.7340,493.9883,585.3511,490.4625
575.2231,495.4649,585.8491,491.9384
575.7020,496.9388,586.3213,493.4165
576.1865,498.4057,586.8148,494.8811
576.6626,499.8701,587.2844,496.3472
577.1368,501.3304,587.7731,497.8005
577.6184,502.7846,588.2631,499.2468
578.0899,504.2361,588.7231,500.6968
578.5674,505.6775,589.2087,502.1325
579.0345,507.1153,589.6667,503.5715
579.5075,508.5461,590.1466,504.9969
580.0076,510.0830,590.6409,506.5337
580.5134,511.6123,591.1522,508.0607
581.0103,513.1385,591.6451,509.5901
581.5054,514.6613,592.1545,511.1129
582.0097,516.1828,592.6463,512.6454
582.5040,517.7022,593.1566,514.1618
583.0041,519.2097,593.6431,515.6778
583.4937,520.7144,594.1272,517.1861
583.9890,522.2079,594.6276,518.6808
584.4740,523.6979,595.1063,520.1742
584.9640,525.1783,595.6017,521.6539
585.4452,526.6515,596.0750,523.1330
585.9321,528.1168,596.5656,524.5990
586.4112,529.5813,597.0362,526.0675
586.8883,531.0411,597.5249,527.5264
587.3731,532.4953,597.9922,528.9904
587.8493,533.9493,598.4806,530.4472
588.3311,535.3924,598.9401,531.9020
588.8026,536.8275,599.4216,533.3387
589.2801,538.2531,599.8746,534.7744
589.7795,539.7728,600.3828,536.2935
590.2845,541.2804,600.8637,537.8097
590.7761,542.7797,601.3643,539.3081
591.2752,544.2688,601.8381,540.8030
591.7570,545.7490,602.3316,542.2807
592.2450,547.2169,602.8000,543.7549
592.7182,548.6789,603.2871,545.2116
593.1960,550.1261,603.7504,546.6652
593.6606,551.5681,604.2309,548.1021
594.1297,552.9965,604.6871,549.5359
594.6177,554.5144,605.1927,551.0469
595.1090,556.0155,605.6731,552.5544
595.5983,557.5067,606.1723,554.0434
596.0755,558.9896,606.6447,555.5291
596.5575,560.4582,607.1370,556.9967
597.0265,561.9203,607.6023,558.4609
597.4993,563.3683,608.0683,559.9134
597.9600,564.8075,608.5486,561.3494
598.4248,566.2344,609.0073,562.7812
598.9073,567.7403,609.5116,564.2847
599.3940,569.2337,609.9925,565.7829
599.8765,570.7176,610.4895,567.2631
600.3491,572.1937,610.9615,568.7387
600.8252,573.6544,611.4320,570.2029
601.2900,575.1074,611.9159,571.6502
601.7593,576.5481,612.3773,573.0926
602.2240,577.9780,612.8563,574.5170
602.7049,579.4846,613.3405,576.0187
603.1883,580.9740,613.8218,577.5079
603.6607,582.4544,614.3149,578.9797
604.1363,583.9187,614.7878,580.4456
604.6077,585.3701,615.2745,581.8943
605.0671,586.8123,615.7403,583.3370
605.5273,588.2361,616.2199,584.7635
606.0025,589.7199,616.7049,586.2641
606.4767,591.1737,617.1874,587.7538
606.9483,592.6077,617.6824,589.2270
607.4062,594.0182,618.1544,590.6966
607.8884,595.3987,618.6422,592.1494
608.3160,596.7780,619.1086,593.5973
608.7596,598.2083,619.6126,595.1059
609.2074,599.6116,620.0980,596.6087
609.6039,600.9942,620.5947,598.0998
610.2193,602.3042,621.0744,599.5849
610.8410,603.6029,621.5647,601.0576
611.4581,604.8977,622.0412,602.5237
612.1417,606.2355,622.5480,604.0539
612.6334,607.6005,623.0422,605.5797
613.1465,608.9529,623.5370,607.0982
613.5758,610.3059,624.0230,608.6139
614.0140,611.6529,624.5042,610.1238
614.4700,612.9911,624.9714,611.6312
614.8942,614.3995,625.4532,613.2037
615.3425,615.8002,625.9254,614.7735
615.7350,617.1986,626.3770,616.3421
616.1499,618.5911,626.8314,617.9080
616.5044,619.9912,627.2541,619.4668
616.8924,621.4428,627.6940,621.0998
617.2145,622.8927,628.1008,622.7318
617.5457,624.3372,628.4948,624.3647
617.8695,625.7762,628.8760,626.0009
618.0779,627.2087,629.1721,627.6364
618.3460,628.6955,629.4730,629.3546
618.4886,630.1694,629.7350,631.0770
618.6722,631.6427,629.8844,632.7930
618.7297,633.1041,630.0175,634.4959
618.8155,634.6293,630.0995,636.2476
618.8927,636.1488,630.1087,637.9883
618.7512,637.6249,629.9828,639.7042
618.6942,639.1096,629.8559,641.4079
618.4460,640.6019,629.6656,643.1767
618.2610,642.0959,629.3570,644.9229
617.9137,643.5371,629.0174,646.6544
617.6062,644.9771,628.6197,648.3593
617.1629,646.4171,628.1356,650.1222
616.7387,647.8507,627.5958,651.8414
616.2947,649.2632,626.9257,653.5104
615.6941,650.6581,626.2277,655.2045
615.1437,652.0581,625.4727,656.8520
614.4862,653.3920,624.6750,658.4551
613.8369,654.7709,623.7529,660.0473
613.1707,656.1258,622.8406,661.6074
612.3685,657.3845,621.8961,663.1266
611.6276,658.6618,620.8939,664.5815
610.7474,659.8911,619.8563,666.0569
609.9126,661.1306,618.7938,667.4914
609.0662,662.3457,617.7192,668.8751
608.0595,663.4838,616.5305,670.1908
607.1098,664.6570,615.3437,671.4875
606.0520,665.7411,614.1145,672.7239
605.0253,666.8568,612.8440,673.9072
603.9881,667.9743,611.4788,674.9793
602.7902,668.8803,610.1549,675.9988
601.6420,669.8402,608.8090,676.9737
600.3713,670.6836,607.4208,677.8913
599.1253,671.5580,606.0304,678.7921
597.7889,672.3478,604.6321,679.6597
596.4526,673.1528,603.2027,680.4650
595.1290,673.9100,601.8213,681.2338
593.7654,674.6447,600.4420,681.9833
592.3889,675.3897,599.0501,682.7075
591.0052,676.1512,597.6478,683.4182
589.6061,676.9216,596.2796,684.1699
588.1938,677.7229,594.9010,684.8982
586.8655,678.5757,593.6580,685.6957
585.4947,679.4423,592.4109,686.4801
584.1608,680.3959,591.2214,687.3289
582.8117,681.3850,590.0265,688.1825
581.4670,682.4174,588.8170,689.0454
580.1787,683.5456,587.7072,690.0164
578.8829,684.7145,586.5437,690.9589
577.6547,685.8809,585.5288,691.9839
576.4479,687.0813,584.4705,693.0019
575.3245,688.3779,583.5062,694.1070
574.1794,689.6925,582.5177,695.2130
573.0496,691.0695,581.5420,696.3431
572.0226,692.5117,580.6990,697.5821
571.0310,693.9090,579.8273,698.7599
570.0766,695.3406,579.0712,700.0196
569.2162,696.8310,578.2748,701.2753
568.3615,698.3372,577.5770,702.5949
567.5432,699.8829,576.8605,703.9188
566.7635,701.4637,576.1580,705.2641
566.0855,703.1057,575.5902,706.6760
565.4052,704.7518,574.9757,708.0838
564.7805,706.3687,574.4971,709.4865
564.2506,708.0205,573.9909,710.8911
563.7250,709.6862,573.5037,712.3134
563.2398,711.3833,573.1707,713.7851
562.8437,713.1088,572.7800,715.2515
562.4722,714.8262,572.5227,716.7569
562.1421,716.5716,572.2318,718.2622
561.8680,718.3235,571.9641,719.7816
561.7151,720.0246,571.8651,721.2692
561.5773,721.7258,571.7055,722.7553
561.4883,723.4357,571.6848,724.2602
561.4489,725.1405,571.6249,725.7677
561.5531,726.8333,571.6873,727.2891
561.6643,728.5143,571.7382,728.8152
561.8216,730.2060,571.8305,730.3454
562.0564,731.8931,572.0713,731.8801
562.2994,733.5747,572.2758,733.4171
562.5617,735.1915,572.5836,734.8873
562.8440,736.7936,572.8767,736.3618
563.1213,738.3968,573.2404,737.8337
563.4281,739.9994,573.6016,739.3058
563.7325,741.6015,573.9803,740.7784
564.0659,743.2035,574.4068,742.2475
564.4033,744.8103,574.8245,743.7165
564.7482,746.4200,575.2641,745.1831
565.1433,748.0230,575.6997,746.6531
565.5334,749.6321,576.1458,748.1215
565.9393,751.1680,576.5674,749.5293
566.3452,752.7058,576.9860,750.9404
566.7761,754.2428,577.4077,752.3535
567.2095,755.7834,577.8255,753.7698
567.6589,757.3270,578.2484,755.1864
568.1003,758.8771,578.6679,756.6065
568.5454,760.4348,579.0901,758.0264
568.9919,761.9981,579.5090,759.4510
569.4412,763.5649,579.9311,760.8816
569.8912,765.1355,580.3510,762.3208
570.3243,766.6425,580.7547,763.6972
570.7594,768.1562,581.1561,765.0799
571.1963,769.6728,581.5599,766.4731
571.6372,771.1974,581.9669,767.8708
572.0797,772.7292,582.3727,769.2748
572.5239,774.2623,582.7782,770.6782
572.9659,775.7846,583.1789,772.0767
573.4033,777.2887,583.5794,773.4746
573.8580,778.8438,584.0019,774.9372
574.3034,780.3878,584.4201,776.3934
574.7407,781.9140,584.8403,777.8466
575.1873,783.4314,585.2540,779.2877
575.6306,784.9406,585.6681,780.7180
576.0857,786.4310,586.0784,782.1424
576.5543,787.9701,586.5097,783.6260
577.0264,789.4867,586.9375,785.1052
577.4941,790.9908,587.3671,786.5730
577.9615,792.4707,587.7932,788.0362
578.4213,793.9308,588.2219,789.4905
578.8846,795.4287,588.6658,791.0034
579.3747,796.8834,589.1122,792.5057
579.8488,798.3059,589.5549,794.0014
580.3170,799.6910,589.9956,795.4883
580.7743,801.0435,590.4384,796.9627
581.2265,802.4108,590.8941,798.4901
581.6568,803.7498,591.3488,800.0031
582.0843,805.0596,591.7957,801.5029
582.4930,806.3496,592.2407,802.9885
582.8990,807.6141,592.6777,804.4628
583.3163,808.9289,593.1283,805.9864
583.7313,810.2189,593.5818,807.5077
584.1427,811.5063,594.0309,809.0272
584.5571,812.7896,594.4796,810.5457
584.9720,814.0763,594.9246,812.0652
585.3890,815.3623,595.3710,813.5873
585.8143,816.6783,595.8128,815.1065
586.2360,817.9949,596.2596,816.6309
586.6402,819.3329,596.6753,818.1602
587.0502,820.6834,597.0960,819.6919
587.4377,822.0390,597.4900,821.2332
587.8251,823.4013,597.8830,822.7813
588.2202,824.7728,598.2840,824.3368
588.5451,826.1524,598.6241,825.9050
588.9153,827.5967,598.9902,827.5402
589.1984,829.0475,599.2899,829.1882
589.5069,830.5085,599.5822,830.8460
589.7235,831.9789,599.8543,832.5099
589.9541,833.4563,600.0217,834.1806
590.0888,834.9368,600.1871,835.8583
590.2194,836.4200,600.3171,837.5493
590.3334,837.9142,600.3241,839.2275
590.2989,839.3948,600.3242,840.9123
590.3043,840.8876,600.2793,842.5954
590.1971,842.3647,600.1407,844.2728
590.1140,843.8524,599.9901,845.9496
589.9367,845.3243,599.8000,847.6243
589.7657,846.8010,599.5343,849.2886
589.5662,848.2762,599.2593,850.9525
589.2628,849.7268,598.9593,852.6113
588.9920,851.1900,598.5814,854.2523
588.6238,852.6250,598.1947,855.8965
588.2710,854.0691,597.7748,857.5266
587.8341,855.4858,597.2726,859.1253
587.3949,856.9056,596.7588,860.7190
586.9404,858.3241,596.2085,862.3055
586.3548,859.6910,595.5728,863.8529
585.7987,861.0747,594.9096,865.3980
585.1358,862.4119,594.2014,866.9215
584.4794,863.7563,593.4400,868.4211
583.7378,865.0634,592.5927,869.8604
582.9798,866.3701,591.7455,871.2837
582.1962,867.6721,590.8637,872.6895
581.3068,868.9245,589.9020,874.0587
580.4560,870.1470,588.9559,875.3793
579.5158,871.3305,587.9775,876.6881
578.5622,872.5221,586.9322,877.9676
577.5766,873.7124,585.8706,879.2456
576.5246,874.8045,584.8182,880.4719
575.4919,875.9253,583.7358,881.7054
574.3611,876.9921,582.5261,882.8758
573.2772,878.0322,581.3518,884.0105
572.1247,879.0428,580.1643,885.1396
570.9627,880.0625,578.9551,886.2731
569.8017,881.0207,577.8593,887.4267
568.6252,881.9831,576.7501,888.5925
567.4240,882.9429,575.6467,889.7866
566.2392,883.8489,574.5263,890.8955
565.0450,884.7624,573.3944,892.0189
563.8279,885.6744,572.2491,893.1521
562.5949,886.5920,571.0143,894.2276
561.4074,887.4808,569.8371,895.2719
560.2017,888.3783,568.6050,896.2801
558.9809,889.2836,567.3599,897.2963
557.7535,890.2046,566.0787,898.2996
556.5708,891.0844,564.8204,899.2426
555.3818,891.9774,563.5463,900.1914
554.1769,892.8761,562.2691,901.1574
552.9691,893.7846,560.9756,902.1342
551.8079,894.6528,559.7332,903.0694
550.6344,895.5383,558.4838,904.0116
549.4423,896.4339,557.2246,904.9600
548.2395,897.3426,555.9530,905.9158
547.0175,898.2608,554.6708,906.8782
545.8483,899.1458,553.4464,907.7964
544.6625,900.0373,552.2117,908.7211
543.4648,900.9458,550.9677,909.6508
542.2494,901.8628,549.7161,910.5890
541.0210,902.7954,548.4588,911.5367
539.7761,903.7355,547.1857,912.4839
538.5950,904.6324,545.9797,913.3944
537.4021,905.5330,544.7499,914.2946
536.2022,906.4441,543.5153,915.2067
534.9892,907.3597,542.2624,916.1142
533.7731,908.2844,541.0045,917.0347
532.5474,909.2113,539.7255,917.9488
531.3130,910.1452,538.4385,918.8708
530.0733,911.0887,537.1397,919.7963
528.9012,911.9744,535.9067,920.6730
527.7255,912.8693,534.6707,921.5618
526.5408,913.7651,533.4298,922.4607
525.3508,914.6712,532.1779,923.3609
524.1508,915.5797,530.9268,924.2775
522.9445,916.4982,529.6717,925.2043
521.7285,917.4177,528.3938,926.1176
520.5119,918.3452,527.1202,927.0539
519.2839,919.2737,525.8048,927.9500
518.0504,920.2154,524.4873,928.8578
516.8810,921.0990,523.2357,929.7002
515.7057,921.9980,521.9981,930.5738
514.5174,922.9065,520.7588,931.4564
513.3127,923.8192,519.5181,932.3493
512.1042,924.7437,518.2767,933.2550
510.8841,925.6686,517.0303,934.1674
509.6619,926.6033,515.7839,935.0948
508.4205,927.5442,514.5270,936.0177
507.1743,928.4970,513.2712,936.9555
505.9268,929.4509,512.0049,937.8949
504.6675,930.4060,510.7202,938.8215
503.4060,931.3692,509.4359,939.7634
502.1330,932.3321,508.1368,940.6978
500.9430,933.2412,506.9259,941.5846
499.7428,934.1501,505.7014,942.4638
498.5381,935.0690,504.4793,943.3564
497.3267,935.9928,503.2447,944.2427
496.1056,936.9145,502.0118,945.1411
494.8850,937.8457,500.7743,946.0416
493.6576,938.7727,499.5304,946.9416
492.4298,939.7091,498.2897,947.8508
491.2001,940.6466,497.0459,948.7609
489.9662,941.5783,495.8071,949.6817
488.7374,942.5159,494.5739,950.6124
487.5013,943.4519,493.3361,951.5363
486.2646,944.3924,492.0993,952.4618
485.0271,945.3269,490.8690,953.3985
483.7934,946.2636,489.6289,954.3240
482.5579,947.1955,488.3950,955.2587
481.3216,948.1322,487.1618,956.1937
480.0853,949.0619,485.9195,957.1184
478.8501,949.9905,484.6841,958.0535
477.6159,950.9257,483.4425,958.9788
476.3782,951.8558,482.2073,959.9140
475.1446,952.7909,480.9654,960.8399
473.9047,953.7234,479.7309,961.7739
472.6699,954.6594,478.4896,962.7001
471.4342,955.5893,477.2535,963.6346
470.1968,956.5207,476.0188,964.5695
468.9620,957.4560,474.7772,965.4944
467.7236,958.3865,473.5430,966.4294
466.4856,959.3234,472.3011,967.3524
465.2468,960.2536,471.0649,968.2847
464.0103,961.1884,469.8227,969.2076
462.7678,962.1196,468.5876,970.1386
461.5308,963.0539,467.3454,971.0609
460.2865,963.9853,466.1105,971.9905
459.0452,964.9226,464.8701,972.9112
457.7970,965.8568,463.6366,973.8387
456.5481,966.7914,462.3988,974.7592
455.3028,967.7328,461.1673,975.6865
454.0518,968.6695,459.9324,976.6040
452.8082,969.6091,458.7046,977.5273
451.5616,970.5414,457.4810,978.4495
450.3245,971.4768,456.2534,979.3604
449.0869,972.4037,455.0388,980.2769
447.8602,973.3308,453.8220,981.1787
446.6365,974.2461,452.6177,982.0850
445.4244,975.1629,451.4124,982.9784
444.1279,976.1338,450.1355,983.9401
442.8446,977.1039,448.8566,984.8868
441.5684,978.0586,447.5899,985.8389
440.3003,979.0061,446.3226,986.7776
439.0462,979.9546,445.0688,987.7211
437.7958,980.8891,443.8133,988.6507
436.5564,981.8271,442.5716,989.5842
435.3162,982.7556,441.3303,990.5031
434.0877,983.6844,440.1022,991.4264
432.8602,984.6018,438.8741,992.3364
431.6443,985.5213,437.6593,993.2507
430.4313,986.4281,436.4526,994.1639
429.2285,987.3383,435.2399,995.0561
427.9479,988.2973,433.9629,996.0153
426.6810,989.2553,432.6822,996.9566
425.4156,990.2023,431.4190,997.9061
424.1576,991.1446,430.1495,998.8342
422.9116,992.0879,428.8950,999.7676
421.6666,993.0194,427.6419,1000.6896
420.4339,993.9532,426.4042,1001.6177
419.2036,994.8746,425.1721,1002.5400
417.9796,995.7895,423.9350,1003.4432
416.7699,996.7064,422.7159,1004.3570
415.5612,997.6114,421.4906,1005.2498
414.3639,998.5177,420.2811,1006.1507
413.0936,999.4692,418.9951,1007.0926
411.8321,1000.4220,417.7271,1008.0426
410.5739,1001.3612,416.4576,1008.9773
409.3282,1002.3064,415.2077,1009.9227
408.0832,1003.2360,413.9550,1010.8512
406.8525,1004.1733,412.7248,1011.7951
405.6208,1005.0989,411.4864,1012.7139
404.4025,1006.0214,410.2565,1013.6316
403.1779,1006.9262,409.0459,1014.5606
401.9748,1007.8447,407.8309,1015.4714
400.7738,1008.7509,406.6378,1016.3979
399.5825,1009.6553,405.4328,1017.2963
398.3276,1010.6071,404.1804,1018.2647
397.0719,1011.5443,402.9176,1019.2049
395.8317,1012.4844,401.6774,1020.1614
394.5891,1013.4073,400.4287,1021.0931
393.3616,1014.3448,399.2048,1022.0421
392.1336,1015.2709,397.9692,1022.9616
390.9179,1016.1921,396.7543,1023.8964
389.6980,1017.0983,395.5330,1024.8088
388.4977,1018.0116,394.3372,1025.7430
387.2903,1018.9119,393.1256,1026.6413
386.0985,1019.8217,391.9345,1027.5538
384.8396,1020.7668,390.6729,1028.4971
383.5919,1021.7179,389.4344,1029.4563
382.3454,1022.6546,388.1848,1030.3872
381.1080,1023.5931,386.9549,1031.3298
379.8670,1024.5144,385.7188,1032.2505
378.6451,1025.4451,384.5006,1033.1810
377.4232,1026.3614,383.2946,1034.1145
376.2098,1027.2811,382.0779,1035.0189
374.9907,1028.1803,380.8860,1035.9411
373.7292,1029.1431,379.6203,1036.8807
372.4694,1030.0915,378.3820,1037.8395
371.2207,1031.0371,377.1300,1038.7673
369.9710,1031.9606,375.9022,1039.7145
368.7432,1032.8936,374.6628,1040.6349
367.5123,1033.8072,373.4328,1041.5546
366.2951,1034.7351,372.2224,1042.4858
365.0798,1035.6485,371.0170,1043.4114
363.8719,1036.5625,369.8025,1044.3121
362.6606,1037.4584,368.6129,1045.2330
361.4074,1038.4112,367.3502,1046.1664
360.1632,1039.3408,366.1143,1047.1092
358.9447,1040.2665,364.8843,1048.0263
357.7347,1041.1698,363.6858,1048.9501
356.4865,1042.0949,362.4312,1049.8837
355.2589,1043.0268,361.1975,1050.8271
354.0320,1043.9414,359.9708,1051.7676
352.8238,1044.8588,358.7365,1052.6870
351.6244,1045.7543,357.5229,1053.6256
350.4354,1046.6366,356.2988,1054.5402
349.2746,1047.5133,355.0939,1055.4749
348.1227,1048.3677,353.8753,1056.3828
346.9929,1049.2219,352.6716,1057.3046
345.8113,1050.1002,351.4083,1058.2515
344.6456,1050.9749,350.1560,1059.2077
343.4778,1051.8349,348.9099,1060.1640
342.3418,1052.6840,347.6469,1061.0984
341.2112,1053.5317,346.3951,1062.0450
340.0936,1054.3535,345.1229,1062.9655
338.9753,1055.1994,343.8582,1063.8891
337.8738,1056.0290,342.5815,1064.8052
336.7653,1056.8401,341.2899,1065.6993
335.6150,1057.6690,339.9421,1066.6531
334.4847,1058.5186,338.5596,1067.5615
333.2987,1059.2720,337.1737,1068.4720
332.1440,1060.1184,335.7689,1069.3580
330.9057,1060.7409,334.3129,1070.1482
329.6848,1061.4078,332.8513,1070.9543
328.4183,1061.9563,331.3653,1071.7090
327.1588,1062.5234,329.8284,1072.3265
325.8690,1063.0221,328.2967,1072.9525
324.5796,1063.5375,326.7496,1073.5421
323.2090,1063.9892,325.1084,1074.0095
321.8447,1064.4447,323.4546,1074.4848
320.4608,1064.8068,321.7919,1074.9283
319.0719,1065.1562,320.1063,1075.2297
317.6756,1065.5043,318.4233,1075.5328
316.2678,1065.6873,316.7271,1075.7949
314.8575,1065.9041,315.0280,1075.9377
313.4427,1066.0076,313.3287,1076.0794
312.0265,1066.1236,311.6268,1076.1835
310.5488,1066.1544,309.8734,1076.1976
309.0701,1066.1756,308.1207,1076.2075
307.5992,1066.1299,306.3621,1076.1681
306.1284,1066.0526,304.6210,1076.0354
304.6591,1065.9547,302.8791,1075.8988
303.2063,1065.7529,301.1436,1075.7217
301.7531,1065.5530,299.4289,1075.4421
300.3205,1065.2643,297.7173,1075.1545
298.8962,1064.9555,296.0124,1074.8055
297.4904,1064.5834,294.3413,1074.3572
296.0450,1064.1558,292.6160,1073.8774
294.6111,1063.7062,290.9049,1073.3326
293.2111,1063.1738,289.2237,1072.7229
291.8224,1062.6287,287.5775,1071.9976
290.4639,1062.0234,285.9415,1071.2659
289.1233,1061.3879,284.3251,1070.4998
287.8035,1060.7206,282.7586,1069.6271
286.5195,1059.9879,281.2302,1068.7526
285.2441,1059.2464,279.7310,1067.8358
284.0138,1058.4453,278.2753,1066.8331
282.7608,1057.5879,276.7861,1065.7706
281.5532,1056.6802,275.3126,1064.6575
280.3849,1055.7301,273.8781,1063.5065
279.2359,1054.7648,272.5202,1062.2591
278.1495,1053.7358,271.1838,1061.0051
277.0915,1052.6840,269.8806,1059.7238
276.0676,1051.6007,268.6707,1058.3980
275.0853,1050.4861,267.4833,1057.0554
274.1309,1049.3525,266.3374,1055.6863
273.2350,1048.1753,265.2291,1054.2858
272.3636,1046.9819,264.1971,1052.8396
271.5378,1045.7595,263.1680,1051.3840
270.7506,1044.5147,262.1722,1049.9039
269.9985,1043.2507,261.2732,1048.3655
269.2763,1041.9121,260.3624,1046.7604
268.5930,1040.5556,259.5045,1045.1291
267.9710,1039.1722,258.6985,1043.4758
267.3854,1037.7769,258.0087,1041.7664
266.8557,1036.3618,257.3460,1040.0517
266.3775,1034.9306,256.7517,1038.3235
265.9338,1033.4925,256.2146,1036.5727
265.5576,1032.0350,255.7898,1034.8083
265.2118,1030.5698,255.3755,1033.0275
264.9219,1029.0827,255.0097,1031.2352
264.6867,1027.6292,254.7442,1029.4609
264.4750,1026.1594,254.5065,1027.6826
264.3384,1024.6680,254.3141,1025.8824
264.2245,1023.1627,254.1564,1024.0750
264.1718,1021.6970,254.1112,1022.3060
264.1538,1020.2178,254.0739,1020.5414
264.1880,1018.7293,254.0889,1018.7544
264.2772,1017.2309,254.2182,1016.9644
264.3962,1015.7240,254.3769,1015.1712
264.6004,1014.2728,254.5845,1013.4259
264.8225,1012.8133,254.8396,1011.6949
265.1242,1011.3585,255.2230,1009.9612
265.4626,1009.9016,255.6090,1008.2339
265.8338,1008.4452,256.0424,1006.5046
266.3043,1007.0641,256.5753,1004.8599
266.7680,1005.6758,257.1127,1003.2248
267.3287,1004.3140,257.6953,1001.5830
267.8921,1002.9475,258.3840,999.9833
268.5488,1001.6080,259.0859,998.3884
269.2241,1000.2732,259.8344,996.8108
269.9224,998.9431,260.6900,995.2790
270.7212,997.7194,261.5318,993.8159
271.4967,996.4782,262.4027,992.3851
272.3736,995.2863,263.3355,990.9797
273.2365,994.0878,264.2797,989.5867
274.1759,992.9468,265.2616,988.1906
275.1124,991.8061,266.3207,986.8446
276.1161,990.7066,267.3823,985.5068
277.0821,989.6645,268.4112,984.2307
278.0882,988.6620,269.5486,983.0192
279.1064,987.6730,270.6760,981.8099
280.1236,986.6876,271.8383,980.6313
281.2385,985.7900,273.0815,979.5131
282.3341,984.8753,274.3063,978.3974
283.4915,984.0202,275.5834,977.3301
284.6384,983.1595,276.8589,976.2716
285.8235,982.3489,278.1524,975.2316
286.9615,981.5764,279.4366,974.2907
288.1155,980.8171,280.7079,973.3461
289.2804,980.0651,282.0138,972.4437
290.4394,979.2946,283.3105,971.5391
291.6201,978.5223,284.6122,970.6472
292.8068,977.7482,285.9244,969.7676
293.9923,976.9530,287.2182,968.8667
295.1993,976.1589,288.5340,967.9907
296.4117,975.3404,289.8286,967.0861
297.6380,974.5310,291.1514,966.2100
298.8098,973.7337,292.3931,965.3414
300.0001,972.9375,293.6632,964.5034
301.1896,972.1265,294.9116,963.6293
302.3878,971.3227,296.1899,962.7867
303.5768,970.5114,297.4461,961.9039
304.7651,969.7128,298.7352,961.0558
305.9974,968.8818,299.9975,960.1684
307.2232,968.0458,301.2924,959.3174
308.4478,967.2248,302.5635,958.4178
309.6507,966.4039,303.8747,957.5632
310.9028,965.5653,305.1579,956.6627
312.1447,964.7173,306.4853,955.8171
313.3900,963.8679,307.7984,954.9359
314.5752,963.0712,309.0582,954.0958
315.7874,962.2452,310.3434,953.2923
316.9940,961.4334,311.6145,952.4485
318.2036,960.6086,312.9118,951.6356
319.4382,959.7775,314.1971,950.7943
320.6776,958.9425,315.4893,949.9511
321.9051,958.1057,316.8084,949.1358
323.1451,957.2700,318.1169,948.2886
324.3854,956.4253,319.4438,947.4605
325.6314,955.5853,320.7585,946.6092
326.8703,954.7420,322.0676,945.7570
328.1059,953.9077,323.3865,944.9339
329.3463,953.0729,324.6868,944.0938
330.5719,952.2374,325.9918,943.2688
331.8037,951.4082,327.2808,942.4293
333.0264,950.5761,328.5723,941.6049
334.2511,949.7533,329.8501,940.7657
335.5296,948.8837,331.1918,939.8984
336.8122,948.0218,332.5197,939.0198
338.0883,947.1551,333.8417,938.1438
339.3718,946.2935,335.1465,937.2573
340.6546,945.4271,336.4464,936.3870
341.9348,944.5703,337.7326,935.5017
343.2100,943.7100,339.0208,934.6429
344.4828,942.8595,340.2957,933.7723
345.7537,942.0027,341.5653,932.9238
347.0220,941.1566,342.8214,932.0646
348.3424,940.2658,344.1351,931.1851
349.6583,939.3875,345.4363,930.2945
350.9650,938.5058,346.7365,929.4244
352.2686,937.6368,348.0230,928.5435
353.5681,936.7595,349.2975,927.6902
354.8742,935.8914,350.5374,926.8370
356.1692,935.0170,351.7692,926.0079
357.4644,934.1566,352.9756,925.1758
358.7450,933.2898,354.1771,924.3643
360.0234,932.4401,355.3612,923.5458
361.3418,931.5442,356.6016,922.7089
362.6602,930.6660,357.8190,921.8676
363.9737,929.7945,359.0265,921.0542
365.2662,928.9072,360.2202,920.2347
366.5633,928.0422,361.4056,919.4374
367.8403,927.1638,362.5800,918.6341
369.1192,926.3064,363.7492,917.8356
370.3854,925.4355,364.9025,917.0655
371.6576,924.5823,366.0307,916.2970
372.9815,923.6972,367.2092,915.5164
374.2861,922.7896,368.3623,914.7377
375.6032,921.9005,369.5091,913.9874
376.9056,920.9919,370.6367,913.2357
378.2151,920.0960,371.7810,912.4990
379.5154,919.1879,372.9178,911.7538
380.8213,918.2856,374.0595,911.0019
382.1285,917.3738,375.2171,910.2754
383.4310,916.4466,376.3717,909.5398
384.8029,915.4819,377.5747,908.7630
386.1491,914.4830,378.7782,907.9650
387.4921,913.4797,380.0085,907.1555
388.8239,912.4571,381.1759,906.2747
390.0954,911.3782,382.3890,905.4121
391.3772,910.2956,383.4959,904.4558
392.6453,909.1873,384.6316,903.5120
393.8264,908.0042,385.6729,902.4921
395.0219,906.8267,386.7376,901.4753
396.1403,905.5979,387.7030,900.3826
397.2856,904.2977,388.7033,899.2395
398.3981,902.9523,389.6317,898.0551
399.4629,901.5725,390.5361,896.8509
400.4205,900.1356,391.4211,895.6292
401.3656,898.6888,392.2253,894.3626
402.2672,897.2202,393.0221,893.0886
403.0815,895.7153,393.7666,891.7873
403.8719,894.2037,394.4858,890.4721
404.6216,892.6729,395.1505,889.1334
405.3314,891.1251,395.7610,887.7736
405.9381,889.5452,396.3225,886.3959
406.5404,887.9611,396.8181,884.9973
407.0963,886.3727,397.2729,883.5853
407.5816,884.7469,397.6933,882.1637
408.0533,883.1147,398.0560,880.7238
408.4869,881.4483,398.3859,879.2726
408.8449,879.7919,398.6590,877.8011
409.0709,878.1281,398.8881,876.3138
409.2871,876.4656,399.0739,874.8133
409.4366,874.8249,399.2059,873.2954
409.5032,873.1288,399.2959,871.7713
409.5518,871.4184,399.3237,870.2376
409.5700,869.7117,399.3186,868.6968
409.5536,868.0517,399.2659,867.2122
409.4540,866.3961,399.1957,865.7236
409.3551,864.7462,399.0529,864.2293
409.2152,863.0930,398.8861,862.7349
408.9139,861.4462,398.6284,861.2361
408.5876,859.7899,398.3327,859.7443
408.2138,858.1567,398.0095,858.2487
407.7645,856.4937,397.5899,856.7759
407.2691,854.8568,397.1695,855.3018
406.7531,853.2594,396.6887,853.8161
406.2899,851.6225,396.1929,852.3683
405.8422,850.0733,395.7029,850.9731
405.4018,848.5255,395.1955,849.5873
404.9603,846.9831,394.7194,848.2010
404.5367,845.4419,394.0893,846.8374
404.0839,843.9081,393.4458,845.4806
403.6571,842.3709,392.8079,844.1303
403.1569,840.8437,392.1239,842.7995
402.6680,839.3187,391.5681,841.4466
402.1471,837.7990,391.0020,840.1007
401.6295,836.2815,390.4642,838.7449
401.1152,834.7702,389.9153,837.3724
400.6015,833.2553,389.3530,836.0069
400.0839,831.7446,388.8021,834.6200
399.5273,830.3136,388.2563,833.2811
398.9864,828.8764,387.7286,831.9330
398.4148,827.4435,387.1886,830.5903
397.8614,826.0046,386.6612,829.2334
397.3176,824.5598,386.1213,827.8758
396.7431,823.1208,385.5912,826.5112
396.2007,821.6684,385.0493,825.1469
395.6213,820.2231,384.5197,823.7792
395.0772,818.7622,383.9790,822.4122
394.4947,817.3106,383.4495,821.0338
393.9507,815.8423,382.9076,819.6491
393.3651,814.3843,382.3643,818.2570
392.8216,812.9081,381.8283,816.8487
392.2582,811.5069,381.3025,815.5009
391.7381,810.0875,380.7829,814.1311
391.1727,808.6821,380.2568,812.7436
390.6471,807.2566,379.7198,811.3580
390.0795,805.8421,379.1535,809.9771
389.5485,804.4101,378.6320,808.5655
389.0213,802.9712,378.0694,807.1678
388.4495,801.5449,377.6220,805.7181
387.9170,800.0990,377.1649,804.2634
387.3500,798.6634,376.7850,802.7593
386.8195,797.2085,376.2534,801.3126
386.2980,795.7451,375.7191,799.8626
385.6909,794.3098,375.1781,798.4125
385.1277,792.8522,374.6048,796.9739
384.5057,791.4131,374.0575,795.5188
383.9202,789.9546,373.5036,794.0649
383.3176,788.5755,372.9793,792.6685
382.7516,787.1782,372.4479,791.2688
382.1431,785.7941,371.9182,789.8591
381.5715,784.3916,371.3812,788.4447
381.0000,782.9844,370.8502,787.0289
380.3815,781.5919,370.3134,785.6105
379.8080,780.1770,369.7821,784.1886
379.1994,778.7711,369.2498,782.7728
378.6399,777.3397,368.7168,781.3461
378.0322,775.9230,368.1731,779.8988
377.4711,774.4787,367.6277,778.4493
376.8572,773.0472,367.0824,776.9877
376.2843,771.5892,366.5325,775.5249
375.7103,770.1220,365.9846,774.0534
375.1133,768.7358,365.4592,772.6483
374.5629,767.3220,364.9319,771.2338
373.9590,765.9209,364.4005,769.8122
373.3945,764.4954,363.8635,768.3790
372.8172,763.0662,363.3257,766.9363
372.1891,761.6485,362.7841,765.4874
371.5965,760.2070,362.2402,764.0329
370.9895,758.7633,361.6884,762.5658
370.4278,757.2925,361.1355,761.0873
369.8630,755.8989,360.6061,759.6827
369.3422,754.4803,360.0782,758.2638
368.7897,753.0674,359.5437,756.8356
368.2799,751.6300,359.0089,755.3936
367.7346,750.1984,358.4726,753.9510
367.2269,748.7462,357.9308,752.4901
366.7143,747.2890,357.3922,751.0170
366.1651,745.8397,356.8474,749.5357
365.6497,744.3698,356.3059,748.0444
365.1031,742.9045,355.7632,746.5503
364.5845,741.4214,355.2185,745.0476
364.0667,739.9315,354.6828,743.5311
363.5499,738.5234,354.1713,742.0904
363.0611,737.0976,353.6656,740.6449
362.5468,735.6762,353.1556,739.1900
362.0592,734.2384,352.6479,737.7285
361.5787,732.7913,352.1389,736.2643
361.0635,731.3512,351.6284,734.7933
360.5832,729.8932,351.1196,733.3119
360.0675,728.4421,350.6045,731.8260
359.5805,726.9748,350.0956,730.3321
359.0662,725.5110,349.5827,728.8341
358.5770,724.0319,349.0777,727.3294
358.0908,722.5465,348.5706,725.8176
357.5774,721.0641,348.0640,724.3015
357.0915,719.5654,347.5626,722.7824
356.5807,718.0697,347.0566,721.2572
356.1238,716.6431,346.5826,719.8101
355.6717,715.2093,346.1067,718.3604
355.1862,713.7811,345.6292,716.9074
354.7276,712.3391,345.1620,715.4449
354.2457,710.8994,344.6864,713.9798
353.7887,709.4460,344.2253,712.5074
353.3147,707.9931,343.7591,711.0298
352.8675,706.5259,343.3002,709.5489
352.4273,705.0520,342.8377,708.0605
351.9486,703.5857,342.3747,706.5646
351.4997,702.1047,341.9097,705.0652
351.0229,700.6267,341.4386,703.5642
350.5734,699.1355,340.9892,702.0507
350.1036,697.6455,340.5346,700.5330
349.6601,696.1416,340.0863,699.0101
349.2227,694.6309,339.6356,697.4825
348.7529,693.1244,339.1773,695.9527
348.3170,691.6029,338.7251,694.4156
347.8494,690.0865,338.2675,692.8709
347.4413,688.6450,337.8459,691.4103
347.0050,687.2066,337.4339,689.9446
346.5964,685.7553,337.0220,688.4763
346.1656,684.3060,336.6031,687.0042
345.7615,682.8456,336.1797,685.5254
345.3638,681.3788,335.7615,684.0417
344.9351,679.9154,335.3423,682.5565
344.5377,678.4392,334.9313,681.0632
344.1165,676.9649,334.5302,679.5631
343.7251,675.4788,334.1274,678.0562
343.3103,673.9943,333.7188,676.5472
342.9247,672.4978,333.3077,675.0338
342.5129,671.0036,332.8905,673.5182
342.1306,669.4974,332.4994,671.9909
341.7509,667.9866,332.1026,670.4591
341.3479,666.4773,331.7140,668.9213
340.9779,664.9548,331.3237,667.3806
340.5796,663.4343,330.9324,665.8396
340.2145,661.9014,330.5393,664.2933
339.8164,660.3724,330.1412,662.7435
339.4493,658.8303,329.7654,661.1878
339.0845,657.2828,329.3842,659.6321
338.6949,655.7366,329.0126,658.0711
338.3673,654.2739,328.6612,656.6044
338.0049,652.8149,328.3123,655.1365
337.6845,651.3428,327.9580,653.6622
337.3187,649.8770,327.6106,652.1854
336.9908,648.3985,327.2576,650.7057
336.6260,646.9249,326.9129,649.2196
336.2973,645.4387,326.5642,647.7318
335.9361,643.9565,326.2200,646.2381
335.6146,642.4611,325.8712,644.7416
335.2532,640.9714,325.5271,643.2401
334.9336,639.4690,325.1771,641.7334
334.5699,637.9730,324.8324,640.2212
334.2112,636.4723,324.4854,638.7050
333.8826,634.9607,324.1372,637.1863
333.5215,633.4527,323.7897,635.6642
333.1911,631.9336,323.4406,634.1407
332.8279,630.4179,323.0923,632.6138
332.4960,628.8918,322.7406,631.0822
332.1301,627.3692,322.3924,629.5484
331.7954,625.8363,322.0403,628.0108
331.4283,624.3070,321.6913,626.4713
331.0936,622.7679,321.3377,624.9284
330.7257,621.2330,320.9880,623.3818
330.3895,619.6878,320.6333,621.8351
330.0210,618.1465,320.2844,620.2854
329.6800,616.5964,319.9298,618.7344
329.3406,615.0430,319.5806,617.1804
328.9681,613.4939,319.2245,615.6261
328.6247,611.9356,318.8762,614.0697
328.2547,610.3831,318.5214,612.5138
327.9133,608.8272,318.1736,610.9576
327.5480,607.2815,317.8201,609.4120
327.2147,605.7364,317.4769,607.8690
326.8539,604.2039,317.1271,606.3327
326.5258,602.6705,316.7875,604.8022
326.1688,601.1502,316.4404,603.2801
325.8440,599.6305,316.1053,601.7621
325.4917,598.1238,315.7635,600.2545
325.1707,596.6177,315.4324,598.7535
324.8224,595.1256,315.0927,597.2586
324.5050,593.6344,314.7649,595.7686
324.1611,592.1567,314.4274,594.2860
323.8476,590.6793,314.1048,592.8094
323.5081,589.2149,313.7737,591.3430
323.1757,587.6539,313.4337,589.7839
322.8185,586.1064,313.0853,588.2354
322.4895,584.5612,312.7488,586.6923
322.1674,583.0223,312.4030,585.1595
321.8108,581.4983,312.0716,583.6350
321.4926,579.9739,311.7291,582.1175
321.1396,578.4652,311.4026,580.6035
320.8248,576.9564,311.0659,579.0965
320.4762,575.4626,310.7428,577.5970
320.1662,573.9674,310.4102,576.1079
319.8210,572.4870,310.0905,574.6251
319.5133,571.0051,309.7613,573.1546
319.1713,569.5391,309.4447,571.6841
318.8437,567.9817,309.0988,570.1314
318.4859,566.4390,308.7651,568.5838
318.1608,564.8974,308.4227,567.0455
317.8085,563.3697,308.0914,565.5122
317.4846,561.8429,307.7529,563.9920
317.1660,560.3231,307.4168,562.4770
316.8157,558.8181,307.0904,560.9668
316.4987,557.3130,306.7572,559.4672
316.1547,555.8217,306.4299,557.9731
315.8408,554.3317,306.0940,556.4854
315.5027,552.8539,305.7673,555.0050
315.1910,551.3780,305.4324,553.5336
314.8828,549.9079,305.1094,552.0688
314.5274,548.3659,304.7584,550.5271
314.2015,546.8266,304.4190,548.9861
313.8528,545.2989,304.0722,547.4605
313.5301,543.7740,303.7239,545.9389
313.2139,542.2560,303.3916,544.4202
312.8673,540.7523,303.0467,542.9114
312.5532,539.2494,302.7226,541.4049
312.2108,537.7598,302.3888,539.9094
311.8972,536.2721,302.0692,538.4150
311.5607,534.7966,301.7410,536.9311
311.2499,533.3220,301.4253,535.4554
310.9175,531.8592,301.1020,533.9895
310.5893,530.3182,300.7611,532.4491
310.2640,528.7848,300.4341,530.9135
309.9166,527.2642,300.0981,529.3872
309.5943,525.7457,299.7725,527.8664
309.2765,524.2347,299.4372,526.3519
308.9326,522.7376,299.1010,524.8439
308.6198,521.2408,298.7773,523.3437
308.2801,519.7576,298.4422,521.8515
307.9697,518.2752,298.1216,520.3659
307.6345,516.8055,297.7900,518.8892
307.3279,515.3374,297.4723,517.4147
306.9785,513.8050,297.1274,515.8747
306.6572,512.2745,296.7969,514.3401
306.3113,510.7567,296.4556,512.8165
305.9927,509.2408,296.1283,511.2988
305.6510,507.7374,295.7889,509.7889
305.3371,506.2360,295.4648,508.2830
304.9978,504.7465,295.1295,506.7904
304.6877,503.2586,294.8089,505.3002
304.3503,501.7834,294.4755,503.8215
304.0438,500.3082,294.1611,502.3508
303.6908,498.7734,293.8180,500.8173
303.3701,497.2383,293.4939,499.2960
303.0196,495.7179,293.1562,497.7814
302.7027,494.1979,292.8354,496.2735
302.3542,492.6920,292.5010,494.7761
302.0403,491.1855,292.1851,493.2895
301.6946,489.6938,291.8543,491.8080
301.3846,488.2018,291.5406,490.3298
301.0412,486.7245,291.2135,488.8625
300.7329,485.2463,290.9040,487.4009
300.3922,483.7812,290.5825,485.9566
300.0680,482.2467,290.2631,484.4451
299.7160,480.7268,289.9302,482.9396
299.3926,479.2079,289.6102,481.4284
299.0744,477.6933,289.2759,479.9151
298.7225,476.1888,288.9545,478.4044
298.4035,474.6785,288.6224,476.9010
298.0564,473.1750,288.2892,475.4026
297.7395,471.6644,287.9696,473.9041
297.3938,470.1571,287.6373,472.4126
297.0735,468.6399,287.3148,470.9054
296.7525,467.1145,286.9780,469.4000
296.3990,465.5893,286.6523,467.8785
296.0889,464.1160,286.3303,466.4332
295.7501,462.6412,286.0050,464.9774
295.4368,461.1505,285.6928,463.5134
295.0938,459.6558,285.3651,462.0523
294.7738,458.1453,285.0527,460.5797
294.4246,456.6312,284.7235,459.1062
294.0942,455.1026,284.4089,457.6160
293.7409,453.5687,284.0767,456.1225
293.4021,452.0197,283.7614,454.6181
293.0799,450.5324,283.4456,453.1856
292.7321,449.0417,283.1438,451.7397
292.4025,447.5351,282.8270,450.2895
292.0505,446.0248,282.5080,448.8289
291.7120,444.4980,282.2049,447.3588
291.3556,442.9662,281.8833,445.8818
291.0090,441.4198,281.5766,444.3907
290.6472,439.8673,281.2515,442.8929
290.3086,438.3782,280.9578,441.4597
289.9672,436.8788,280.6475,440.0225
289.6133,435.3696,280.3524,438.5765
289.2652,433.8449,280.0421,437.1284
288.9052,432.3101,279.7353,435.6717
288.5465,430.7599,279.4337,434.2046
288.1808,429.1990,279.1190,432.7296
287.8146,427.6294,278.7989,431.2372
287.4434,426.0465,278.4664,429.7388
287.0496,424.4642,278.1194,428.2276
286.6541,422.8641,277.7570,426.7150
286.2749,421.3349,277.3993,425.2771
285.8408,419.8165,277.0192,423.8375
285.4155,418.2768,276.6429,422.3872
284.9355,416.7496,276.1799,420.9661
284.4442,415.2103,275.7183,419.5372
283.9269,413.6723,275.2020,418.1247
283.3436,412.1611,274.6711,416.7083
282.7553,410.6446,274.1026,415.3021
282.1371,409.1387,273.5080,413.9014
281.4591,407.6655,272.8866,412.5072
280.7793,406.1880,272.2593,411.1111
280.0774,404.7142,271.6144,409.7208
279.3290,403.2643,270.9517,408.3359
278.5812,401.8081,270.2625,406.9637
277.8086,400.3610,269.5566,405.6001
277.0316,398.9192,268.8145,404.2562
276.2431,397.4828,268.0589,402.9209
275.4254,396.0707,267.2722,401.6066
274.6071,394.6585,266.4610,400.3120
273.7821,393.2532,265.6326,399.0344
272.8963,391.8919,264.7967,397.7687
272.0163,390.5279,263.9417,396.5250
271.0963,389.1935,263.0852,395.2911
270.1675,387.8693,262.2020,394.0853
269.2228,386.5650,261.3274,392.8801
268.1871,385.2283,260.3711,391.6423
267.1460,383.9057,259.4046,390.4211
266.0926,382.5977,258.4362,389.2107
265.0239,381.3044,257.4360,388.0373
263.9193,380.0598,256.4451,386.8632
262.8240,378.8206,255.4170,385.7315
261.7160,377.5965,254.3786,384.6190
260.5627,376.4305,253.3479,383.5065
259.4065,375.2575,252.2827,382.4384
258.2453,374.1072,251.2311,381.3631
257.0209,373.0042,250.1414,380.3374
255.8164,371.9120,249.0412,379.3285
254.5360,370.8153,247.8865,378.2679
253.2568,369.7352,246.6957,377.2557
251.9699,368.6733,245.5148,376.2397
250.6571,367.6477,244.2955,375.2762
249.3501,366.6413,243.0632,374.3337
248.0510,365.6598,241.8320,373.3923
246.7088,364.6985,240.5716,372.4951
245.3462,363.7354,239.3157,371.5986
243.9660,362.7870,238.0296,370.7453
242.5639,361.8819,236.7317,369.9078
241.1483,360.9830,235.4315,369.0766
239.7300,360.1017,234.1091,368.2757
238.2831,359.2568,232.7830,367.4821
236.8316,358.4179,231.4350,366.7228
235.3729,357.5972,230.0798,365.9746
233.8825,356.8223,228.7081,365.2552
232.3911,356.0514,227.3236,364.5586
230.8943,355.2937,225.9261,363.8853
229.3674,354.5904,224.5132,363.2413
227.8375,353.8823,223.0954,362.6131
226.3076,353.1986,221.6604,362.0132
224.8129,352.6016,220.2951,361.4601
223.3325,351.9937,218.9160,360.9337
221.8274,351.4462,217.5276,360.4280
220.3238,350.9007,216.1343,359.9369
218.8114,350.3830,214.7256,359.4822
217.2971,349.8588,213.3207,359.0320
215.7907,349.3280,211.9030,358.6133
214.2771,348.8292,210.4828,358.2000
212.7636,348.3249,209.0527,357.8217
211.2388,347.8595,207.6178,357.4576
209.7113,347.3912,206.1856,357.1011
208.1731,346.9525,204.7355,356.8044
206.6354,346.5150,203.2926,356.4968
205.1060,346.0824,201.8237,356.2541
203.5411,345.7302,200.3651,356.0174
201.9876,345.3788,198.8895,355.8204
200.4233,345.0652,197.4154,355.6350
198.8322,344.8461,195.9387,355.4809
197.2459,344.6360,194.4580,355.3423
195.6566,344.4797,192.9693,355.2152
194.0634,344.3620,191.4762,355.1068
192.4743,344.2550,189.9801,355.0034
190.8946,344.1005,188.4898,354.9146
189.3210,343.9436,186.9949,354.8340
187.7481,343.7660,185.5102,354.7616
186.1600,343.6908,184.0196,354.7001
184.5787,343.6014,182.5290,354.6364
182.9916,343.5485,181.0409,354.5857
181.4100,343.4871,179.5517,354.5344
179.8277,343.4351,178.0693,354.4735
178.2484,343.3716,176.5893,354.4261
176.6683,343.3240,175.1133,354.3681
175.0905,343.2630,173.6410,354.3227
173.5135,343.2177,172.1664,354.2658
171.9401,343.1571,170.6886,354.2195
170.3692,343.0917,169.2061,354.1727
168.7969,343.0535,167.7201,354.1126
167.2272,342.9866,166.2346,354.0643
165.6552,342.9497,164.7482,354.0050
164.0840,342.8832,163.2673,353.9588
162.5100,342.8464,161.7886,353.9008
160.9364,342.7813,160.3139,353.8556
159.3592,342.7424,158.8465,353.8067
157.7823,342.6786,157.3783,353.7508
156.2039,342.6300,155.9052,353.7025
154.6238,342.5575,154.4344,353.6544
153.0413,342.4663,152.9626,353.6169
151.4545,342.4719,151.4974,353.5730
149.8655,342.4369,150.0316,353.5403
148.2754,342.4658,148.5632,353.5084
146.6831,342.4666,147.0899,353.4651
145.0904,342.5141,145.6137,353.4360
143.4950,342.5481,144.1328,353.3871
141.8968,342.5925,142.6516,353.3501
140.3018,342.6918,141.1587,353.3111
138.7026,342.7751,139.6652,353.2800
137.1005,342.8668,138.1715,353.2551
135.5022,343.0103,136.6701,353.2433
133.8982,343.1349,135.1690,353.2432
132.2972,343.2903,133.6573,353.2552
130.6894,343.4364,132.1536,353.2988
129.1651,343.5789,130.7193,353.3388
127.6407,343.7442,129.2864,353.4082
126.1152,343.8993,127.8400,353.4836
124.5857,344.0642,126.3988,353.5773
123.0545,344.2223,124.9477,353.6820
121.5199,344.3797,123.4931,353.7975
119.9875,344.5633,122.0358,353.9252
118.4455,344.7343,120.5810,354.0643
116.9074,344.9332,119.1227,354.2189
115.3626,345.1258,117.6631,354.3816
113.8200,345.3456,116.2076,354.5779
112.2731,345.5661,114.7481,354.7784
110.7230,345.7867,113.2883,355.0000
109.1837,346.0624,111.8263,355.2286
107.6367,346.3282,110.3679,355.4830
106.0945,346.6312,108.9112,355.7511
104.5521,346.9330,107.4542,356.0450
103.0054,347.2377,106.0006,356.3594
101.4725,347.5906,104.5446,356.6836
99.9335,347.9321,103.0949,357.0393
98.4025,348.3224,101.6477,357.4024
96.8702,348.7135,100.2037,357.7889
95.3376,349.1175,98.7630,358.1913
93.8202,349.5601,97.3216,358.6067
92.3007,349.9945,95.8837,359.0444
90.7885,350.4668,94.4488,359.4916
89.2753,350.9453,93.0164,359.9525
87.7675,351.4374,91.5856,360.4281
86.2749,351.9645,90.1539,360.9126
84.7792,352.4891,88.7274,361.4171
83.2949,353.0348,87.2996,361.9297
81.8104,353.5854,85.8733,362.4524
80.3277,354.1433,84.4518,362.9924
78.8569,354.7383,83.0299,363.5360
77.3843,355.3292,81.6153,364.1021
75.9221,355.9489,80.2016,364.6750
74.4619,356.5742,78.7965,365.2711
73.0027,357.2148,77.3976,365.8828
71.5597,357.8915,76.0025,366.5062
70.1115,358.5718,74.6165,367.1499
68.6712,359.2670,73.2343,367.8053
67.2404,359.9880,71.8654,368.4885
65.8081,360.7107,70.5039,369.1883
64.3715,361.4394,69.1373,369.8802
62.9354,362.1740,67.7838,370.5986
61.5037,362.9130,66.4339,371.3276
60.0797,363.6787,65.0872,372.0634
58.6532,364.4505,63.7540,372.8239
57.2350,365.2264,62.4191,373.5863
55.8426,366.0583,61.1018,374.3779
54.4478,366.8959,59.7844,375.1711
53.0723,367.7445,58.4876,376.0009
51.7147,368.6332,57.1985,376.8426
50.3601,369.5234,55.9121,377.6904
49.0123,370.4286,54.6476,378.5710
47.6842,371.3645,53.3789,379.4464
46.3549,372.3013,52.1359,380.3588
45.0419,373.2433,50.8990,381.2821
43.7404,374.2035,49.6570,382.1990
42.4349,375.1577,48.4375,383.1469
41.1480,376.1356,47.2132,384.0889
39.8619,377.1148,46.0131,385.0628
38.5804,378.1049,44.8213,386.0467
37.3265,379.1302,43.6264,387.0263
36.0646,380.1538,42.4517,388.0301
34.8236,381.2092,41.2769,389.0322
33.5904,382.2710,40.1233,390.0602
32.3632,383.3512,38.9809,391.0985
31.1661,384.4620,37.8439,392.1429
29.9767,385.5773,36.7229,393.2050
28.8038,386.6951,35.6031,394.2701
27.6731,387.8494,34.4982,395.3526
26.5390,389.0079,33.4006,396.4402
25.4161,390.1732,32.3223,397.5481
24.3204,391.3713,31.2520,398.6617
23.2237,392.5639,30.1968,399.7904
22.1356,393.7725,29.1556,400.9294
21.0740,395.0024,28.1286,402.0815
20.0065,396.2307,27.1204,403.2483
18.9661,397.4729,26.1197,404.4230
17.9315,398.7157,25.1361,405.6127
16.9017,399.9625,24.1630,406.8091
15.8962,401.2305,23.2036,408.0157
14.8921,402.4911,22.2575,409.2342
13.9089,403.7718,21.3209,410.4575
12.9288,405.0576,20.4021,411.6921
11.9601,406.3467,19.4882,412.9298
11.0195,407.6584,18.5892,414.1770
10.0808,408.9667,17.6980,415.4291
9.1488,410.2811,16.8221,416.6896
8.2551,411.6220,15.9592,417.9591
7.3531,412.9590,15.1042,419.2282
6.4848,414.3153,14.2684,420.5123
5.6190,415.6716,13.4369,421.7954
4.7667,417.0350,12.6268,423.0919
3.9496,418.4237,11.8265,424.3911
3.1289,419.8049,11.0356,425.6944
2.3354,421.2060,10.2754,427.0137
1.5459,422.6024,9.5145,428.3310
0.7681,424.0058,8.7819,429.6627
-0.0050,425.4089,8.0564,430.9944
-0.7798,426.8063,7.3362,432.3267
-1.5404,428.2099,6.6617,433.6859
-2.3009,429.6104,5.9771,435.0331
-3.0528,431.0114,5.3390,436.4092
-3.7855,432.4239,4.6996,437.7769
-4.5182,433.8281,4.0927,439.1686
-5.2436,435.2380,3.4899,440.5524
-5.9690,436.6427,2.9202,441.9554
-6.6897,438.0485,2.3597,443.3587
-7.3615,439.4817,1.7525,444.7275
-8.0379,440.9060,1.2991,446.1868
-8.6837,442.3448,0.8607,447.6485
-9.3301,443.7804,0.2227,448.9955
-9.9644,445.2198,-0.2798,450.4141
-10.5674,446.6724,-0.7813,451.8308
-11.1757,448.1207,-1.2796,453.2416
-11.7757,449.5696,-1.7777,454.6518
-12.3843,451.0135,-2.2720,456.0547
-12.9993,452.4501,-2.7680,457.4606
-13.5290,453.9256,-3.2637,458.8657
-14.0705,455.3922,-3.7591,460.2697
-14.5826,456.8693,-4.2549,461.6745
-15.1017,458.3389,-4.7528,463.0836
-15.6209,459.8075,-5.2480,464.4864
-16.1515,461.2703,-5.6998,465.8981
-16.6843,462.7308,-6.1930,467.2858
-17.2002,464.1963,-6.6866,468.6738
-17.7319,465.6532,-7.1798,470.0605
-18.2453,467.1161,-7.6731,471.4467
-18.7768,468.5703,-8.1657,472.8309
-19.2879,470.0316,-8.6583,474.2141
-19.8182,471.4829,-9.1546,475.6064
-20.3261,472.9410,-9.6544,477.0070
-20.8555,474.3896,-10.1552,478.4108
-21.3606,475.8460,-10.6590,479.8227
-21.8878,477.2936,-11.1625,481.2338
-22.3917,478.7489,-11.6677,482.6499
-22.9166,480.1953,-12.1754,484.0729
-23.4196,481.6492,-12.6827,485.4954
-23.9420,483.0966,-13.1903,486.9190
-24.4650,484.5459,-13.6979,488.3429
-24.9678,486.0050,-14.2068,489.7709
-25.4914,487.4599,-14.7175,491.2043
-25.9974,488.9245,-15.2298,492.6429
-26.5239,490.3864,-15.7433,494.0853
-27.0366,491.8580,-16.1996,495.5542
-27.5694,493.3292,-16.7208,497.0017
-28.1058,494.8055,-17.2444,498.4562
-28.6167,496.2958,-17.7742,499.9293
-29.1586,497.7830,-18.3077,501.4138
-29.6333,499.2078,-18.8147,502.8250
-30.1467,500.6276,-19.3245,504.2445
-30.6004,502.0769,-19.8351,505.6660
-31.0845,503.5251,-20.3477,507.0935
-31.5280,504.9958,-20.8643,508.5329
-32.0002,506.4657,-21.3853,509.9856
-32.4349,507.9570,-21.9109,511.4524
-32.8911,509.4518,-22.4407,512.9223
-33.3282,510.9630,-22.9734,514.4001
-33.7812,512.4792,-23.5085,515.8844
-34.2339,514.0056,-24.0447,517.3778
-34.6778,515.4452,-24.5531,518.7904
-35.1163,516.8955,-25.0626,520.2117
-35.5700,518.3493,-25.5750,521.6410
-36.0250,519.8110,-26.0917,523.0804
-36.4984,521.2755,-26.6092,524.5265
-36.9642,522.7503,-27.1311,525.9841
-37.4539,524.2260,-27.6530,527.4471
-37.9256,525.7173,-28.1714,528.9017
-38.4111,527.2128,-28.6932,530.3572
-38.9030,528.7146,-29.2166,531.8218
-39.4103,530.2177,-29.7483,533.3086
-39.9439,531.7196,-30.2834,534.8118
-40.4530,533.1327,-30.7851,536.2233
-40.9794,534.5474,-31.2888,537.6382
-41.4917,535.9734,-31.7942,539.0600
-42.0169,537.4020,-32.3017,540.4890
-42.5350,538.8396,-32.8100,541.9246
-43.0650,540.2802,-33.3224,543.3634
-43.5883,541.7294,-33.8353,544.8109
-44.1230,543.1815,-34.3529,546.2623
-44.6514,544.6422,-34.8722,547.7185
-45.1897,546.1063,-35.3938,549.1813
-45.7219,547.5779,-35.9180,550.6524
-46.2617,549.0536,-36.4397,552.1296
-46.8025,550.5355,-36.9676,553.6091
-47.3410,552.0246,-37.4971,555.0928
-47.8863,553.5181,-38.0280,556.5808
-48.4293,555.0183,-38.5612,558.0754
-48.9779,556.5227,-39.0964,559.5755
-49.5288,558.0323,-39.6336,561.0813
-50.0412,559.4475,-40.1363,562.4904
-50.5590,560.8665,-40.6276,563.9073
-51.0753,562.2913,-41.1357,565.3228
-51.5972,563.7201,-41.6450,566.7418
-52.1159,565.1556,-42.1554,568.1635
-52.6397,566.5961,-42.6664,569.5863
-53.1588,568.0439,-43.1781,571.0107
-53.6828,569.4958,-43.6873,572.4414
-54.2044,570.9524,-44.2078,573.8768
-54.7303,572.4124,-44.7306,575.3167
-55.2553,573.8775,-45.2519,576.7638
-55.7846,575.3446,-45.7749,578.2181
-56.3122,576.8159,-46.3010,579.6793
-56.8439,578.2894,-46.8286,581.1473
-57.3738,579.7670,-47.3587,582.6207
-57.9087,581.2480,-47.8893,584.0979
-58.4406,582.7340,-48.4228,585.5791
-58.9774,584.2225,-48.9580,587.0653
-59.5105,585.7162,-49.4940,588.5553
-60.0448,587.2136,-50.0329,590.0493
-60.5821,588.7131,-50.5733,591.5487
-61.1182,590.2176,-51.1154,593.0508
-61.6574,591.7255,-51.6585,594.5565
-62.1963,593.2359,-52.2037,596.0680
-62.7387,594.7503,-52.7494,597.5816
-63.2804,596.2685,-53.2967,599.0990
-63.8254,597.7907,-53.8449,600.6188
-64.3305,599.2065,-54.3550,602.0346
-64.8379,600.6247,-54.8662,603.4535
-65.3449,602.0461,-55.3781,604.8753
-65.8537,603.4706,-55.8908,606.2995
-66.3628,604.8984,-56.4047,607.7264
-66.8728,606.3283,-56.9191,609.1565
-67.3837,607.7613,-57.4346,610.5892
-67.8954,609.1966,-57.9509,612.0250
-68.4077,610.6352,-58.4681,613.4627
-68.9217,612.0759,-58.9862,614.9036
-69.4367,613.5195,-59.5049,616.3465
-69.9528,614.9664,-60.0245,617.7916
-70.4696,616.4152,-60.5453,619.2397
-70.9870,617.8670,-61.0668,620.6892
-71.5045,619.3187,-61.5886,622.1404
-72.0205,620.7675,-62.1103,623.5901
-72.5345,622.2092,-62.6296,625.0349
-73.0451,623.6426,-63.1466,626.4713
-73.5527,625.0672,-63.6603,627.9004
-74.0562,626.4817,-64.1714,629.3223
-74.5964,627.9975,-64.7193,630.8435
-75.1316,629.5013,-65.2631,632.3568
-75.6646,630.9959,-65.8046,633.8606
-76.1941,632.4820,-66.3414,635.3551
-76.7199,633.9564,-66.8762,636.8413
-77.2422,635.4207,-67.4072,638.3191
-77.7608,636.8767,-67.9353,639.7874
-78.2749,638.3221,-68.4611,641.2470
-78.7853,639.7543,-68.9852,642.6988
-79.2923,641.1802,-69.5052,644.1413
-79.7973,642.5980,-70.0219,645.5747
-80.2979,644.0069,-70.5376,646.9989
-80.8328,645.5091,-71.0842,648.5152
-81.3634,647.0023,-71.6293,650.0206
-81.8911,648.4880,-72.1682,651.5169
-82.4164,649.9635,-72.7060,653.0029
-82.9373,651.4301,-73.2376,654.4800
-83.4547,652.8864,-73.7706,655.9464
-83.9691,654.3304,-74.2921,657.4063
-84.4793,655.7654,-74.8211,658.8536
-84.9879,657.1938,-75.3268,660.2972
-85.4925,658.6156,-75.8360,661.7293
-85.9954,660.0276,-76.3315,663.1557
-86.5269,661.5246,-76.8600,664.6660
-87.0553,663.0080,-77.3829,666.1674
-87.5803,664.4863,-77.9063,667.6567
-88.1004,665.9515,-78.4226,669.1378
-88.6184,667.4056,-78.9405,670.6079
-89.1325,668.8541,-79.4551,672.0673
-89.6446,670.2911,-79.9632,673.5186
-90.1519,671.7190,-80.4677,674.9600
-90.6566,673.1340,-80.9744,676.3907
-91.1567,674.5399,-81.4487,677.8219
-91.6833,676.0205,-81.9879,679.3196
-92.2114,677.4942,-82.4814,680.8209
-92.7370,678.9657,-83.0954,682.2677
-93.2602,680.4244,-83.7103,683.7032
-93.7781,681.8713,-84.3851,685.1063
-94.2928,683.3092,-84.9100,686.5494
-94.8050,684.7366,-85.4547,687.9746
-95.3138,686.1583,-85.9539,689.4040
-95.8204,687.5700,-86.4529,690.8226
-96.3521,689.0558,-86.9832,692.3121
-96.8809,690.5300,-87.5185,693.7880
-97.4043,691.9943,-88.0406,695.2565
-97.9261,693.4469,-88.5669,696.7118
-98.4420,694.8878,-89.0799,698.1604
-98.9564,696.3202,-89.5976,699.5956
-99.4656,697.7430,-90.1026,701.0239
-99.9727,699.1552,-90.6127,702.4388
-100.5017,700.6336,-91.1385,703.9251
-101.0266,702.0951,-91.6700,705.3976
-101.5455,703.5455,-92.1876,706.8632
-102.0619,704.9803,-92.7107,708.3148
-102.5731,706.4049,-93.2198,709.7596
-103.0777,707.8135,-93.7332,711.1919
-103.5804,709.2102,-94.2418,712.6141
-104.1048,710.6712,-94.7667,714.1028
-104.6237,712.1149,-95.2944,715.5785
-105.1377,713.5497,-95.8131,717.0448
-105.6479,714.9732,-96.3342,718.4980
-106.1551,716.3854,-96.8513,719.9404
-106.6554,717.7831,-97.3639,721.3735
-107.1474,719.1574,-97.8764,722.7967
-107.6547,720.5817,-98.4119,724.2810
-108.1530,721.9795,-98.9474,725.7560
-108.6381,723.3505,-99.4823,727.2227
-109.1174,724.7056,-100.0174,728.6796
-109.5884,726.0479,-100.5505,730.1283
-110.0582,727.3844,-101.0836,731.5668
-110.5456,728.7815,-101.6399,733.0645
-111.0259,730.1699,-102.2055,734.5484
-111.5077,731.5458,-102.7661,736.0269
-111.9801,732.9092,-103.3470,737.4892
-112.4380,734.2705,-103.9301,738.9440
-112.9280,735.6110,-104.5170,740.3907
-113.3945,736.9562,-105.1488,741.8093
-113.9324,738.3337,-105.8022,743.2926
-114.4532,739.7249,-106.4763,744.7608
-115.0305,741.0768,-107.2150,746.1896
-115.5943,742.4414,-107.9425,747.6236
-116.2240,743.7536,-108.7192,749.0293
-116.8518,745.0753,-109.4959,750.4305
-117.4846,746.3968,-110.2844,751.8224
-118.2343,747.6389,-111.1254,753.1710
-118.9512,748.9139,-111.9606,754.5230
-119.7544,750.1284,-112.8351,755.8464
-120.5366,751.3680,-113.7199,757.1706
-121.3871,752.5573,-114.6209,758.4962
-122.2308,753.7676,-115.5654,759.7934
-123.1302,754.9397,-116.5161,761.1016
-124.0309,756.1214,-117.4864,762.4127
-124.9430,757.3058,-118.5162,763.6869
-125.9233,758.4356,-119.5502,764.9781
-126.8942,759.5909,-120.6065,766.2654
-127.9238,760.7041,-121.7277,767.4938
-128.9526,761.8325,-122.8536,768.7400
-129.9828,762.8732,-123.9573,769.9266
-131.0211,763.9221,-125.1302,771.0444
-132.0728,764.9707,-126.3057,772.1808
-133.1947,765.9496,-127.5048,773.2995
-134.3028,766.9574,-128.7859,774.3484
-135.4736,767.8964,-130.0707,775.4139
-136.6435,768.8540,-131.3827,776.4582
-137.8632,769.7543,-132.7652,777.4260
-139.0925,770.6611,-134.1412,778.4024
-140.3396,771.5578,-135.5482,779.3502
-141.6486,772.3717,-137.0091,780.2196
-142.8914,773.1715,-138.4148,781.0635
-144.1827,773.9032,-139.8354,781.8850
-145.4749,774.6459,-141.3046,782.6410
-146.7836,775.3767,-142.7708,783.4017
-148.1389,776.0273,-144.2580,784.1476
-149.4873,776.7093,-145.7789,784.8307
-150.8769,777.3162,-147.3040,785.5241
-152.2676,777.9381,-148.8520,786.1725
-153.6707,778.5439,-150.4149,786.8139
-155.1125,779.0608,-151.9920,787.4350
-156.5462,779.6077,-153.5907,788.0081
-158.0101,780.0776,-155.1953,788.5702
-159.4716,780.5617,-156.8114,789.1117
-160.9410,781.0279,-158.4551,789.5954
-162.4427,781.3875,-160.1086,790.0656
-163.9370,781.7735,-161.7812,790.5105
-165.4523,782.0778,-163.4650,790.9233
-166.9669,782.3908,-165.1672,791.2434
-168.4870,782.6853,-166.8687,791.5656
-170.0271,782.8798,-168.5683,791.8448
-171.5636,783.0981,-170.2811,792.0402
-173.1108,783.2368,-171.9992,792.2298
-174.6588,783.3806,-173.7099,792.3888
-176.1347,783.5004,-175.3513,792.4727
-177.6176,783.5378,-176.9917,792.5500
-179.0982,783.5988,-178.6353,792.6023
-180.5819,783.5873,-180.2831,792.5838
-182.0676,783.5859,-181.9143,792.5632
-183.5516,783.5726,-183.5563,792.5212
-185.0367,783.4600,-185.1881,792.4061
-186.5193,783.3792,-186.8294,792.2958
-187.9995,783.2103,-188.4597,792.1628
-189.4784,783.0586,-190.0880,791.9516
-190.9486,782.8336,-191.7230,791.7520
-192.4193,782.6101,-193.3395,791.4906
-193.8826,782.3735,-194.9639,791.2202
-195.3303,782.0343,-196.5651,790.9293
-196.7682,781.7275,-198.1569,790.5846
-198.2495,781.3161,-199.8038,790.2248
-199.7182,780.9192,-201.4258,789.8481
-201.1653,780.5166,-203.0292,789.3976
-202.5699,779.9913,-204.6140,788.9541
-203.9704,779.5143,-206.1729,788.4963
-205.3242,778.9400,-207.7030,787.9494
-206.7391,778.3705,-209.2756,787.3935
-208.1049,777.7211,-210.8377,786.8165
-209.4625,777.0862,-212.3415,786.1559
-210.7817,776.4043,-213.8372,785.5089
-212.0799,775.7295,-215.3031,784.8155
-213.3609,775.0455,-216.7441,784.1256
-214.6628,774.2910,-218.2311,783.3970
-215.9525,773.5517,-219.6831,782.6367
-217.2177,772.7976,-221.1183,781.8855
-218.4704,772.0530,-222.5313,781.1299
-219.7142,771.3032,-223.9057,780.3535
-221.0043,770.5242,-225.3208,779.5579
-222.2895,769.7496,-226.7050,778.7525
-223.5740,768.9785,-228.0662,777.9585
-224.8583,768.2085,-229.4028,777.1710
-226.1444,767.4456,-230.7190,776.3917
-227.4829,766.6544,-232.0712,775.5899
-228.8195,765.8676,-233.4087,774.8011
-230.1612,765.0865,-234.7285,774.0232
-231.5094,764.3029,-236.0290,773.2508
-232.8662,763.5195,-237.3253,772.5038
-234.2399,762.7457,-238.6078,771.7549
-235.6213,761.9621,-239.8960,771.0335
-237.0289,761.1975,-241.1774,770.3109
-238.4541,760.4286,-242.4708,769.6187
-239.9011,759.6622,-243.7672,768.9304
-241.3887,758.9452,-245.0684,768.2412
-242.8932,758.2203,-246.4024,767.6165
-244.4164,757.5207,-247.7409,766.9660
-245.9771,756.8966,-249.1201,766.3914
-247.5479,756.2691,-250.5106,765.8112
-249.1426,755.6688,-251.9183,765.2443
-250.7118,755.1633,-253.3048,764.7864
-252.2892,754.6539,-254.6970,764.3031
-253.8885,754.1642,-256.1171,763.8901
-255.5308,753.7500,-257.5436,763.4702
-257.1890,753.3319,-258.9910,763.0972
-258.8639,752.9446,-260.4536,762.7314
-260.5461,752.6393,-261.9360,762.3724
-262.2324,752.3387,-263.4483,762.1139
-263.8661,752.0777,-264.9083,761.8519
-265.5183,751.8827,-266.3890,761.6603
-267.1888,751.6886,-267.8825,761.4748
-268.8661,751.5158,-269.3935,761.3154
-270.5612,751.4062,-270.9218,761.2311
-272.2675,751.2998,-272.4633,761.1418
-273.9299,751.2119,-273.9491,761.0948
-275.5894,751.1936,-275.4499,761.0550
-277.2757,751.1796,-276.9621,761.0295
-278.9584,751.1963,-278.4872,761.0738
-280.6602,751.2942,-280.0241,761.1087
-282.3780,751.4064,-281.5693,761.2111
-284.0399,751.5524,-283.0539,761.3164
-285.6948,751.7697,-284.5490,761.4486
-287.3703,752.0015,-286.0424,761.6769
-289.0464,752.2622,-287.5488,761.8921
-290.7202,752.5886,-289.0540,762.1842
-292.3786,752.9251,-290.5704,762.4843
-294.0511,753.2909,-292.0909,762.8134
-295.6426,753.6957,-293.5340,763.1956
-297.2420,754.1147,-294.9872,763.5701
-298.8432,754.5569,-296.4346,764.0072
-300.4446,755.0592,-297.8879,764.4504
-302.0554,755.5767,-299.3444,764.9121
-303.6715,756.1236,-300.7825,765.4613
-305.2873,756.7019,-302.2307,766.0007
-306.8818,757.3687,-303.6630,766.6105
-308.4046,758.0006,-305.0273,767.1954
-309.9222,758.6617,-306.3928,767.7968
-311.4183,759.4151,-307.7253,768.4902
-312.9186,760.1693,-309.0683,769.1637
-314.4096,760.9538,-310.3795,769.9139
-315.8648,761.8166,-311.6945,770.6574
-317.3166,762.6795,-312.9795,771.4657
-318.7515,763.5693,-314.2614,772.2815
-320.1580,764.5238,-315.5342,773.1104
-321.5548,765.4753,-316.7657,774.0198
-322.9378,766.4505,-318.0025,774.9159
-324.2872,767.4709,-319.2061,775.8699
-325.6301,768.4887,-320.4092,776.8259
-326.9622,769.5272,-321.6050,777.7890
-328.2578,770.6161,-322.7579,778.8164
-329.4891,771.6470,-323.8569,779.7714
-330.7155,772.6886,-324.9156,780.7767
-331.8810,773.8102,-325.9801,781.7705
-333.0547,774.9237,-326.9998,782.8139
-334.1817,776.0890,-328.0201,783.8536
-335.2995,777.2625,-329.0366,784.8919
-336.3988,778.4533,-329.9646,786.0313
-337.4426,779.7007,-330.9367,787.1133
-338.4761,780.9497,-331.7952,788.3192
-339.4731,782.2269,-332.6778,789.4960
-340.4254,783.5439,-333.4877,790.7413
-341.3726,784.8558,-334.3052,791.9724
-342.3206,786.1618,-335.0785,793.2357
-343.2357,787.4935,-335.8494,794.4913
-344.1575,788.8135,-336.5938,795.7608
-345.0409,790.1609,-337.3356,797.0296
-345.9223,791.5063,-338.0711,798.2905
-346.7867,792.8622,-338.7957,799.5497
-347.6637,794.2029,-339.5185,800.8064
-348.5437,795.5374,-340.2416,802.0625
-349.4096,796.8778,-340.9706,803.3259
-350.2880,798.2071,-341.7019,804.5913
-351.1347,799.5596,-342.4341,805.8588
-351.9923,800.9027,-343.1720,807.1341
-352.8210,802.2670,-343.9133,808.4112
-353.6613,803.6235,-344.6558,809.6954
-354.4683,805.0026,-345.4104,810.9848
-355.2834,806.3774,-346.1660,812.2799
-356.0828,807.7625,-346.9338,813.5850
-356.8442,809.0666,-347.6658,814.8337
-357.6022,810.3743,-348.4063,816.0869
-358.3695,811.6781,-349.1498,817.3492
-359.1298,812.9906,-349.8887,818.5985
-359.9005,814.2979,-350.6349,819.8594
-360.6609,815.6138,-351.3811,821.1232
-361.4342,816.9248,-352.1287,822.3872
-362.1967,818.2459,-352.8725,823.6473
-362.9709,819.5626,-353.6203,824.9125
-363.7337,820.8862,-354.3806,826.1972
-364.5081,822.2079,-355.1354,827.4749
-365.2739,823.5386,-355.8894,828.7479
-366.0504,824.8676,-356.6414,830.0202
-366.8180,826.2018,-357.4046,831.3095
-367.5952,827.5348,-358.1680,832.5997
-368.3740,828.8708,-358.9322,833.8934
-369.1493,830.2131,-359.6973,835.1872
-369.9316,831.5528,-360.4708,836.4980
-370.7109,832.8987,-361.2427,837.8081
-371.4974,834.2452,-362.0145,839.1210
-372.2849,835.5937,-362.7912,840.4425
-373.0816,836.9427,-363.5660,841.7635
-373.8899,838.2897,-364.3410,843.0897
-374.6567,839.6612,-365.1221,844.4188
-375.4354,841.0305,-365.9038,845.7526
-376.1980,842.4110,-366.6896,847.0903
-376.9662,843.7918,-367.4772,848.4350
-377.7340,845.1778,-368.2664,849.7783
-378.5079,846.5636,-369.0575,851.1293
-379.2815,847.9528,-369.8524,852.4836
-380.0608,849.3429,-370.6475,853.8429
-380.8477,850.7311,-371.4473,855.2108
-381.6288,852.1248,-372.2517,856.5824
-382.3747,853.4339,-373.0090,857.8791
-383.1059,854.7521,-373.7710,859.1790
-383.8448,856.0702,-374.5318,860.4820
-384.5755,857.3956,-375.2964,861.7857
-385.3121,858.7204,-376.0590,863.0957
-386.0410,860.0517,-376.8308,864.4048
-386.7762,861.3832,-377.6012,865.7176
-387.5074,862.7185,-378.3777,867.0328
-388.2480,864.0530,-379.1531,868.3503
-388.9905,865.3888,-379.9320,869.6701
-389.7380,866.7247,-380.7103,870.9936
-390.4890,868.0615,-381.4920,872.3183
-391.2425,869.3999,-382.2727,873.6463
-391.9967,870.7390,-383.0581,874.9767
-392.7585,872.0778,-383.8423,876.3094
-393.5172,873.4200,-384.6296,877.6435
-394.2951,874.7566,-385.4150,878.9793
-395.0748,876.0931,-386.2019,880.3156
-395.8584,877.4267,-386.9921,881.6523
-396.6476,878.7589,-387.7796,882.9892
-397.4279,880.0937,-388.5685,884.3240
-398.2102,881.4230,-389.3537,885.6590
-398.9874,882.7515,-390.1389,886.9872
-399.7643,884.0709,-390.9182,888.3112
-400.5357,885.3813,-391.6955,889.6271
-401.2984,886.6844,-392.4660,890.9372
-402.0598,887.9767,-393.2339,892.2389
-402.8601,889.3441,-394.0420,893.6147
-403.6592,890.7015,-394.8463,894.9812
-404.4526,892.0476,-395.6430,896.3421
-405.2373,893.3883,-396.4370,897.6921
-406.0207,894.7172,-397.2226,899.0363
-406.7954,896.0405,-398.0040,900.3713
-407.5693,897.3521,-398.7844,901.6970
-408.3342,898.6591,-399.5555,903.0160
-409.0981,899.9555,-400.3263,904.3252
-409.8542,901.2461,-401.0877,905.6283
-410.6544,902.6026,-401.8930,906.9969
-411.4444,903.9514,-402.6880,908.3598
-412.2314,905.2849,-403.4840,909.7128
-413.0130,906.6081,-404.2692,911.0603
-413.7837,907.9233,-405.0555,912.3971
-414.5549,909.2288,-405.8301,913.7282
-415.3170,910.5306,-406.6066,915.0466
-416.0783,911.8213,-407.3715,916.3604
-416.8326,913.1089,-408.1379,917.6617
-417.6277,914.4549,-408.9346,919.0308
-418.4118,915.7932,-409.7342,920.3872
-419.1981,917.1244,-410.5208,921.7375
-419.9762,918.4534,-411.3012,923.0791
-420.7525,919.7676,-412.0855,924.4079
-421.5145,921.0680,-412.8563,925.7350
-422.2785,922.3603,-413.6312,927.0479
-423.0395,923.6471,-414.3908,928.3574
-423.7921,924.9338,-415.1562,929.6522
-424.5873,926.2802,-415.9457,931.0115
-425.3685,927.6165,-416.7410,932.3571
-426.1426,928.9278,-417.5319,933.6962
-426.8961,930.2178,-418.3085,935.0346
-427.6456,931.4892,-419.0898,936.3603
-428.3821,932.7518,-419.8540,937.6853
-429.1127,933.9903,-420.6268,938.9966
-429.8221,935.2103,-421.3825,940.3101
-430.5669,936.4787,-422.1883,941.6717
-431.3018,937.7300,-422.9789,943.0337
-432.0247,938.9844,-423.7735,944.3829
-432.7458,940.2215,-424.5570,945.7315
-433.4553,941.4707,-425.3337,947.0744
-434.1630,942.7066,-426.1006,948.4177
-434.8631,943.9367,-426.8701,949.7537
-435.5533,945.1517,-427.6339,951.0919
-436.2752,946.4225,-428.4287,952.4930
-436.9972,947.6743,-429.2425,953.8800
-437.7174,948.9197,-430.0464,955.2752
-438.4413,950.1445,-430.8783,956.6530
-439.1725,951.3656,-431.7037,958.0370
-439.9030,952.5849,-432.5642,959.3934
-440.6739,953.7665,-433.4302,960.7486
-441.4645,955.0113,-434.3497,962.1614
-442.3043,956.2100,-435.3347,963.5144
-443.1372,957.4181,-436.3212,964.8730
-444.0246,958.5737,-437.3389,966.2018
-444.9123,959.7300,-438.4350,967.4481
-445.8512,960.8355,-439.5248,968.6980
-446.7948,961.9300,-440.6478,969.9228
-447.7907,963.0626,-441.8928,971.1126
-448.8746,964.0766,-443.1395,972.3067
-449.9309,965.1311,-444.4054,973.4882
-451.0765,966.0602,-445.7372,974.5689
-452.2147,967.0104,-447.0712,975.6480
-453.4144,967.8631,-448.4448,976.6753
-454.6193,968.7163,-449.8775,977.6033
-455.8646,969.4930,-451.3343,978.5261
-457.1254,970.2506,-452.8166,979.4055
-458.4051,970.9821,-454.3475,980.2034
-459.7275,971.6411,-455.8926,980.9850
-461.0558,972.3121,-457.4705,981.7422
-462.4285,972.9090,-459.0693,982.4657
-463.8196,973.4973,-460.7202,983.0780
-465.2362,974.0610,-462.3816,983.6900
-466.7012,974.5074,-464.0842,984.2555
-468.1159,974.9504,-465.7590,984.6962
-469.5683,975.3019,-467.4512,985.1149
-471.0376,975.6405,-469.1707,985.4879
-472.5332,975.9143,-470.9187,985.8152
-474.0489,976.1475,-472.7019,986.0377
-475.5142,976.3472,-474.4309,986.2467
-477.0022,976.4553,-476.1722,986.4175
-478.5025,976.5510,-477.9366,986.4852
-480.0188,976.5698,-479.7102,986.5363
-481.5462,976.5487,-481.5007,986.5400
-483.0842,976.4934,-483.3062,986.4936
-484.5583,976.3410,-485.0384,986.3164
-486.0394,976.1749,-486.7758,986.1342
-487.5231,975.9378,-488.5147,985.9004
-489.0127,975.6672,-490.2337,985.5419
-490.5115,975.3787,-491.9346,985.1679
-492.0048,974.9893,-493.6258,984.7516
-493.4346,974.6158,-495.2304,984.3295
-494.8566,974.1599,-496.8317,983.8978
-496.2828,973.6897,-498.4301,983.4444
-497.7187,973.2321,-500.0149,982.9072
-499.1052,972.5325,-501.5901,982.3598
-500.5034,971.8645,-503.1576,981.7848
-501.8687,971.0722,-504.7121,981.1282
-503.2382,970.2797,-506.2585,980.4591
-504.5253,969.4721,-507.7223,979.7967
-505.8132,968.6562,-509.1558,979.0398
-507.0911,967.8127,-510.5902,978.2686
-508.3584,966.9593,-512.0254,977.4621
-509.6168,966.1136,-513.4482,976.5839
-510.8808,965.2663,-514.8623,975.7030
-512.1385,964.4109,-516.2691,974.7949
-513.4051,963.5585,-517.6709,973.8877
-514.6036,962.7426,-519.0003,973.0282
-515.8033,961.9247,-520.3276,972.1607
-517.0169,961.1077,-521.6521,971.2957
-518.2249,960.2847,-522.9799,970.4238
-519.4470,959.4625,-524.3077,969.5542
-520.6725,958.6304,-525.6381,968.6840
-521.9032,957.8042,-526.9690,967.8021
-523.1350,956.9696,-528.3069,966.9242
-524.3824,956.1343,-529.6410,966.0365
-525.6405,955.2861,-530.9810,965.1551
-526.9152,954.4342,-532.3183,964.2629
-528.1281,953.6165,-533.5842,963.4183
-529.3525,952.8010,-534.8589,962.5790
-530.5785,951.9750,-536.1338,961.7274
-531.8129,951.1561,-537.4198,960.8814
-533.0501,950.3276,-538.7058,960.0229
-534.3000,949.5000,-540.0021,959.1711
-535.5580,948.6614,-541.2967,958.3060
-536.8233,947.8234,-542.6033,957.4475
-538.1022,946.9770,-543.9074,956.5755
-539.3790,946.1255,-545.2259,955.7113
-540.6686,945.2727,-546.5414,954.8308
-541.9600,944.4128,-547.8706,953.9588
-543.2564,943.5551,-549.1987,953.0702
-544.4805,942.7396,-550.4626,952.2443
-545.7124,941.9250,-551.7225,951.4000
-546.9442,941.1048,-552.9885,950.5526
-548.1878,940.2830,-554.2670,949.7140
-549.4370,939.4523,-555.5425,948.8598
-550.6934,938.6217,-556.8320,948.0150
-551.9566,937.7823,-558.1179,947.1534
-553.2305,936.9385,-559.4173,946.3016
-554.5125,936.0851,-560.7128,945.4336
-555.8025,935.2285,-562.0213,944.5738
-557.0985,934.3634,-563.3275,943.6994
-558.4011,933.4971,-564.6464,942.8327
-559.7149,932.6187,-565.9622,941.9526
-561.0450,931.7339,-567.2894,941.0813
-562.3791,930.8422,-568.6140,940.1952
-563.6359,930.0055,-569.8677,939.3725
-564.8971,929.1620,-571.1178,938.5350
-566.1619,928.3196,-572.3789,937.7041
-567.4245,927.4747,-573.6388,936.8603
-568.6871,926.6341,-574.9095,936.0210
-569.9507,925.7888,-576.1797,935.1715
-571.2270,924.9388,-577.4586,934.3280
-572.5019,924.0858,-578.7359,933.4718
-573.7719,923.2402,-580.0245,932.6200
-575.0343,922.3956,-581.3124,931.7547
-576.2896,921.5545,-582.6114,930.8937
-577.5406,920.7272,-583.9101,930.0188
-578.7837,919.9011,-585.2192,929.1470
-580.0248,919.0826,-586.5291,928.2640
-581.2706,918.2572,-587.8479,927.3848
-582.5186,917.4363,-589.1664,926.4941
-583.7610,916.6184,-590.4943,925.6027
-584.9968,915.8064,-591.8298,924.7056
-586.2252,915.0006,-593.1784,923.8086
-587.4560,914.1904,-594.5215,922.8905
-588.6968,913.3713,-595.8714,921.9697
-589.9601,912.5355,-597.2165,921.0384
-591.2329,911.6891,-598.5304,920.0617
-592.4333,910.9012,-599.7705,919.1562
-593.6373,910.1002,-600.9815,918.2103
-594.8493,909.2979,-602.2014,917.2652
-596.0540,908.4835,-603.4103,916.2963
-597.2658,907.6670,-604.6263,915.3249
-598.4731,906.8315,-605.8397,914.3420
-599.6866,905.9898,-607.0578,913.3547
-600.9103,905.1463,-608.2766,912.3581
-602.1058,904.2638,-609.4961,911.3517
-603.3214,903.3917,-610.7229,910.3399
-604.5043,902.4716,-611.9498,909.3210
-605.7023,901.5577,-613.1840,908.2952
-606.8667,900.6013,-614.4405,907.2784
-608.0418,899.6451,-615.6740,906.2275
-609.1823,898.6480,-616.9206,905.1762
-610.3269,897.6422,-618.1462,904.0970
-611.4699,896.6225,-619.3135,902.9621
-612.5545,895.5474,-620.4949,901.8274
-613.6578,894.4777,-621.6325,900.6488
-614.7141,893.3618,-622.7653,899.4605
-615.7769,892.2417,-623.8849,898.2553
-616.8296,891.1057,-624.9656,897.0131
-617.8251,889.9241,-626.0483,895.7596
-618.8408,888.7503,-627.1185,894.4879
-619.8061,887.5392,-628.1568,893.1764
-620.7815,886.3291,-629.1984,891.8567
-621.7206,885.0858,-630.2273,890.5274
-622.6609,883.8352,-631.2136,889.1693
-623.5949,882.5730,-632.2015,887.8096
-624.4806,881.2786,-633.1804,886.4277
-625.3739,879.9834,-634.1172,885.0131
-626.2617,878.6795,-635.0587,883.5924
-627.0867,877.3361,-635.9896,882.1523
-627.9296,875.9978,-636.8691,880.6748
-628.7191,874.6246,-637.7462,879.1977
-629.5143,873.2486,-638.6022,877.7070
-630.3027,871.8625,-639.3980,876.1898
-631.0121,870.4337,-640.1893,874.6702
-631.7371,869.0086,-640.9633,873.1357
-632.4080,867.5539,-641.6785,871.5826
-633.0328,866.2017,-642.3414,870.1313
-633.6493,864.8430,-642.9870,868.6714
-634.2015,863.4557,-643.5859,867.1877
-634.7679,862.0736,-644.1865,865.6950
-635.2834,860.6699,-644.7642,864.2071
-635.8050,859.2704,-645.2963,862.7012
-636.3177,857.8707,-645.8311,861.2000
-636.7899,856.3405,-646.3894,859.5785
-637.2809,854.8223,-646.8857,857.9380
-637.7087,853.2892,-647.3852,856.3036
-638.1415,851.7633,-647.8633,854.6695
-638.5585,850.2374,-648.2696,853.0252
-638.8991,848.6958,-648.6799,851.3891
-639.2590,847.1665,-649.0705,849.7499
-639.5515,845.6270,-649.3924,848.0951
-639.8498,844.0952,-649.7165,846.4532
-640.1338,842.5658,-650.0144,844.8146
-640.3453,841.0278,-650.2484,843.1670
-640.5758,839.5032,-650.4857,841.5213
-640.7438,837.9749,-650.7021,839.8737
-640.9179,836.4549,-650.8591,838.2273
-641.0806,834.9364,-651.0173,836.6038
-641.1698,833.4147,-651.1576,834.9802
-641.2810,831.9057,-651.2358,833.3510
-641.3342,830.3955,-651.3228,831.7341
-641.4013,828.8970,-651.3637,830.1157
-641.4138,827.3992,-651.4003,828.5084
-641.4312,825.9104,-651.4199,826.9068
-641.4374,824.4282,-651.3819,825.3090
-641.3655,822.9464,-651.3462,823.7229
-641.3141,821.3720,-651.2889,822.0291
-641.1943,819.8031,-651.1658,820.3415
-641.0854,818.2440,-651.0477,818.6667
-640.9619,816.6937,-650.9073,817.0019
-640.7514,815.1515,-650.6979,815.3453
-640.5669,813.6223,-650.4946,813.6976
-640.3165,812.1026,-650.2705,812.0620
-640.0819,810.5974,-649.9827,810.4345
-639.7920,809.1003,-649.7044,808.8225
-639.5084,807.6148,-649.3818,807.2225
-639.2162,806.1424,-649.0534,805.6324
-638.8581,804.6846,-648.7151,804.0539
-638.5245,803.2391,-648.3218,802.4890
-638.1384,801.8009,-647.9292,800.9397
-637.7685,800.3753,-647.5094,799.4010
-637.3598,798.9595,-647.1273,797.8700
-636.9606,797.5543,-646.7380,796.3479
-636.5561,796.1564,-646.3689,794.8317
-636.1040,794.7755,-645.9941,793.3225
-635.6715,793.4023,-645.6427,791.8156
-635.2121,792.0396,-645.2880,790.3155
-634.7664,790.6831,-644.9384,788.8189
-634.3051,789.3305,-644.5937,787.3272
-633.8555,787.9858,-644.2451,785.8384
-633.3936,786.6432,-643.9013,784.3531
-632.9064,785.2051,-643.4978,782.7819
-632.4138,783.7674,-643.0944,781.2145
-631.9262,782.3247,-642.6722,779.6555
-631.4376,780.8810,-642.2412,778.1018
-630.9443,779.4342,-641.8075,776.5517
-630.4541,777.9781,-641.3437,775.0134
-629.9579,776.5192,-640.8803,773.4768
-629.4651,775.0507,-640.3809,771.9532
-628.9726,773.5905,-639.8698,770.4328
-628.4772,772.1406,-639.3452,768.9169
-627.9868,770.6861,-638.8216,767.4020
-627.4896,769.2315,-638.2905,765.8906
-626.9946,767.7644,-637.7619,764.3813
-626.5000,766.3031,-637.2217,762.8757
-626.0108,764.8592,-636.6762,761.3690
-625.5226,763.3998,-636.1408,759.8619
-625.0263,761.9294,-635.5933,758.3602
-624.5383,760.4665,-635.0581,756.8520
-624.0539,759.0249,-634.5059,755.3453
-623.5744,757.5760,-633.9729,753.8328
-623.0823,756.1144,-633.4233,752.3274
-622.5975,754.6521,-632.8789,750.8181
-622.1057,753.2019,-632.3517,749.2987
-621.6155,751.7415,-631.8120,747.7831
-621.1522,750.3661,-631.3162,746.3568
-620.6779,748.9945,-630.8076,744.9332
-620.2090,747.6169,-630.3125,743.5021
-619.7227,746.2349,-629.8042,742.0753
-619.2431,744.8540,-629.3153,740.6365
-618.7619,743.4702,-628.8170,739.1989
-618.2562,742.0885,-628.3221,737.7581
-617.7624,740.6986,-627.8199,736.3169
-617.2451,739.3190,-627.3083,734.8756
-616.7379,737.9304,-626.7768,733.4398
-616.2070,736.5473,-626.2430,732.0020
-615.6833,735.1547,-625.6994,730.5663
-615.1396,733.7681,-625.1497,729.1293
-614.6035,732.3805,-624.5932,727.6902
-614.0478,730.9958,-624.0139,726.2590
-613.4925,729.6027,-623.4414,724.8227
-612.9338,728.1989,-622.8378,723.4014
-612.3470,726.8001,-622.2395,721.9762
-611.7706,725.3970,-621.5969,720.5680
-611.1680,724.0008,-620.9510,719.1600
-610.5720,722.5987,-620.2957,717.7523
-609.9528,721.2082,-619.6016,716.3603
-609.3372,719.8143,-618.9129,714.9618
-608.7100,718.4174,-618.2007,713.5743
-608.0518,717.0374,-617.4879,712.1831
-607.4048,715.6508,-616.7611,710.7952
-606.7288,714.2688,-616.0322,709.4085
-606.0612,712.8830,-615.2963,708.0220
-605.3708,711.5062,-614.5547,706.6353
-604.6840,710.1238,-613.8211,705.2420
-603.9899,708.7367,-613.0750,703.8547
-603.2720,707.3637,-612.3343,702.4600
-602.5635,705.9859,-611.5688,701.0747
-601.8330,704.6137,-610.8025,699.6887
-601.1090,703.2375,-610.0288,698.3033
-600.3668,701.8669,-609.2504,696.9185
-599.6284,700.4927,-608.4761,695.5282
-598.8873,699.1194,-607.6968,694.1373
-598.1274,697.7529,-606.9180,692.7437
-597.3751,696.3818,-606.1272,691.3527
-596.6074,695.0176,-605.3349,689.9586
-595.8425,693.6450,-604.5347,688.5669
-595.0736,692.2712,-603.7314,687.1734
-594.2892,690.9051,-602.9194,685.7810
-593.5091,689.5286,-602.1027,684.3900
-592.7148,688.1594,-601.2812,682.9966
-591.9790,686.8771,-600.5089,681.6951
-591.2402,685.5923,-599.7342,680.3918
-590.4833,684.3126,-598.9554,679.0888
-589.7330,683.0241,-598.1729,677.7852
-588.9675,681.7432,-597.3879,676.4783
-588.2082,680.4565,-596.5982,675.1705
-587.4339,679.1747,-595.8067,673.8606
-586.6640,677.8876,-595.0047,672.5535
-585.8891,676.5977,-594.2032,671.2436
-585.0989,675.3169,-593.3901,669.9362
-584.3157,674.0285,-592.5752,668.6260
-583.5167,672.7478,-591.7478,667.3198
-582.7258,671.4619,-590.9147,666.0116
-581.9171,670.1838,-590.0776,664.7025
-581.1139,668.8996,-589.2217,663.4019
-580.3064,667.6137,-588.3661,662.0979
-579.4708,666.3457,-587.4955,660.7997
-578.6444,665.0674,-586.6213,659.5005
-577.7906,663.8014,-585.7418,658.2030
-576.9449,662.5290,-584.8467,656.9122
-576.0774,661.2669,-583.9514,655.6189
-575.2195,660.0027,-583.0426,654.3268
-574.3367,658.7474,-582.1326,653.0370
-573.4540,657.4804,-581.2207,651.7506
-572.5634,656.2121,-580.3022,650.4688
-571.6513,654.9554,-579.3815,649.1863
-570.7480,653.6888,-578.4566,647.9037
-569.8252,652.4339,-577.5275,646.6211
-568.9087,651.1700,-576.5988,645.3359
-567.9750,649.9163,-575.6612,644.0548
-567.0442,648.6547,-574.7220,642.7737
-566.1090,647.3981,-573.7804,641.4878
-565.1571,646.1493,-572.8195,640.2155
-564.2108,644.8930,-571.8633,638.9377
-563.2482,643.6440,-570.8839,637.6766
-562.2911,642.3902,-569.9020,636.4135
-561.3304,641.1340,-568.9110,635.1562
-560.3522,639.8904,-567.9151,633.8993
-559.3811,638.6368,-566.9154,632.6436
-558.3940,637.3947,-565.9072,631.3909
-557.4148,636.1446,-564.8954,630.1378
-556.4170,634.9050,-563.8823,628.8846
-555.4264,633.6587,-562.8631,627.6325
-554.4296,632.4139,-561.8411,626.3806
-553.4089,631.1853,-560.8181,625.1278
-552.3990,629.9460,-559.7902,623.8761
-551.3669,628.7211,-558.7610,622.6240
-550.3417,627.4887,-557.7205,621.3781
-549.3744,626.3552,-556.7513,620.2209
-548.4115,625.2154,-555.7768,619.0670
-547.4488,624.0747,-554.7977,617.9136
-546.4682,622.9484,-553.8162,616.7590
-545.4977,621.8108,-552.8282,615.6087
-544.5059,620.6878,-551.8393,614.4582
-543.5229,619.5556,-550.8474,613.3079
-542.5240,618.4341,-549.8553,612.1566
-541.5361,617.3014,-548.8568,611.0087
-540.5280,616.1852,-547.8557,609.8600
-539.5257,615.0604,-546.8476,608.7166
-538.5113,613.9453,-545.8352,607.5742
-537.5015,612.8241,-544.8188,606.4333
-536.4922,611.6989,-543.8037,605.2905
-535.4716,610.5829,-542.7862,604.1472
-534.4584,609.4570,-541.7667,603.0046
-533.4283,608.3448,-540.7445,601.8622
-532.4029,607.2263,-539.7190,600.7210
-531.3668,606.1155,-538.6896,599.5817
-530.3338,604.9985,-537.6590,598.4425
-529.3015,603.8793,-536.6230,597.3057
-528.2584,602.7695,-535.5847,596.1681
-527.2206,601.6524,-534.5437,595.0321
-526.1719,600.5421,-533.4997,593.8978
-525.1287,599.4246,-532.4565,592.7608
-524.0765,598.3149,-531.4107,591.6241
-523.0280,597.1964,-530.3635,590.4886
-521.9715,596.0857,-529.3144,589.3521
-520.9193,594.9679,-528.2598,588.2192
-519.8579,593.8552,-527.2030,587.0873
-518.8025,592.7383,-526.1439,585.9541
-517.7400,591.6249,-525.0809,584.8234
-516.6826,590.5057,-524.0212,583.6878
-515.6179,589.3915,-522.9578,582.5536
-514.5585,588.2709,-521.8960,581.4161
-513.4902,587.1551,-520.8330,580.2797
-512.4266,586.0319,-519.7687,579.1437
-511.3555,584.9142,-518.7012,578.0085
-510.2899,583.7910,-517.6341,576.8706
-509.2164,582.6713,-516.5642,575.7348
-508.1478,581.5475,-515.4934,574.5966
-507.0748,580.4292,-514.4223,573.4551
-506.0067,579.3073,-513.3470,572.3139
-504.9395,578.1847,-512.2726,571.1688
-503.8665,577.0665,-511.1948,570.0250
-502.7981,575.9441,-510.1158,568.8792
-501.7233,574.8261,-509.0379,567.7309
-500.6509,573.7021,-507.9577,566.5842
-499.5771,572.5790,-506.8784,565.4343
-498.4991,571.4575,-505.7961,564.2858
-497.4247,570.3315,-504.7153,563.1335
-496.3458,569.2092,-503.6311,561.9822
-495.2712,568.0831,-502.5460,560.8281
-494.1983,566.9564,-501.4576,559.6735
-493.1176,565.8347,-500.3685,558.5201
-492.0437,564.7098,-499.2801,557.3690
-490.9640,563.5973,-498.1936,556.2184
-489.8873,562.4785,-497.1002,555.0717
-488.8105,561.3636,-496.0037,553.9228
-487.7263,560.2515,-494.9049,552.7763
-486.6462,559.1336,-493.8037,551.6305
-485.5565,558.0199,-492.7044,550.4836
-484.4712,556.9007,-491.6013,549.3369
-483.3783,555.7894,-490.4962,548.1880
-482.2867,554.6700,-489.3825,547.0485
-481.1924,553.5484,-488.2694,545.9077
-480.0856,552.4387,-487.1474,544.7716
-478.9854,551.3226,-486.0216,543.6330
-477.8715,550.2179,-484.8929,542.4942
-476.7585,549.1052,-483.7524,541.3693
-475.6422,547.9934,-482.6117,540.2417
-474.5097,546.8990,-481.4596,539.1199
-473.3867,545.7968,-480.3018,537.9950
-472.2439,544.7123,-479.1426,536.8693
-471.1054,543.6217,-477.9648,535.7593
-469.9627,542.5341,-476.7865,534.6448
-468.7998,541.4691,-475.5944,533.5395
-467.6425,540.3947,-474.3992,532.4339
-466.4671,539.3383,-473.2015,531.3285
-465.2946,538.2766,-471.9881,530.2361
-464.1171,537.2183,-470.7738,529.1404
-462.9204,536.1793,-469.5491,528.0553
-461.7274,535.1312,-468.3215,526.9716
-460.5186,534.0991,-467.0895,525.8906
-459.3125,533.0624,-465.8404,524.8240
-458.1015,532.0276,-464.5914,523.7550
-456.8728,531.0108,-463.3309,522.6991
-455.6477,529.9865,-462.0658,521.6450
-454.4175,528.9642,-460.7956,520.5963
-453.1688,527.9620,-459.5103,519.5657
-451.9235,526.9487,-458.2271,518.5358
-450.6615,525.9518,-456.9398,517.5138
-449.4007,524.9475,-455.6384,516.5133
-448.1356,523.9446,-454.3391,515.5097
-446.8524,522.9616,-453.0298,514.5207
-445.6725,522.0455,-451.8195,513.6079
-444.4785,521.1468,-450.6053,512.6972
-443.2891,520.2406,-449.3795,511.7980
-442.0975,519.3329,-448.1561,510.8969
-440.8870,518.4497,-446.9246,510.0043
-439.6842,517.5528,-445.6926,509.1117
-438.4652,516.6770,-444.4582,508.2180
-437.2531,515.7889,-443.2162,507.3337
-436.0250,514.9208,-441.9745,506.4467
-434.8027,514.0423,-440.7260,505.5663
-433.5652,513.1834,-439.4767,504.6854
-432.3318,512.3162,-438.2250,503.8062
-431.0963,511.4508,-436.9613,502.9392
-429.8394,510.6116,-435.7018,502.0706
-428.5917,509.7568,-434.4327,501.2136
-427.3253,508.9279,-433.1615,500.3553
-426.0655,508.0877,-431.8865,499.4990
-424.7899,507.2687,-430.5989,498.6594
-423.5181,506.4416,-429.3144,497.8136
-422.2340,505.6324,-428.0159,496.9834
-420.9520,504.8165,-426.7186,496.1526
-419.6678,504.0023,-425.4166,495.3261
-418.3692,503.2083,-424.1048,494.5114
-417.0755,502.4048,-422.7947,493.6931
-415.7699,501.6164,-421.4780,492.8852
-414.4680,500.8212,-420.1608,492.0753
-413.1638,500.0273,-418.8382,491.2727
-411.8486,499.2484,-417.5148,490.4703
-410.5375,498.4610,-416.1891,489.6695
-409.2176,497.6847,-414.8585,488.8764
-407.9017,496.9009,-413.5280,488.0800
-406.5777,496.1281,-412.1919,487.2907
-405.2570,495.3494,-410.8545,486.4995
-403.9347,494.5727,-409.5125,485.7119
-402.6053,493.8053,-408.1697,484.9243
-401.2776,493.0302,-406.8269,484.1396
-399.9445,492.2635,-405.4805,483.3567
-398.6149,491.4914,-404.1327,482.5710
-397.2791,490.7261,-402.7821,481.7899
-395.9449,489.9548,-401.4321,481.0084
-394.6051,489.1910,-400.0790,480.2298
-393.2686,488.4226,-398.7230,479.4501
-391.9305,487.6547,-397.3652,478.6718
-390.5876,486.8933,-396.0060,477.8941
-389.2463,486.1260,-394.6459,477.1175
-387.9012,485.3640,-393.2846,476.3396
-386.5576,484.5973,-391.9229,475.5612
-385.2096,483.8329,-390.5612,474.7849
-383.8615,483.0687,-389.1970,474.0078
-382.5162,482.2988,-387.8331,473.2271
-381.1668,481.5339,-386.4678,472.4472
-379.8187,480.7632,-385.1034,471.6653
-378.4668,479.9958,-383.7377,470.8851
-377.1173,479.2239,-382.3716,470.1014
-375.7642,478.4557,-381.0035,469.3188
-374.4125,477.6826,-379.6358,468.5348
-373.0577,476.9134,-378.2657,467.7516
-371.7052,476.1397,-376.8945,466.9659
-370.3492,475.3700,-375.5215,466.1815
-368.9942,474.5949,-374.1491,465.3953
-367.6348,473.8231,-372.7757,464.6112
-366.2776,473.0462,-371.4021,463.8242
-364.9173,472.2730,-370.0262,463.0386
-363.5586,471.4944,-368.6507,462.2504
-362.1967,470.7203,-367.2727,461.4633
-360.8362,469.9405,-365.8950,460.6741
-359.4720,469.1656,-364.5152,459.8863
-358.1088,468.3852,-363.1363,459.0961
-356.7423,467.6083,-361.7556,458.3072
-355.3768,466.8254,-360.3747,457.5190
-354.0073,466.0475,-358.9939,456.7284
-352.6391,465.2648,-357.6112,455.9391
-351.2679,464.4847,-356.2287,455.1480
-349.8982,463.6990,-354.8446,454.3587
-348.5248,462.9174,-353.4594,453.5699
-347.1524,462.1293,-352.0754,452.7799
-345.7749,461.3458,-350.6914,451.9924
-344.3982,460.5562,-349.3094,451.2032
-343.0168,459.7705,-347.9274,450.4166
-341.6343,458.9846,-346.5452,449.6295
-340.2533,458.1923,-345.1640,448.8405
-338.8683,457.4043,-343.7822,448.0536
-337.4850,456.6103,-342.4007,447.2650
-336.0982,455.8211,-341.0173,446.4781
-334.7139,455.0265,-339.6322,445.6905
-333.3253,454.2375,-338.2483,444.9001
-331.9377,453.4432,-336.8644,444.1120
-330.5464,452.6531,-335.4810,443.3224
-329.1570,451.8586,-334.0946,442.5349
-327.7647,451.0669,-332.7103,441.7441
-326.3746,450.2697,-331.3241,440.9551
-324.9801,449.4783,-329.9389,440.1645
-323.5873,448.6819,-328.5529,439.3733
-322.1913,447.8889,-327.1657,438.5855
-320.7973,447.0899,-325.7803,437.7940
-319.3993,446.2969,-324.3921,437.0053
-318.0027,445.4978,-323.0078,436.2133
-316.6007,444.7036,-321.6247,435.4262
-315.1998,443.9037,-320.2442,434.6397
-313.7953,443.1086,-318.8651,433.8501
-312.3925,442.3080,-317.4848,433.0639
-310.9850,441.5116,-316.1089,432.2762
-309.5807,440.7103,-314.7278,431.4898
-308.1743,439.9090,-313.3505,430.7014
-306.7665,439.1104,-311.9682,429.9147
-305.3595,438.3069,-310.5896,429.1254
-303.9497,437.5070,-309.2080,428.3387
-302.5421,436.7026,-307.8262,427.5476
-301.1309,435.9014,-306.4430,426.7606
-299.7220,435.0958,-305.0593,425.9681
-298.3101,434.2933,-303.6731,425.1788
-296.8993,433.4855,-302.2887,424.3896
-295.4868,432.6785,-300.9054,423.5976
-294.0716,431.8736,-299.5199,422.8082
-292.6582,431.0660,-298.1321,422.0142
-291.2433,430.2584,-296.7424,421.2235
-289.8295,429.4466,-295.3519,420.4316
-288.4141,428.6337,-293.9643,419.6376
-286.9974,427.8213,-292.5736,418.8461
-285.5814,427.0059,-291.1828,418.0505
-284.1627,426.1911,-289.7908,417.2587
-282.7451,425.3730,-288.3959,416.4664
-281.3233,424.5569,-287.0057,415.6710
-279.9019,423.7377,-285.6115,414.8784
-278.4774,422.9193,-284.2207,414.0815
-277.0560,422.0960,-282.8235,413.2867
-275.6340,421.2717,-281.4282,412.4848
-274.2122,420.4441,-280.0294,411.6867
-272.7899,419.6144,-278.6332,410.8819
-271.3666,418.7834,-277.2332,410.0801
-269.9435,417.9503,-275.8324,409.2755
-268.5201,417.1145,-274.4333,408.4662
-267.0954,416.2782,-273.0294,407.6607
-265.6695,415.4408,-271.6296,406.8466
-264.2426,414.6007,-270.2266,406.0359
-262.8193,413.7517,-268.8225,405.2249
-261.5122,412.9743,-267.5421,404.4695
-260.2087,412.1903,-266.2559,403.7187
-258.9034,411.4065,-264.9761,402.9562
-257.6010,410.6160,-263.6917,402.1977
-256.2981,409.8250,-262.4058,401.4375
-254.9955,409.0302,-261.1319,400.6595
-253.6971,408.2275,-259.8506,399.8885
-252.3975,407.4263,-258.5782,399.1014
-251.1010,406.6188,-257.2997,398.3204
-249.8036,405.8109,-256.0300,397.5243
-248.5038,405.0023,-254.7554,396.7339
-247.2092,404.1859,-253.4892,395.9291
-245.9109,403.3728,-252.2178,395.1285
-244.6189,402.5494,-250.9466,394.3254
-243.3227,401.7278,-249.6912,393.5003
-242.0336,400.8948,-248.4271,392.6847
-240.7439,400.0638,-247.1754,391.8489
-239.4588,399.2194,-245.9172,391.0224
-238.1752,398.3738,-244.6724,390.1752
-236.8909,397.5268,-243.4215,389.3342
-235.6287,396.6502,-242.1725,388.4886
-234.3628,395.7755,-240.9452,387.6149
-233.1113,394.8842,-239.7068,386.7515
-231.8605,393.9908,-238.4869,385.8637
-230.6110,393.0931,-237.2586,384.9852
-229.3723,392.1781,-236.0477,384.0845
-228.1311,391.2624,-234.8304,383.1908
-226.8942,390.3417,-233.6157,382.2921
-225.6671,389.4068,-232.4219,381.3667
-224.4383,388.4740,-231.2177,380.4520
-223.2151,387.5323,-230.0303,379.5162
-221.9897,386.5879,-228.8345,378.5898
-220.7664,385.6409,-227.6533,377.6444
-219.5529,384.6798,-226.4649,376.7066
-218.3357,383.7181,-225.2794,375.7646
-217.1188,382.7534,-224.1102,374.8030
-215.9209,381.7627,-222.9328,373.8501
-214.7205,380.7771,-221.7654,372.8835
-213.5327,379.7730,-220.5881,371.9272
-212.3444,378.7670,-219.4270,370.9515
-211.1564,377.7525,-218.2572,369.9855
-209.9819,376.7180,-217.0889,369.0173
-208.8059,375.6845,-215.9460,368.0200
-207.6334,374.6413,-214.7874,367.0386
-206.4811,373.5844,-213.6556,366.0260
-205.3280,372.5320,-212.5077,365.0281
-204.1842,371.4664,-211.3889,363.9989
-203.0372,370.3962,-210.2571,362.9830
-201.8912,369.3189,-209.1572,361.9341
-200.7562,368.2304,-208.0462,360.8950
-199.6212,367.1442,-206.9400,359.8499
-198.4917,366.0550,-205.8660,358.7713
-197.3762,364.9490,-204.7743,357.7096
-196.2575,363.8465,-203.7121,356.6182
-195.1521,362.7341,-202.6342,355.5408
-194.0452,361.6220,-201.5823,354.4379
-192.9428,360.5091,-200.5176,353.3459
-191.8571,359.3785,-199.4572,352.2492
-190.7684,358.2519,-198.4250,351.1254
-189.6924,357.1102,-197.3768,350.0161
-188.6134,355.9652,-196.3547,348.8827
-187.5378,354.8181,-195.3186,347.7615
-186.4843,353.6515,-194.2860,346.6362
-185.4279,352.4897,-193.2820,345.4846
-184.3863,351.3124,-192.2614,344.3474
-183.3439,350.1335,-191.2675,343.1865
-182.3071,348.9526,-190.2594,342.0373
-181.2873,347.7564,-189.2546,340.8845
-180.2653,346.5639,-188.2761,339.7084
-179.2574,345.3590,-187.2816,338.5455
-178.2483,344.1522,-186.3105,337.3627
-177.2415,342.9386,-185.3257,336.1916
-176.2438,341.7131,-184.3423,335.0193
-175.2466,340.4925,-183.3849,333.8245
-174.2609,339.2643,-182.4086,332.6447
-173.2773,338.0366,-181.4597,331.4420
-172.2954,336.8071,-180.4937,330.2529
-171.3255,335.5656,-179.5302,329.0615
-170.3573,334.3280,-178.5980,327.8444
-169.3937,333.0867,-177.6453,326.6427
-168.4473,331.8323,-176.7216,325.4181
-167.4956,330.5784,-175.7801,324.2072
-166.5572,329.3127,-174.8425,322.9929
-165.6181,328.0451,-173.9406,321.7516
-164.6816,326.7740,-173.0181,320.5258
-163.7705,325.4848,-172.1303,319.2737
-162.8562,324.1991,-171.2242,318.0350
-161.9593,322.9017,-170.3220,316.7931
-161.0626,321.6038,-169.4568,315.5241
-160.1730,320.3026,-168.5695,314.2710
-159.3015,318.9861,-167.7163,312.9935
-158.4276,317.6733,-166.8452,311.7288
-157.5679,316.3497,-166.0022,310.4443
-156.7089,315.0247,-165.1460,309.1695
-155.8545,313.6962,-164.2956,307.8906
-155.0130,312.3605,-163.4769,306.5898
-154.1716,311.0273,-162.6416,305.3005
-153.3342,309.6898,-161.8357,303.9916
-152.5054,308.3463,-161.0168,302.6917
-151.6728,307.0045,-160.2017,301.3897
-150.8513,305.6571,-159.4210,300.0649
-150.0283,304.3097,-158.6239,298.7514
-149.2123,302.9574,-157.8573,297.4188
-148.3967,301.6024,-157.0791,296.0946
-147.5838,300.2489,-156.3046,294.7676
-146.7934,298.8842,-155.5674,293.4173
-146.0029,297.5239,-154.8150,292.0760
-145.2182,296.1625,-154.0896,290.7178
-144.4606,294.7857,-153.3539,289.3662
-143.6984,293.4147,-152.6223,288.0117
-142.9589,292.0313,-151.9218,286.6385
-142.2202,290.6479,-151.2083,285.2733
-141.4902,289.2628,-150.5209,283.8921
-140.7873,287.8613,-149.8237,282.5173
-140.0813,286.4610,-149.1290,281.1415
-139.3842,285.0566,-148.4679,279.7465
-138.7168,283.6358,-147.7934,278.3595
-138.0433,282.2188,-147.1445,276.9585
-137.3919,280.7897,-146.4869,275.5628
-136.7411,279.3642,-145.8453,274.1570
-136.0956,277.9361,-145.1970,272.7554
-135.4676,276.4977,-144.5525,271.3526
-134.8351,275.0601,-143.9267,269.9408
-134.2162,273.6175,-143.2909,268.5343
-133.5977,272.1757,-142.6718,267.1187
-132.9819,270.7326,-142.0448,265.7081
-132.3739,269.2853,-141.4332,264.2900
-131.7645,267.8395,-140.8157,262.8756
-131.1612,266.3921,-140.2015,261.4593
-130.5583,264.9454,-139.6011,260.0357
-129.9565,263.4987,-138.9927,258.6172
-129.3556,262.0521,-138.4003,257.1903
-128.7547,260.6068,-137.8016,255.7667
-128.1529,259.1624,-137.2073,254.3413
-127.5520,257.7183,-136.6281,252.9082
-126.9503,256.2751,-136.0416,251.4795
-126.3495,254.8314,-135.4668,250.0456
-125.7488,253.3892,-134.8864,248.6139
-125.1497,251.9465,-134.3131,247.1790
-124.5507,250.5028,-133.7356,245.7488
-123.9527,249.0594,-133.1552,244.3199
-123.3563,247.6162,-132.5804,242.8878
-122.7611,246.1723,-131.9995,241.4598
-122.1677,244.7271,-131.4280,240.0288
-121.5739,243.2828,-130.8515,238.6007
-120.9816,241.8380,-130.2816,237.1699
-120.3903,240.3931,-129.7070,235.7420
-119.7995,238.9480,-129.1319,234.3157
-119.2107,237.5021,-128.5644,232.8864
-118.6233,236.0559,-127.9897,231.4618
-118.0363,234.6103,-127.4250,230.0315
-117.4521,233.1639,-126.8540,228.6055
-116.8648,231.7189,-126.2921,227.1782
-116.2813,230.2729,-125.7251,225.7541
-115.6953,228.8289,-125.1631,224.3290
-115.1147,227.3834,-124.5950,222.9073
-114.5288,225.9411,-124.0342,221.4854
-113.9490,224.4980,-123.4685,220.0659
-113.3648,223.0588,-122.9080,218.6487
-112.7874,221.6194,-122.3434,217.2371
-112.2056,220.1865,-121.7853,215.8264
-111.6316,218.7563,-121.2221,214.4206
-111.0537,217.3346,-120.6683,213.0197
-110.4844,215.9163,-120.1110,211.6268
-109.9108,214.5066,-119.5619,210.2383
-109.3470,213.0997,-119.0093,208.8573
-108.7869,211.6983,-118.4618,207.4796
-108.1684,210.1803,-117.8617,205.9866
-107.5602,208.6658,-117.2648,204.5005
-106.9472,207.1619,-116.6719,203.0183
-106.3458,205.6610,-116.0761,201.5440
-105.7465,204.1673,-115.4854,200.0719
-105.1419,202.6835,-114.8918,198.6088
-104.5491,201.2030,-114.3009,197.1488
-103.9492,199.7330,-113.7168,195.6916
-103.3617,198.2652,-113.1294,194.2422
-102.7766,196.8036,-112.5481,192.7942
-102.1844,195.3517,-111.9618,191.3508
-101.6022,193.9021,-111.3784,189.9131
-101.0132,192.4607,-110.8021,188.4811
-100.4337,191.0207,-110.2239,187.0604
-99.8558,189.5850,-109.6548,185.6443
-99.2721,188.1563,-109.0836,184.2393
-98.6986,186.7285,-108.5136,182.8412
-98.1180,185.3082,-107.9536,181.4472
-97.5495,183.8879,-107.3893,180.0618
-96.9723,182.4758,-106.8347,178.6753
-96.4071,181.0637,-106.2746,177.2949
-95.8327,179.6590,-105.7245,175.9176
-95.2680,178.2540,-105.1702,174.5500
-94.6957,176.8559,-104.6235,173.1805
-94.1321,175.4578,-104.0710,171.8153
-93.5152,173.9486,-103.4799,170.3343
-92.9060,172.4378,-102.8845,168.8623
-92.2960,170.9283,-102.2903,167.3931
-91.6810,169.4209,-101.7041,165.9246
-91.0711,167.9118,-101.1112,164.4589
-90.4563,166.4040,-100.5257,162.9915
-89.8461,164.8937,-99.9339,161.5275
-89.2342,163.3819,-99.3435,160.0657
-88.6195,161.8679,-98.7565,158.6052
-88.0070,160.3517,-98.1610,157.1426
-87.3942,158.8342,-97.5700,155.6733
-86.7807,157.3147,-96.9696,154.2020
-86.1682,155.7911,-96.3675,152.7299
-85.5512,154.2661,-95.7714,151.2506
-84.9345,152.7386,-95.1649,149.7679
-84.3617,151.3262,-94.6139,148.3937
-83.7991,149.9086,-94.0537,147.0165
-83.2330,148.4886,-93.4939,145.6362
-82.6718,147.0647,-92.9387,144.2502
-82.1091,145.6389,-92.3706,142.8627
-81.5467,144.2099,-91.8171,141.4680
-80.9791,142.7787,-91.2464,140.0750
-80.4215,141.3419,-90.7008,138.6717
-79.8592,139.9039,-90.1398,137.2684
-79.3125,138.4580,-89.5998,135.8573
-78.7643,137.0082,-89.0466,134.4476
-78.2201,135.5544,-88.5117,133.0295
-77.6843,134.0929,-87.9645,131.6136
-77.1436,132.6292,-87.4378,130.1890
-76.6162,131.1582,-86.9003,128.7643
-76.0883,129.6848,-86.3628,127.3357
-75.5642,128.2039,-85.8562,125.8985
-75.0594,126.7107,-85.3327,124.4645
-74.5496,125.2152,-84.8369,123.0203
-74.0536,123.7106,-84.3229,121.5776
-73.5581,122.2029,-83.8443,120.1233
-73.0674,120.6896,-83.3490,118.6687
-72.6081,119.1634,-82.8937,117.2040
-72.1465,117.6349,-82.4250,115.7374
-71.6912,116.0974,-81.9576,114.2681
-71.2828,114.5491,-81.5581,112.7825
-70.8656,112.9962,-81.1308,111.2989
-70.4817,111.4332,-80.7655,109.8017
-70.0986,109.8614,-80.3833,108.3052
-69.7250,108.2822,-80.0105,106.8038
-69.3970,106.6911,-79.7155,105.2883
-69.0710,105.0920,-79.3876,103.7752
-68.7617,103.4850,-79.1324,102.2499
-68.5025,101.8645,-78.8551,100.7252
-68.2452,100.2456,-78.5912,99.1950
-68.0066,98.6203,-78.4051,97.6547
-67.8198,96.9909,-78.1832,96.1147
-67.6330,95.3593,-78.0332,94.5663
-67.4643,93.7275,-77.8554,93.0175
-67.3455,92.0912,-77.6969,91.4650
-67.2259,90.4523,-77.6132,89.9060
-67.1223,88.8102,-77.4967,88.3473
-67.0612,87.1722,-77.4338,86.7835
-66.9936,85.5312,-77.3397,85.2193
-66.9355,83.8781,-77.3027,83.6528
-66.9204,82.2242,-77.2408,82.0852
-66.8990,80.5587,-77.1888,80.5164
-66.9037,78.8811,-77.2088,78.9463
-66.9133,77.2254,-77.1959,77.3727
-66.9342,75.5895,-77.2478,75.7969
-66.9970,73.9657,-77.2771,74.2181
-67.0618,72.3427,-77.3215,72.6381
-67.1380,70.7076,-77.4351,71.0599
-67.2619,69.0776,-77.5198,69.4796
-67.3845,67.4541,-77.6144,67.8979
-67.5217,65.8555,-77.8053,66.3170
-67.7095,64.2360,-77.9608,64.7363
-67.8960,62.6068,-78.1881,63.1597
-68.0991,60.9705,-78.3942,61.5832
-68.3525,59.3411,-78.6100,60.0065
-68.6037,57.7080,-78.9034,58.4361
-68.8705,56.0752,-79.1643,56.8643
-69.1891,54.4486,-79.4985,55.2984
-69.5037,52.8238,-79.8163,53.7320
-69.8314,51.1981,-80.1534,52.1691
-70.2141,49.5775,-80.5478,50.6132
-70.5901,47.9542,-80.9195,49.0580
-70.9920,46.3373,-81.3438,47.5094
-71.3926,44.7225,-81.7551,45.9608
-71.7915,43.1075,-82.2090,44.4199
-72.2136,41.4963,-82.6588,42.8809
-72.6323,39.8885,-83.1145,41.3430
-73.0659,38.2818,-83.6344,39.8179
-73.5172,36.6764,-84.1350,38.2943
-73.9709,35.0672,-84.6839,36.7860
-74.4160,33.4598,-85.2219,35.2784
-74.8635,31.8562,-85.7766,33.7752
-75.3101,30.2559,-86.3796,32.2818
-75.8285,28.6695,-86.9693,30.7899
-76.3498,27.0855,-87.5868,29.3070
-76.8953,25.5083,-88.1971,27.8261
-77.4325,23.9307,-88.8156,26.3509
-77.9719,22.3568,-89.4480,24.8796
-78.5146,20.7852,-90.0733,23.4093
-79.1567,19.2382,-90.7076,21.9443
-79.7967,17.6923,-91.3359,20.4833
-80.4584,16.1544,-91.9630,19.0238
-81.1212,14.6197,-92.5944,17.5688
-81.7722,13.0867,-93.2221,16.1077
-82.4196,11.5537,-93.8531,14.6517
-83.0692,10.0232,-94.4780,13.1982
-83.7154,8.4921,-95.1010,11.7497
-84.3651,6.9632,-95.7280,10.3060
-85.0091,5.4359,-96.3520,8.8566
-85.6573,3.9118,-96.9793,7.4072
-86.3044,2.3899,-97.6059,5.9470
-86.8920,0.9941,-98.1819,4.6066
-87.4851,-0.3985,-98.7550,3.2612
-88.0701,-1.7923,-99.3308,1.9170
-88.6618,-3.1824,-99.9069,0.5592
-89.2442,-4.5764,-100.4855,-0.7932
-89.8374,-5.9663,-101.0602,-2.1499
-90.4185,-7.3591,-101.6357,-3.4960
-91.0104,-8.7475,-102.2093,-4.8529
-91.5871,-10.1418,-102.7884,-6.2058
-92.1804,-11.5311,-103.3635,-7.5560
-92.7550,-12.9271,-103.9374,-8.9017
-93.3233,-14.3258,-104.5127,-10.2510
-93.9092,-15.7182,-105.0917,-11.6198
-94.4651,-17.1216,-105.6716,-12.9950
-95.0398,-18.5188,-106.2480,-14.3685
-95.5766,-19.9311,-106.8224,-15.7354
-96.1376,-21.3359,-107.3893,-17.0940
-96.6582,-22.7555,-107.9614,-18.4527
-97.2012,-24.1672,-108.5324,-19.8163
-97.7160,-25.5911,-109.1031,-21.1733
-98.2654,-27.0024,-109.6672,-22.5244
-98.7894,-28.4232,-110.2386,-23.8826
-99.3404,-29.8342,-110.8106,-25.2510
-99.8803,-31.2506,-111.3819,-26.6097
-100.4510,-32.6543,-111.9470,-27.9632
-101.0058,-34.0649,-112.5195,-29.3236
-101.5699,-35.4727,-113.0921,-30.6844
-102.1636,-36.8677,-113.6602,-32.0428
-102.7458,-38.2678,-114.2309,-33.3995
-103.3551,-39.6582,-114.8009,-34.7607
-103.9580,-41.0515,-115.3706,-36.1188
-104.5839,-42.4338,-115.9415,-37.4871
-105.1969,-43.8222,-116.5175,-38.8571
-105.8404,-45.1980,-117.0900,-40.2296
-106.4646,-46.5820,-117.6693,-41.6037
-107.1135,-47.9554,-118.2460,-42.9834
-107.7419,-49.3384,-118.8279,-44.3578
-108.3975,-50.7095,-119.4073,-45.7269
-109.0298,-52.0920,-119.9866,-47.1041
-109.6839,-53.4652,-120.5724,-48.4793
-110.3150,-54.8495,-121.1564,-49.8584
-110.9701,-56.2247,-121.7456,-51.2389
-111.6062,-57.6095,-122.3356,-52.6243
-112.2622,-58.9858,-122.9304,-54.0191
-112.8971,-60.3736,-123.5229,-55.4093
-113.5448,-61.7567,-124.1131,-56.7986
-114.1851,-63.1443,-124.7082,-58.1939
-114.8054,-64.5425,-125.3028,-59.5941
-115.4405,-65.9351,-125.9015,-60.9950
-116.0591,-67.3367,-126.4989,-62.3992
-116.6914,-68.7329,-127.0993,-63.8027
-117.3066,-70.1383,-127.7009,-65.2084
-117.9383,-71.5372,-128.3007,-66.6151
-118.5524,-72.9456,-128.9030,-68.0215
-119.1669,-74.3550,-129.5049,-69.4314
-119.7971,-75.7582,-130.1090,-70.8416
-120.4116,-77.1699,-130.7134,-72.2524
-121.0379,-78.5772,-131.3164,-73.6640
-121.6527,-79.9909,-131.9235,-75.0799
-122.2782,-81.4003,-132.5313,-76.4998
-122.8935,-82.8156,-133.1399,-77.9201
-123.5091,-84.2317,-133.7495,-79.3425
-124.1345,-85.6440,-134.3599,-80.7682
-124.7512,-87.0615,-134.9686,-82.1938
-125.3772,-88.4760,-135.5747,-83.6161
-125.9947,-89.8957,-136.1815,-85.0391
-126.6207,-91.3122,-136.7884,-86.4636
-127.2391,-92.7332,-137.3962,-87.8900
-127.8577,-94.1548,-138.0053,-89.3190
-128.4859,-95.5730,-138.6133,-90.7484
-129.1039,-96.9967,-139.2235,-92.1797
-129.7284,-98.4180,-139.8337,-93.6130
-130.3489,-99.8421,-140.4454,-95.0475
-130.9692,-101.2662,-141.0592,-96.4867
-131.5960,-102.6884,-141.6723,-97.9259
-132.2231,-104.1119,-142.2846,-99.3625
-132.8567,-105.5333,-142.8969,-100.8001
-133.4866,-106.9574,-143.5091,-102.2373
-134.1226,-108.3795,-144.1213,-103.6750
-134.7549,-109.8040,-144.7339,-105.1140
-135.3950,-111.2260,-145.3462,-106.5532
-136.0279,-112.6524,-145.9588,-107.9920
-136.6708,-114.0748,-146.5720,-109.4328
-137.3015,-115.5033,-147.1864,-110.8753
-137.9387,-116.9289,-147.8017,-112.3199
-138.5695,-118.3581,-148.4177,-113.7662
-139.2044,-119.7863,-149.0334,-115.2126
-139.8390,-121.2154,-149.6492,-116.6593
-140.4799,-122.6424,-150.2656,-118.1071
-141.1157,-124.0715,-150.8862,-119.5578
-141.7584,-125.4973,-151.5082,-121.0122
-142.3931,-126.9271,-152.1316,-122.4677
-143.0366,-128.3534,-152.7563,-123.9251
-143.6739,-129.7818,-153.3821,-125.3864
-144.3152,-131.2088,-154.0086,-126.8495
-144.9691,-132.6303,-154.6365,-128.3145
-145.6025,-134.0625,-155.2629,-129.7769
-146.2544,-135.4876,-155.8905,-131.2386
-146.8667,-136.9305,-156.5186,-132.7017
-147.4908,-138.3679,-157.1491,-134.1681
-148.0968,-139.8145,-157.7793,-135.6322
-148.7130,-141.2578,-158.4073,-137.0957
-149.3227,-142.7045,-159.0360,-138.5597
-149.9430,-144.1473,-159.6643,-140.0246
-150.5537,-145.5949,-160.2933,-141.4903
-151.1750,-147.0385,-160.9228,-142.9567
-151.7995,-148.4819,-161.5529,-144.4222
-152.4096,-149.9310,-162.1815,-145.8920
-153.0343,-151.3749,-162.8110,-147.3622
-153.6381,-152.8283,-163.4368,-148.8333
-154.2549,-154.2778,-164.0512,-150.3066
-154.8547,-155.7346,-164.6679,-151.7813
-155.4662,-157.1870,-165.2787,-153.2600
-156.0635,-158.6461,-165.8890,-154.7387
-156.6715,-160.1010,-166.4997,-156.2193
-157.2776,-161.5578,-167.0972,-157.7049
-157.8639,-163.0228,-167.6974,-159.1911
-158.4631,-164.4835,-168.2878,-160.6821
-159.0587,-165.9461,-168.8761,-162.1757
-159.6278,-167.4190,-169.4449,-163.6791
-160.2121,-168.8866,-170.0303,-165.1782
-160.7673,-170.3656,-170.6002,-166.6835
-161.3339,-171.8417,-171.2451,-168.1587
-161.8964,-173.3184,-171.8934,-169.6378
-162.4198,-174.8103,-172.5854,-171.1012
-162.9641,-176.2957,-173.1354,-172.6153
-163.4671,-177.7955,-173.6866,-174.1305
-163.9872,-179.2905,-174.1999,-175.6567
-164.5023,-180.7869,-174.7372,-177.1773
-164.9655,-182.3019,-175.2770,-178.6966
-165.4512,-183.8099,-175.8082,-180.2158
-165.8984,-185.3316,-176.3393,-181.7342
-166.3638,-186.8470,-176.8685,-183.2549
-166.7966,-188.3736,-177.3760,-184.7842
-167.2424,-189.8963,-177.8844,-186.3114
-167.6823,-191.4196,-178.3849,-187.8464
-168.0927,-192.9530,-178.8579,-189.3896
-168.5183,-194.4818,-179.3379,-190.9290
-168.9206,-196.0184,-179.7939,-192.4750
-169.3361,-197.5513,-180.2516,-194.0190
-169.7506,-199.0835,-180.6985,-195.5698
-170.1432,-200.6225,-181.1526,-197.1189
-170.5484,-202.1568,-181.6105,-198.6686
-170.9356,-203.6974,-182.0617,-200.2183
-171.3339,-205.2344,-182.5160,-201.7672
-171.7302,-206.7722,-182.9606,-203.3186
-172.1068,-208.3157,-183.4060,-204.8707
-172.4956,-209.8555,-183.8511,-206.4225
-172.8649,-211.4003,-184.2730,-207.9833
-173.2441,-212.9431,-184.6977,-209.5406
-173.6236,-214.4852,-185.1176,-211.1004
-173.9748,-216.0358,-185.5171,-212.6657
-174.3436,-217.5802,-185.9233,-214.2309
-174.6613,-219.1401,-186.3123,-215.7987
-174.9899,-220.6962,-186.7035,-217.3665
-175.3031,-222.2561,-187.0920,-218.9356
-175.6648,-223.8026,-187.4625,-220.5086
-176.0372,-225.3463,-187.8371,-222.0800
-176.4317,-226.8828,-188.2009,-223.6565
-176.7648,-228.4363,-188.5666,-225.2320
-177.1128,-229.9855,-188.9301,-226.8077
-177.4355,-231.5410,-189.2823,-228.3872
-177.7701,-233.0936,-189.6378,-229.9646
-178.1073,-234.6463,-189.9833,-231.5432
-178.4282,-236.2030,-190.3298,-233.1218
-178.7604,-237.7562,-190.6758,-234.7009
-179.0799,-239.3114,-191.0073,-236.2852
-179.4109,-240.8637,-191.3418,-237.8683
-179.7427,-242.4164,-191.6633,-239.4517
-180.0415,-243.9765,-191.9838,-241.0339
-180.3542,-245.5320,-192.3016,-242.6147
-180.6409,-247.0925,-192.5991,-244.1980
-180.9375,-248.6486,-192.8988,-245.7778
-181.2316,-250.2028,-193.1948,-247.3557
-181.4986,-251.7594,-193.4637,-248.9374
-181.7782,-253.3098,-193.7384,-250.5124
-182.0336,-254.8606,-193.9936,-252.0868
-182.2976,-256.4026,-194.2506,-253.6554
-182.5571,-257.9395,-194.4928,-255.2192
-182.7917,-259.4756,-194.7338,-256.7762
-183.0381,-261.0015,-194.9703,-258.3279
-183.2625,-262.5241,-195.1949,-259.8765
-183.4964,-264.0368,-195.4213,-261.4180
-183.7120,-265.5469,-195.6380,-262.9544
-183.9352,-267.0504,-195.8539,-264.4827
-184.1549,-268.5475,-196.0679,-266.0045
-184.3573,-270.0403,-196.2751,-267.5220
-184.5687,-271.5251,-196.4825,-269.0325
-184.7656,-273.0071,-196.6866,-270.5358
-184.9879,-274.6145,-196.9088,-272.1686
-185.2118,-276.2157,-197.1286,-273.7921
-185.4187,-277.8142,-197.3469,-275.4072
-185.6363,-279.4061,-197.5658,-277.0125
-185.8390,-280.9963,-197.7786,-278.6098
-186.0525,-282.5773,-197.9918,-280.1991
-186.2498,-284.1544,-198.1964,-281.7825
-186.4568,-285.7228,-198.3994,-283.3588
-186.6509,-287.2856,-198.6010,-284.9287
-186.8541,-288.8394,-198.8001,-286.4915
-187.0446,-290.3876,-199.0021,-288.0471
-187.2441,-291.9276,-199.2018,-289.5966
-187.4336,-293.4657,-199.3996,-291.1389
-187.6314,-294.9927,-199.5954,-292.6756
-187.8176,-296.5102,-199.7848,-294.2074
-188.0120,-298.0187,-199.9717,-295.7327
-188.1948,-299.5244,-200.1574,-297.2500
-188.3862,-301.0232,-200.3399,-298.7600
-188.5673,-302.5202,-200.5239,-300.2619
-188.7566,-304.0080,-200.7043,-301.7585
-188.9500,-305.6100,-200.9020,-303.3734
-189.1510,-307.1993,-201.0953,-304.9826
-189.3418,-308.7823,-201.2902,-306.5833
-189.5412,-310.3549,-201.4796,-308.1776
-189.7281,-311.9177,-201.6728,-309.7645
-189.9241,-313.4725,-201.8596,-311.3442
-190.1098,-315.0239,-202.0504,-312.9147
-190.3042,-316.5650,-202.2342,-314.4791
-190.4882,-318.1012,-202.4236,-316.0343
-190.6816,-319.6311,-202.6054,-317.5828
-190.8646,-321.1561,-202.7948,-319.1222
-191.0561,-322.6737,-202.9773,-320.6549
-191.2380,-324.1867,-203.1613,-322.1798
-191.4263,-325.6890,-203.3505,-323.6970
-191.6123,-327.1864,-203.5321,-325.2078
-191.7913,-328.6770,-203.7213,-326.7104
-191.9761,-330.1559,-203.9019,-328.2081
-192.1657,-331.7389,-204.0955,-329.8136
-192.3612,-333.3105,-204.2959,-331.4101
-192.5549,-334.8737,-204.4872,-333.0002
-192.7395,-336.4282,-204.6876,-334.5808
-192.9310,-337.9763,-204.8767,-336.1548
-193.1134,-339.5167,-205.0658,-337.7211
-193.3028,-341.0524,-205.2620,-339.2778
-193.4897,-342.5827,-205.4476,-340.8277
-193.6709,-344.1078,-205.6426,-342.3678
-193.8583,-345.6251,-205.8257,-343.9015
-194.0363,-347.1353,-206.0203,-345.4258
-194.2219,-348.6394,-206.2014,-346.9439
-194.3972,-350.1415,-206.3835,-348.4535
-194.5811,-351.6351,-206.5713,-349.9545
-194.7535,-353.1212,-206.7465,-351.4498
-194.9466,-354.7014,-206.9455,-353.0425
-195.1288,-356.2792,-207.1297,-354.6279
-195.3191,-357.8455,-207.3270,-356.2025
-195.4985,-359.4022,-207.5079,-357.7689
-195.6852,-360.9461,-207.7033,-359.3208
-195.8619,-362.4749,-207.8821,-360.8608
-196.0456,-363.9891,-208.0739,-362.3840
-196.2187,-365.4844,-208.2502,-363.8938
-196.3985,-366.9643,-208.4386,-365.3836
-196.5785,-368.5193,-208.6223,-366.9518
-196.7635,-370.0458,-208.8029,-368.4923
-196.9456,-371.5441,-208.9940,-369.9998
-197.1260,-373.1017,-209.1782,-371.5680
-197.3092,-374.6198,-209.3717,-373.0955
-197.4915,-376.1813,-209.5542,-374.6711
-197.6760,-377.6943,-209.7319,-376.1988
-197.8645,-379.2437,-209.9315,-377.7596
-198.0432,-380.7407,-210.1102,-379.2711
-198.2333,-382.2747,-210.3087,-380.8120
-198.4139,-383.7709,-210.4870,-382.3206
-198.6002,-385.2527,-210.6656,-383.8159
-198.7960,-386.7937,-210.8643,-385.3646
-198.9789,-388.3049,-211.0468,-386.8821
-199.1657,-389.7896,-211.2383,-388.3716
-199.3513,-391.3222,-211.4226,-389.9116
-199.5423,-392.8325,-211.6053,-391.4325
-199.7348,-394.3372,-211.8011,-392.9455
-199.9241,-395.8755,-211.9878,-394.4896
-200.1096,-397.3822,-212.1841,-395.9978
-200.3094,-398.9271,-212.3721,-397.5433
-200.4971,-400.4466,-212.5567,-399.0639
-200.6921,-401.9504,-212.7516,-400.5638
-200.8782,-403.4549,-212.9337,-402.0655
-201.0740,-404.9599,-213.1292,-403.5696
-201.2573,-406.4495,-213.3098,-405.0600
-201.4544,-407.9779,-213.4977,-406.5983
-201.6417,-409.5019,-213.6946,-408.1193
-201.8355,-411.0036,-213.8777,-409.6274
-202.0176,-412.4887,-214.0716,-411.1201
-202.2123,-414.0048,-214.2582,-412.6606
-202.3916,-415.4570,-214.4448,-414.1929
-202.5641,-416.8382,-214.6407,-415.7176
-202.7423,-418.1647,-214.8238,-417.2363
-202.9174,-419.5233,-215.0223,-418.8004
-203.1020,-420.8565,-215.2065,-420.3556
-203.2781,-422.1381,-215.3993,-421.9078
-203.4726,-423.3883,-215.5861,-423.5252
-203.6783,-424.5748,-215.7755,-425.1552
-203.8821,-425.7388,-215.9509,-426.7965
-204.0987,-426.9124,-216.1123,-428.4475
-204.3283,-428.1687,-216.2814,-430.1639
-204.5886,-429.4225,-216.4423,-431.9129
-204.7874,-430.7012,-216.5592,-433.6734
-205.0634,-432.0694,-216.6608,-435.5254
-205.1130,-433.3842,-216.7096,-437.4179
-205.1552,-434.7225,-216.7718,-439.3725
-205.0506,-436.0171,-216.6444,-441.3272
-204.8933,-437.3694,-216.4609,-443.3779
-204.6618,-438.6931,-216.0705,-445.4290
-204.3761,-440.0209,-215.4803,-447.4291
-203.9886,-441.3520,-214.5988,-449.4195
-203.4739,-442.6331,-213.5556,-451.3220
-202.7850,-443.8752,-212.5078,-453.2682
-201.9343,-444.9761,-211.3996,-455.2042
-200.9231,-445.9569,-210.1837,-457.1933
-199.8092,-446.7775,-208.7240,-458.9929
-198.5562,-447.4258,-206.8182,-460.2695
-197.2315,-447.8684,-204.7883,-461.3173
-195.8838,-448.2387,-202.6190,-462.1269
-194.5074,-448.4037,-200.3503,-462.5859
-193.1221,-448.4701,-198.0512,-462.8656
-191.8051,-448.5525,-195.8095,-463.0073
-190.4869,-448.5446,-193.5561,-463.0124
-189.1863,-448.5755,-191.3191,-462.8385
-187.9112,-448.4314,-189.1481,-462.5396
-186.6265,-448.3075,-187.0584,-462.1885
-185.3348,-448.1215,-185.1207,-461.8111
-183.9765,-447.9763,-183.3074,-461.4064
-182.5792,-447.8380,-181.6414,-461.0477
-181.0504,-447.6863,-180.1614,-460.6665
-179.4375,-447.5332,-178.8501,-460.4334
-177.6832,-447.3805,-177.6911,-460.1678
-175.8683,-447.2453,-176.5820,-459.9617
-173.9760,-447.1336,-175.4718,-459.7099
-172.0839,-447.0471,-174.2914,-459.4557
-170.1577,-446.9939,-173.0984,-459.3440
-168.1383,-446.9840,-171.8413,-459.2429
-166.0665,-447.0683,-170.5636,-459.1996
-163.9002,-447.1180,-169.2666,-459.2434
-161.6068,-447.2173,-167.9814,-459.3743
-159.4630,-447.8216,-166.6531,-459.6253
-157.5977,-448.9735,-165.3542,-459.9898
-155.7107,-450.2341,-164.0782,-460.5003
-153.8786,-451.6214,-162.9078,-461.1531
-152.0696,-453.0996,-161.8085,-461.9468
-150.3572,-454.7635,-160.7983,-462.8661
-148.8959,-456.5951,-159.9131,-463.9299
-147.6253,-458.5443,-159.2070,-465.1317
-146.5273,-460.6151,-158.5839,-466.3832
-145.6239,-462.7437,-158.1463,-467.7293
-145.0463,-464.9738,-157.8480,-469.1251
-144.6981,-467.1988,-157.6802,-470.5080
-144.5647,-469.4003,-157.6299,-471.9185
-144.6162,-471.6268,-157.7048,-473.3324
-144.8693,-473.6982,-157.9028,-474.7287
-145.2916,-475.6961,-158.2352,-476.1366
-145.8814,-477.7098,-158.6960,-477.5155
-146.4770,-479.6143,-159.2647,-478.8377
-147.1140,-481.4736,-160.0315,-480.1337
-147.8735,-483.2094,-160.9611,-481.3653
-148.6168,-484.8647,-161.8890,-482.5443
-149.4440,-486.4658,-162.8907,-483.7313
-150.3223,-488.0068,-163.9129,-484.8610
-151.1936,-489.4871,-164.9385,-485.9599
-152.0587,-490.9736,-165.9746,-487.0762
-152.9124,-492.4204,-167.0048,-488.1573
-153.7536,-493.8340,-167.9671,-489.2159
-154.6125,-495.2571,-168.9495,-490.3048
-155.4561,-496.6473,-169.9039,-491.3724
-156.3166,-498.0601,-170.8059,-492.4859
-157.1685,-499.4466,-171.6771,-493.5574
-157.9982,-500.8006,-172.5123,-494.6238
-158.8515,-502.1782,-173.3227,-495.7276
-159.6808,-503.5232,-174.1205,-496.8289
-160.5331,-504.8886,-174.9275,-497.9795
-161.3597,-506.2250,-175.6926,-499.1037
-162.2095,-507.5833,-176.4716,-500.2535
-163.0369,-508.9023,-177.2211,-501.3867
-163.8722,-510.2493,-177.9774,-502.5428
-164.6885,-511.5470,-178.7187,-503.6933
-165.5113,-512.8716,-179.4674,-504.8635
-166.3564,-514.2106,-180.2349,-506.0751
-167.1617,-515.5077,-180.9758,-507.2448
-167.9894,-516.8179,-181.7307,-508.4348
-168.8200,-518.1538,-182.4899,-509.6390
-169.6711,-519.4996,-183.2742,-510.8829
-170.4790,-520.7967,-184.0254,-512.0828
-171.3066,-522.1023,-184.7973,-513.3102
-172.1333,-523.4286,-185.5851,-514.5713
-172.9774,-524.7613,-186.4019,-515.8677
-173.7857,-526.0383,-187.1639,-517.0871
-174.5952,-527.3338,-187.9392,-518.3202
-175.4197,-528.6359,-188.7305,-519.5862
-176.2450,-529.9560,-189.5351,-520.8734
-177.0850,-531.2860,-190.3526,-522.1717
-177.9333,-532.6301,-191.1757,-523.4859
-178.7348,-533.9108,-191.9606,-524.7333
-179.5500,-535.1994,-192.7497,-525.9958
-180.3667,-536.5038,-193.5505,-527.2691
-181.1959,-537.8156,-194.3576,-528.5608
-182.0269,-539.1429,-195.1784,-529.8648
-182.8688,-540.4770,-196.0074,-531.1890
-183.7124,-541.8251,-196.8483,-532.5317
-184.5675,-543.1807,-197.7012,-533.8862
-185.3675,-544.4676,-198.5044,-535.1690
-186.1788,-545.7613,-199.3157,-536.4579
-186.9861,-547.0713,-200.1318,-537.7611
-187.8377,-548.3649,-200.9558,-539.0714
-188.6945,-549.6665,-201.7848,-540.3969
-189.5666,-550.9693,-202.6260,-541.7393
-190.4473,-552.2787,-203.4765,-543.0917
-191.3248,-553.6046,-204.3294,-544.4553
-192.2212,-554.9300,-205.1930,-545.8273
-193.0616,-556.1720,-206.0088,-547.1291
-193.9295,-557.4066,-206.8277,-548.4374
-194.8055,-558.6472,-207.6543,-549.7484
-195.6970,-559.8847,-208.4863,-551.0742
-196.5721,-561.1436,-209.3250,-552.4036
-197.4553,-562.4064,-210.1642,-553.7401
-198.3335,-563.6830,-211.0067,-555.0809
-199.2174,-564.9555,-211.8511,-556.4189
-200.1094,-566.2209,-212.6876,-557.7514
-200.9786,-567.5055,-213.5264,-559.0803
-201.8711,-568.7843,-214.3583,-560.4060
-202.7080,-570.1077,-215.1949,-561.7313
-203.5576,-571.4308,-216.0288,-563.0604
-204.3899,-572.7724,-216.8695,-564.3918
-205.2256,-574.1187,-217.7113,-565.7311
-206.0706,-575.4669,-218.5576,-567.0720
-206.9224,-576.8204,-219.4015,-568.4148
-207.7773,-578.1790,-220.2523,-569.7629
-208.6327,-579.5437,-221.1061,-571.1203
-209.4944,-580.9130,-221.9619,-572.4805
-210.2958,-582.1909,-222.7608,-573.7469
-211.1020,-583.4717,-223.5606,-575.0200
-211.9117,-584.7568,-224.3647,-576.2968
-212.7225,-586.0459,-225.1761,-577.5809
-213.5372,-587.3369,-225.9901,-578.8736
-214.3526,-588.6341,-226.8090,-580.1696
-215.1724,-589.9341,-227.6296,-581.4730
-215.9938,-591.2384,-228.4565,-582.7799
-216.8173,-592.5481,-229.2833,-584.0919
-217.6208,-593.8227,-230.0931,-585.3780
-218.4151,-595.0855,-230.8933,-586.6434
-219.2070,-596.3409,-231.6936,-587.9129
-219.9987,-597.5968,-232.4916,-589.1770
-220.7882,-598.8536,-233.2859,-590.4405
-221.5795,-600.1101,-234.0859,-591.7121
-222.3709,-601.3701,-234.8866,-592.9805
-223.1644,-602.6300,-235.6850,-594.2510
-223.9566,-603.8906,-236.4866,-595.5197
-224.7499,-605.1493,-237.2826,-596.7840
-225.5399,-606.4065,-238.0832,-598.0534
-226.3313,-607.6626,-238.8766,-599.3166
-227.1203,-608.9155,-239.6680,-600.5723
-227.9051,-610.1675,-240.4592,-601.8324
-228.6914,-611.4185,-241.2473,-603.0848
-229.4756,-612.6705,-242.0296,-604.3337
-230.2626,-613.9245,-242.8157,-605.5841
-231.0542,-615.1879,-243.6055,-606.8457
-231.8567,-616.4660,-244.4036,-608.1152
-232.6710,-617.7653,-245.2087,-609.4011
-233.5030,-619.0894,-246.0322,-610.7146
-234.3524,-620.4457,-246.8774,-612.0593
-235.2220,-621.8313,-247.7383,-613.4343
-236.1054,-623.2413,-248.6142,-614.8280
